Id,date,OT
0,01/07/2016 00:00,30.53100014
1,01/07/2016 01:00,27.78700066
2,01/07/2016 02:00,27.78700066
3,01/07/2016 03:00,25.04400063
4,01/07/2016 04:00,21.94799995
5,01/07/2016 05:00,21.17399979
6,01/07/2016 06:00,22.79199982
7,01/07/2016 07:00,23.1439991
8,01/07/2016 08:00,21.66699982
9,01/07/2016 09:00,17.44599915
10,01/07/2016 10:00,19.97900009
11,01/07/2016 11:00,20.11899948
12,01/07/2016 12:00,19.20499992
13,01/07/2016 13:00,18.5720005
14,01/07/2016 14:00,19.55599976
15,01/07/2016 15:00,17.30500031
16,01/07/2016 16:00,19.48600006
17,01/07/2016 17:00,19.13400078
18,01/07/2016 18:00,20.68199921
19,01/07/2016 19:00,18.71199989
20,01/07/2016 20:00,17.86800003
21,01/07/2016 21:00,18.00900078
22,01/07/2016 22:00,18.00900078
23,01/07/2016 23:00,19.76799965
24,02/07/2016 00:00,21.10400009
25,02/07/2016 01:00,19.6970005
26,02/07/2016 02:00,20.04899979
27,02/07/2016 03:00,20.75200081
28,02/07/2016 04:00,21.38500023
29,02/07/2016 05:00,22.22999954
30,02/07/2016 06:00,20.26000023
31,02/07/2016 07:00,21.10400009
32,02/07/2016 08:00,20.61199951
33,02/07/2016 09:00,18.36100006
34,02/07/2016 10:00,20.96299934
35,02/07/2016 11:00,19.41600037
36,02/07/2016 12:00,20.82299995
37,02/07/2016 13:00,20.19000053
38,02/07/2016 14:00,21.31500053
39,02/07/2016 15:00,22.0189991
40,02/07/2016 16:00,20.68199921
41,02/07/2016 17:00,25.4659996
42,02/07/2016 18:00,25.88800049
43,02/07/2016 19:00,27.85700035
44,02/07/2016 20:00,27.29500008
45,02/07/2016 21:00,22.22999954
46,02/07/2016 22:00,21.94799995
47,02/07/2016 23:00,27.29500008
48,03/07/2016 00:00,29.33499908
49,03/07/2016 01:00,26.02799988
50,03/07/2016 02:00,24.34000015
51,03/07/2016 03:00,26.45000076
52,03/07/2016 04:00,25.95800018
53,03/07/2016 05:00,24.05900002
54,03/07/2016 06:00,25.32500076
55,03/07/2016 07:00,23.63699913
56,03/07/2016 08:00,26.37999916
57,03/07/2016 09:00,27.36499977
58,03/07/2016 10:00,28.06800079
59,03/07/2016 11:00,29.47500038
60,03/07/2016 12:00,26.80200005
61,03/07/2016 13:00,29.96800041
62,03/07/2016 14:00,30.38999939
63,03/07/2016 15:00,31.16399956
64,03/07/2016 16:00,29.75699997
65,03/07/2016 17:00,32.28900146
66,03/07/2016 18:00,31.93799973
67,03/07/2016 19:00,28.56100082
68,03/07/2016 20:00,21.52599907
69,03/07/2016 21:00,22.22999954
70,03/07/2016 22:00,19.41600037
71,03/07/2016 23:00,18.5720005
72,04/07/2016 00:00,21.66699982
73,04/07/2016 01:00,25.5359993
74,04/07/2016 02:00,27.85700035
75,04/07/2016 03:00,27.9279995
76,04/07/2016 04:00,24.62100029
77,04/07/2016 05:00,23.84799957
78,04/07/2016 06:00,23.0739994
79,04/07/2016 07:00,22.51099968
80,04/07/2016 08:00,21.66699982
81,04/07/2016 09:00,25.39500046
82,04/07/2016 10:00,25.18400002
83,04/07/2016 11:00,29.54599953
84,04/07/2016 12:00,29.47500038
85,04/07/2016 13:00,29.26399994
86,04/07/2016 14:00,30.95299911
87,04/07/2016 15:00,31.72599983
88,04/07/2016 16:00,33.13299942
89,04/07/2016 17:00,28.9829998
90,04/07/2016 18:00,28.9829998
91,04/07/2016 19:00,31.72599983
92,04/07/2016 20:00,25.18400002
93,04/07/2016 21:00,30.53100014
94,04/07/2016 22:00,27.64599991
95,04/07/2016 23:00,25.4659996
96,05/07/2016 00:00,25.95800018
97,05/07/2016 01:00,25.95800018
98,05/07/2016 02:00,26.02799988
99,05/07/2016 03:00,28.91300011
100,05/07/2016 04:00,30.45999908
101,05/07/2016 05:00,31.375
102,05/07/2016 06:00,32.7820015
103,05/07/2016 07:00,31.72599983
104,05/07/2016 08:00,30.31999969
105,05/07/2016 09:00,30.45999908
106,05/07/2016 10:00,32.92200089
107,05/07/2016 11:00,31.09300041
108,05/07/2016 12:00,25.67700005
109,05/07/2016 13:00,27.15399933
110,05/07/2016 14:00,28.77199936
111,05/07/2016 15:00,30.60099983
112,05/07/2016 16:00,32.00799942
113,05/07/2016 17:00,33.13299942
114,05/07/2016 18:00,31.51499939
115,05/07/2016 19:00,31.02300072
116,05/07/2016 20:00,31.44499969
117,05/07/2016 21:00,31.72599983
118,05/07/2016 22:00,30.95299911
119,05/07/2016 23:00,30.45999908
120,06/07/2016 00:00,28.91300011
121,06/07/2016 01:00,30.38999939
122,06/07/2016 02:00,31.51499939
123,06/07/2016 03:00,31.23399925
124,06/07/2016 04:00,30.53100014
125,06/07/2016 05:00,30.10899925
126,06/07/2016 06:00,30.31999969
127,06/07/2016 07:00,29.61599922
128,06/07/2016 08:00,30.53100014
129,06/07/2016 09:00,32.99300003
130,06/07/2016 10:00,30.24900055
131,06/07/2016 11:00,30.24900055
132,06/07/2016 12:00,30.67099953
133,06/07/2016 13:00,31.58600044
134,06/07/2016 14:00,31.93799973
135,06/07/2016 15:00,28.9829998
136,06/07/2016 16:00,27.71699905
137,06/07/2016 17:00,30.67099953
138,06/07/2016 18:00,24.34000015
139,06/07/2016 19:00,29.68600082
140,06/07/2016 20:00,30.24900055
141,06/07/2016 21:00,29.96800041
142,06/07/2016 22:00,29.54599953
143,06/07/2016 23:00,28.49099922
144,07/07/2016 00:00,28.56100082
145,07/07/2016 01:00,28.77199936
146,07/07/2016 02:00,27.71699905
147,07/07/2016 03:00,28.13899994
148,07/07/2016 04:00,27.36499977
149,07/07/2016 05:00,26.73200035
150,07/07/2016 06:00,26.37999916
151,07/07/2016 07:00,25.39500046
152,07/07/2016 08:00,27.9279995
153,07/07/2016 09:00,28.9829998
154,07/07/2016 10:00,29.75699997
155,07/07/2016 11:00,30.60099983
156,07/07/2016 12:00,32.64099884
157,07/07/2016 13:00,35.38499832
158,07/07/2016 14:00,37.2840004
159,07/07/2016 15:00,38.47999954
160,07/07/2016 16:00,36.79100037
161,07/07/2016 17:00,34.11800003
162,07/07/2016 18:00,33.8370018
163,07/07/2016 19:00,33.27399826
164,07/07/2016 20:00,32.92200089
165,07/07/2016 21:00,33.62599945
166,07/07/2016 22:00,32.64099884
167,07/07/2016 23:00,31.58600044
168,08/07/2016 00:00,31.09300041
169,08/07/2016 01:00,30.74200058
170,08/07/2016 02:00,29.33499908
171,08/07/2016 03:00,28.77199936
172,08/07/2016 04:00,29.12400055
173,08/07/2016 05:00,29.26399994
174,08/07/2016 06:00,29.40500069
175,08/07/2016 07:00,28.91300011
176,08/07/2016 08:00,29.89699936
177,08/07/2016 09:00,30.53100014
178,08/07/2016 10:00,30.67099953
179,08/07/2016 11:00,30.67099953
180,08/07/2016 12:00,31.09300041
181,08/07/2016 13:00,30.88199997
182,08/07/2016 14:00,32.71099854
183,08/07/2016 15:00,34.75099945
184,08/07/2016 16:00,34.40000153
185,08/07/2016 17:00,34.32899857
186,08/07/2016 18:00,33.62599945
187,08/07/2016 19:00,33.55599976
188,08/07/2016 20:00,32.7820015
189,08/07/2016 21:00,32.14899826
190,08/07/2016 22:00,31.23399925
191,08/07/2016 23:00,30.53100014
192,09/07/2016 00:00,30.95299911
193,09/07/2016 01:00,30.31999969
194,09/07/2016 02:00,29.40500069
195,09/07/2016 03:00,28.70199966
196,09/07/2016 04:00,28.77199936
197,09/07/2016 05:00,28.91300011
198,09/07/2016 06:00,28.27899933
199,09/07/2016 07:00,28.63100052
200,09/07/2016 08:00,28.77199936
201,09/07/2016 09:00,29.96800041
202,09/07/2016 10:00,29.75699997
203,09/07/2016 11:00,30.31999969
204,09/07/2016 12:00,31.44499969
205,09/07/2016 13:00,30.74200058
206,09/07/2016 14:00,31.65600014
207,09/07/2016 15:00,32.28900146
208,09/07/2016 16:00,32.85200119
209,09/07/2016 17:00,32.07799911
210,09/07/2016 18:00,31.86700058
211,09/07/2016 19:00,31.375
212,09/07/2016 20:00,30.88199997
213,09/07/2016 21:00,30.88199997
214,09/07/2016 22:00,29.96800041
215,09/07/2016 23:00,29.96800041
216,10/07/2016 00:00,29.47500038
217,10/07/2016 01:00,29.33499908
218,10/07/2016 02:00,29.82699966
219,10/07/2016 03:00,29.12400055
220,10/07/2016 04:00,28.56100082
221,10/07/2016 05:00,28.63100052
222,10/07/2016 06:00,27.78700066
223,10/07/2016 07:00,27.50600052
224,10/07/2016 08:00,28.06800079
225,10/07/2016 09:00,29.61599922
226,10/07/2016 10:00,29.47500038
227,10/07/2016 11:00,29.0529995
228,10/07/2016 12:00,29.47500038
229,10/07/2016 13:00,29.12400055
230,10/07/2016 14:00,29.68600082
231,10/07/2016 15:00,31.02300072
232,10/07/2016 16:00,31.16399956
233,10/07/2016 17:00,30.67099953
234,10/07/2016 18:00,29.96800041
235,10/07/2016 19:00,30.17900085
236,10/07/2016 20:00,29.47500038
237,10/07/2016 21:00,29.40500069
238,10/07/2016 22:00,28.20899963
239,10/07/2016 23:00,29.12400055
240,11/07/2016 00:00,28.56100082
241,11/07/2016 01:00,29.19400024
242,11/07/2016 02:00,28.56100082
243,11/07/2016 03:00,29.26399994
244,11/07/2016 04:00,29.0529995
245,11/07/2016 05:00,28.91300011
246,11/07/2016 06:00,29.82699966
247,11/07/2016 07:00,29.82699966
248,11/07/2016 08:00,29.19400024
249,11/07/2016 09:00,30.88199997
250,11/07/2016 10:00,31.23399925
251,11/07/2016 11:00,32.21900177
252,11/07/2016 12:00,32.99300003
253,11/07/2016 13:00,33.9070015
254,11/07/2016 14:00,34.75099945
255,11/07/2016 15:00,34.75099945
256,11/07/2016 16:00,34.8219986
257,11/07/2016 17:00,34.89199829
258,11/07/2016 18:00,33.34400177
259,11/07/2016 19:00,31.65600014
260,11/07/2016 20:00,33.48500061
261,11/07/2016 21:00,32.64099884
262,11/07/2016 22:00,32.5
263,11/07/2016 23:00,33.06299973
264,12/07/2016 00:00,33.48500061
265,12/07/2016 01:00,33.69599915
266,12/07/2016 02:00,33.55599976
267,12/07/2016 03:00,33.34400177
268,12/07/2016 04:00,32.99300003
269,12/07/2016 05:00,33.34400177
270,12/07/2016 06:00,33.9070015
271,12/07/2016 07:00,33.20399857
272,12/07/2016 08:00,34.18899918
273,12/07/2016 09:00,35.9469986
274,12/07/2016 10:00,36.36899948
275,12/07/2016 11:00,36.08800125
276,12/07/2016 12:00,36.08800125
277,12/07/2016 13:00,36.22900009
278,12/07/2016 14:00,38.4090004
279,12/07/2016 15:00,39.60499954
280,12/07/2016 16:00,40.09799957
281,12/07/2016 17:00,40.52000046
282,12/07/2016 18:00,37.84700012
283,12/07/2016 19:00,37.35400009
284,12/07/2016 20:00,36.01800156
285,12/07/2016 21:00,36.15800095
286,12/07/2016 22:00,36.01800156
287,12/07/2016 23:00,36.22900009
288,13/07/2016 00:00,36.50999832
289,13/07/2016 01:00,36.72100067
290,13/07/2016 02:00,36.58000183
291,13/07/2016 03:00,37.70600128
292,13/07/2016 04:00,37.70600128
293,13/07/2016 05:00,37.63600159
294,13/07/2016 06:00,37.00299835
295,13/07/2016 07:00,38.54999924
296,13/07/2016 08:00,38.05799866
297,13/07/2016 09:00,37.00299835
298,13/07/2016 10:00,37.00299835
299,13/07/2016 11:00,29.82699966
300,13/07/2016 12:00,32.85200119
301,13/07/2016 13:00,36.15800095
302,13/07/2016 14:00,35.80699921
303,13/07/2016 15:00,37.77600098
304,13/07/2016 16:00,39.53499985
305,13/07/2016 17:00,38.26900101
306,13/07/2016 18:00,34.75099945
307,13/07/2016 19:00,33.76699829
308,13/07/2016 20:00,32.85200119
309,13/07/2016 21:00,33.13299942
310,13/07/2016 22:00,34.32899857
311,13/07/2016 23:00,35.38499832
312,14/07/2016 00:00,34.54000092
313,14/07/2016 01:00,32.71099854
314,14/07/2016 02:00,33.9070015
315,14/07/2016 03:00,34.68099976
316,14/07/2016 04:00,35.66600037
317,14/07/2016 05:00,34.47000122
318,14/07/2016 06:00,35.31399918
319,14/07/2016 07:00,33.8370018
320,14/07/2016 08:00,35.8769989
321,14/07/2016 09:00,35.52500153
322,14/07/2016 10:00,36.58000183
323,14/07/2016 11:00,37.35400009
324,14/07/2016 12:00,34.61100006
325,14/07/2016 13:00,33.8370018
326,14/07/2016 14:00,33.20399857
327,14/07/2016 15:00,34.68099976
328,14/07/2016 16:00,36.72100067
329,14/07/2016 17:00,34.75099945
330,14/07/2016 18:00,24.90299988
331,14/07/2016 19:00,32.85200119
332,14/07/2016 20:00,33.13299942
333,14/07/2016 21:00,29.96800041
334,14/07/2016 22:00,30.38999939
335,14/07/2016 23:00,31.375
336,15/07/2016 00:00,31.30400085
337,15/07/2016 01:00,32.64099884
338,15/07/2016 02:00,33.34400177
339,15/07/2016 03:00,33.34400177
340,15/07/2016 04:00,34.61100006
341,15/07/2016 05:00,33.9070015
342,15/07/2016 06:00,34.54000092
343,15/07/2016 07:00,35.38499832
344,15/07/2016 08:00,34.32899857
345,15/07/2016 09:00,31.58600044
346,15/07/2016 10:00,31.375
347,15/07/2016 11:00,30.74200058
348,15/07/2016 12:00,31.58600044
349,15/07/2016 13:00,31.375
350,15/07/2016 14:00,31.02300072
351,15/07/2016 15:00,25.81699944
352,15/07/2016 16:00,24.90299988
353,15/07/2016 17:00,18.00900078
354,15/07/2016 18:00,22.44099998
355,15/07/2016 19:00,16.88299942
356,15/07/2016 20:00,22.0890007
357,15/07/2016 21:00,24.1989994
358,15/07/2016 22:00,25.74699974
359,15/07/2016 23:00,26.52099991
360,16/07/2016 00:00,26.94300079
361,16/07/2016 01:00,27.36499977
362,16/07/2016 02:00,28.35000038
363,16/07/2016 03:00,28.06800079
364,16/07/2016 04:00,28.35000038
365,16/07/2016 05:00,27.9279995
366,16/07/2016 06:00,27.71699905
367,16/07/2016 07:00,29.89699936
368,16/07/2016 08:00,30.17900085
369,16/07/2016 09:00,31.44499969
370,16/07/2016 10:00,33.20399857
371,16/07/2016 11:00,33.41500092
372,16/07/2016 12:00,32.71099854
373,16/07/2016 13:00,32.85200119
374,16/07/2016 14:00,33.20399857
375,16/07/2016 15:00,34.04800034
376,16/07/2016 16:00,35.52500153
377,16/07/2016 17:00,34.47000122
378,16/07/2016 18:00,35.59600067
379,16/07/2016 19:00,33.62599945
380,16/07/2016 20:00,32.14899826
381,16/07/2016 21:00,32.00799942
382,16/07/2016 22:00,31.72599983
383,16/07/2016 23:00,30.88199997
384,17/07/2016 00:00,31.30400085
385,17/07/2016 01:00,31.23399925
386,17/07/2016 02:00,31.72599983
387,17/07/2016 03:00,31.23399925
388,17/07/2016 04:00,31.86700058
389,17/07/2016 05:00,32.21900177
390,17/07/2016 06:00,31.72599983
391,17/07/2016 07:00,32.28900146
392,17/07/2016 08:00,34.25899887
393,17/07/2016 09:00,33.97800064
394,17/07/2016 10:00,34.47000122
395,17/07/2016 11:00,35.24399948
396,17/07/2016 12:00,36.29899979
397,17/07/2016 13:00,36.72100067
398,17/07/2016 14:00,38.3390007
399,17/07/2016 15:00,40.02700043
400,17/07/2016 16:00,37.98699951
401,17/07/2016 17:00,39.11299896
402,17/07/2016 18:00,37.00299835
403,17/07/2016 19:00,35.24399948
404,17/07/2016 20:00,34.18899918
405,17/07/2016 21:00,33.8370018
406,17/07/2016 22:00,33.48500061
407,17/07/2016 23:00,33.48500061
408,18/07/2016 00:00,34.61100006
409,18/07/2016 01:00,33.9070015
410,18/07/2016 02:00,33.55599976
411,18/07/2016 03:00,34.89199829
412,18/07/2016 04:00,34.9620018
413,18/07/2016 05:00,34.8219986
414,18/07/2016 06:00,34.68099976
415,18/07/2016 07:00,36.58000183
416,18/07/2016 08:00,34.40000153
417,18/07/2016 09:00,36.08800125
418,18/07/2016 10:00,36.22900009
419,18/07/2016 11:00,36.29899979
420,18/07/2016 12:00,35.9469986
421,18/07/2016 13:00,37.35400009
422,18/07/2016 14:00,38.54999924
423,18/07/2016 15:00,38.05799866
424,18/07/2016 16:00,35.52500153
425,18/07/2016 17:00,35.66600037
426,18/07/2016 18:00,33.13299942
427,18/07/2016 19:00,33.62599945
428,18/07/2016 20:00,35.24399948
429,18/07/2016 21:00,33.55599976
430,18/07/2016 22:00,33.9070015
431,18/07/2016 23:00,33.69599915
432,19/07/2016 00:00,33.76699829
433,19/07/2016 01:00,33.62599945
434,19/07/2016 02:00,33.48500061
435,19/07/2016 03:00,33.13299942
436,19/07/2016 04:00,32.92200089
437,19/07/2016 05:00,31.65600014
438,19/07/2016 06:00,32.85200119
439,19/07/2016 07:00,32.21900177
440,19/07/2016 08:00,31.72599983
441,19/07/2016 09:00,32.64099884
442,19/07/2016 10:00,32.14899826
443,19/07/2016 11:00,27.50600052
444,19/07/2016 12:00,29.26399994
445,19/07/2016 13:00,31.44499969
446,19/07/2016 14:00,31.51499939
447,19/07/2016 15:00,32.07799911
448,19/07/2016 16:00,32.07799911
449,19/07/2016 17:00,33.8370018
450,19/07/2016 18:00,34.04800034
451,19/07/2016 19:00,33.69599915
452,19/07/2016 20:00,33.48500061
453,19/07/2016 21:00,32.71099854
454,19/07/2016 22:00,32.64099884
455,19/07/2016 23:00,32.43000031
456,20/07/2016 00:00,32.00799942
457,20/07/2016 01:00,31.65600014
458,20/07/2016 02:00,31.375
459,20/07/2016 03:00,31.58600044
460,20/07/2016 04:00,32.43000031
461,20/07/2016 05:00,31.79700089
462,20/07/2016 06:00,33.20399857
463,20/07/2016 07:00,34.68099976
464,20/07/2016 08:00,34.40000153
465,20/07/2016 09:00,36.93199921
466,20/07/2016 10:00,33.48500061
467,20/07/2016 11:00,33.62599945
468,20/07/2016 12:00,33.20399857
469,20/07/2016 13:00,33.27399826
470,20/07/2016 14:00,35.52500153
471,20/07/2016 15:00,35.03300095
472,20/07/2016 16:00,35.66600037
473,20/07/2016 17:00,33.69599915
474,20/07/2016 18:00,34.40000153
475,20/07/2016 19:00,36.79100037
476,20/07/2016 20:00,35.9469986
477,20/07/2016 21:00,35.38499832
478,20/07/2016 22:00,34.32899857
479,20/07/2016 23:00,35.73600006
480,21/07/2016 00:00,34.89199829
481,21/07/2016 01:00,35.31399918
482,21/07/2016 02:00,35.31399918
483,21/07/2016 03:00,35.8769989
484,21/07/2016 04:00,35.52500153
485,21/07/2016 05:00,34.47000122
486,21/07/2016 06:00,34.25899887
487,21/07/2016 07:00,37.2140007
488,21/07/2016 08:00,40.94200134
489,21/07/2016 09:00,38.76100159
490,21/07/2016 10:00,35.24399948
491,21/07/2016 11:00,33.06299973
492,21/07/2016 12:00,32.28900146
493,21/07/2016 13:00,33.20399857
494,21/07/2016 14:00,33.55599976
495,21/07/2016 15:00,35.31399918
496,21/07/2016 16:00,36.72100067
497,21/07/2016 17:00,36.86199951
498,21/07/2016 18:00,34.9620018
499,21/07/2016 19:00,37.35400009
500,21/07/2016 20:00,36.58000183
501,21/07/2016 21:00,35.03300095
502,21/07/2016 22:00,36.72100067
503,21/07/2016 23:00,36.86199951
504,22/07/2016 00:00,36.65100098
505,22/07/2016 01:00,36.15800095
506,22/07/2016 02:00,36.01800156
507,22/07/2016 03:00,35.66600037
508,22/07/2016 04:00,35.52500153
509,22/07/2016 05:00,36.86199951
510,22/07/2016 06:00,35.03300095
511,22/07/2016 07:00,38.62099838
512,22/07/2016 08:00,38.19800186
513,22/07/2016 09:00,37.2140007
514,22/07/2016 10:00,37.35400009
515,22/07/2016 11:00,37.63600159
516,22/07/2016 12:00,37.00299835
517,22/07/2016 13:00,37.49499893
518,22/07/2016 14:00,39.18299866
519,22/07/2016 15:00,39.67599869
520,22/07/2016 16:00,39.04299927
521,22/07/2016 17:00,40.16799927
522,22/07/2016 18:00,37.2140007
523,22/07/2016 19:00,39.04299927
524,22/07/2016 20:00,38.69100189
525,22/07/2016 21:00,37.2840004
526,22/07/2016 22:00,36.86199951
527,22/07/2016 23:00,37.63600159
528,23/07/2016 00:00,36.65100098
529,23/07/2016 01:00,37.84700012
530,23/07/2016 02:00,37.91699982
531,23/07/2016 03:00,36.79100037
532,23/07/2016 04:00,35.17399979
533,23/07/2016 05:00,35.17399979
534,23/07/2016 06:00,36.72100067
535,23/07/2016 07:00,38.90200043
536,23/07/2016 08:00,41.22299957
537,23/07/2016 09:00,40.73099899
538,23/07/2016 10:00,39.95700073
539,23/07/2016 11:00,37.2840004
540,23/07/2016 12:00,36.58000183
541,23/07/2016 13:00,38.83200073
542,23/07/2016 14:00,40.02700043
543,23/07/2016 15:00,41.01200104
544,23/07/2016 16:00,41.22299957
545,23/07/2016 17:00,40.37900162
546,23/07/2016 18:00,38.83200073
547,23/07/2016 19:00,39.11299896
548,23/07/2016 20:00,38.83200073
549,23/07/2016 21:00,38.4090004
550,23/07/2016 22:00,38.26900101
551,23/07/2016 23:00,38.19800186
552,24/07/2016 00:00,38.26900101
553,24/07/2016 01:00,38.4090004
554,24/07/2016 02:00,37.63600159
555,24/07/2016 03:00,37.84700012
556,24/07/2016 04:00,37.63600159
557,24/07/2016 05:00,37.70600128
558,24/07/2016 06:00,38.3390007
559,24/07/2016 07:00,40.73099899
560,24/07/2016 08:00,42.41899872
561,24/07/2016 09:00,42.63000107
562,24/07/2016 10:00,40.52000046
563,24/07/2016 11:00,39.95700073
564,24/07/2016 12:00,38.12799835
565,24/07/2016 13:00,39.95700073
566,24/07/2016 14:00,41.57500076
567,24/07/2016 15:00,44.1780014
568,24/07/2016 16:00,44.45899963
569,24/07/2016 17:00,45.44400024
570,24/07/2016 18:00,45.09199905
571,24/07/2016 19:00,41.99700165
572,24/07/2016 20:00,40.52000046
573,24/07/2016 21:00,40.37900162
574,24/07/2016 22:00,39.74599838
575,24/07/2016 23:00,40.09799957
576,25/07/2016 00:00,39.95700073
577,25/07/2016 01:00,40.73099899
578,25/07/2016 02:00,40.37900162
579,25/07/2016 03:00,39.74599838
580,25/07/2016 04:00,38.76100159
581,25/07/2016 05:00,39.11299896
582,25/07/2016 06:00,39.60499954
583,25/07/2016 07:00,41.15299988
584,25/07/2016 08:00,43.26300049
585,25/07/2016 09:00,42.8409996
586,25/07/2016 10:00,42.13800049
587,25/07/2016 11:00,39.88700104
588,25/07/2016 12:00,40.87200165
589,25/07/2016 13:00,41.64500046
590,25/07/2016 14:00,41.64500046
591,25/07/2016 15:00,43.89699936
592,25/07/2016 16:00,43.61500168
593,25/07/2016 17:00,45.65499878
594,25/07/2016 18:00,43.68500137
595,25/07/2016 19:00,41.36399841
596,25/07/2016 20:00,40.59000015
597,25/07/2016 21:00,40.6609993
598,25/07/2016 22:00,39.25400162
599,25/07/2016 23:00,40.30899811
600,26/07/2016 00:00,39.53499985
601,26/07/2016 01:00,39.04299927
602,26/07/2016 02:00,39.25400162
603,26/07/2016 03:00,38.4090004
604,26/07/2016 04:00,39.11299896
605,26/07/2016 05:00,37.2840004
606,26/07/2016 06:00,38.26900101
607,26/07/2016 07:00,40.52000046
608,26/07/2016 08:00,40.94200134
609,26/07/2016 09:00,39.11299896
610,26/07/2016 10:00,39.95700073
611,26/07/2016 11:00,38.90200043
612,26/07/2016 12:00,39.32400131
613,26/07/2016 13:00,40.02700043
614,26/07/2016 14:00,40.73099899
615,26/07/2016 15:00,42.49000168
616,26/07/2016 16:00,44.74100113
617,26/07/2016 17:00,45.02199936
618,26/07/2016 18:00,42.8409996
619,26/07/2016 19:00,41.7859993
620,26/07/2016 20:00,41.29399872
621,26/07/2016 21:00,41.22299957
622,26/07/2016 22:00,40.87200165
623,26/07/2016 23:00,40.52000046
624,27/07/2016 00:00,39.67599869
625,27/07/2016 01:00,38.4090004
626,27/07/2016 02:00,38.62099838
627,27/07/2016 03:00,37.91699982
628,27/07/2016 04:00,40.30899811
629,27/07/2016 05:00,39.81600189
630,27/07/2016 06:00,37.70600128
631,27/07/2016 07:00,40.09799957
632,27/07/2016 08:00,42.20800018
633,27/07/2016 09:00,40.02700043
634,27/07/2016 10:00,39.46500015
635,27/07/2016 11:00,38.69100189
636,27/07/2016 12:00,38.19800186
637,27/07/2016 13:00,38.76100159
638,27/07/2016 14:00,39.25400162
639,27/07/2016 15:00,41.36399841
640,27/07/2016 16:00,42.98199844
641,27/07/2016 17:00,44.66999817
642,27/07/2016 18:00,41.57500076
643,27/07/2016 19:00,39.81600189
644,27/07/2016 20:00,40.02700043
645,27/07/2016 21:00,39.74599838
646,27/07/2016 22:00,40.37900162
647,27/07/2016 23:00,39.60499954
648,28/07/2016 00:00,39.32400131
649,28/07/2016 01:00,40.30899811
650,28/07/2016 02:00,40.73099899
651,28/07/2016 03:00,41.7159996
652,28/07/2016 04:00,39.39400101
653,28/07/2016 05:00,38.62099838
654,28/07/2016 06:00,39.11299896
655,28/07/2016 07:00,41.43399811
656,28/07/2016 08:00,41.92699814
657,28/07/2016 09:00,38.19800186
658,28/07/2016 10:00,38.05799866
659,28/07/2016 11:00,38.3390007
660,28/07/2016 12:00,38.76100159
661,28/07/2016 13:00,40.37900162
662,28/07/2016 14:00,39.95700073
663,28/07/2016 15:00,43.1230011
664,28/07/2016 16:00,44.59999847
665,28/07/2016 17:00,44.95199966
666,28/07/2016 18:00,43.33399963
667,28/07/2016 19:00,41.92699814
668,28/07/2016 20:00,40.73099899
669,28/07/2016 21:00,39.95700073
670,28/07/2016 22:00,39.32400131
671,28/07/2016 23:00,38.83200073
672,29/07/2016 00:00,39.67599869
673,29/07/2016 01:00,38.4090004
674,29/07/2016 02:00,40.59000015
675,29/07/2016 03:00,38.62099838
676,29/07/2016 04:00,38.12799835
677,29/07/2016 05:00,38.4090004
678,29/07/2016 06:00,38.76100159
679,29/07/2016 07:00,41.15299988
680,29/07/2016 08:00,42.77099991
681,29/07/2016 09:00,41.08300018
682,29/07/2016 10:00,41.64500046
683,29/07/2016 11:00,41.08300018
684,29/07/2016 12:00,40.02700043
685,29/07/2016 13:00,40.87200165
686,29/07/2016 14:00,43.68500137
687,29/07/2016 15:00,46.00699997
688,29/07/2016 16:00,44.59999847
689,29/07/2016 17:00,44.10800171
690,29/07/2016 18:00,40.16799927
691,29/07/2016 19:00,37.84700012
692,29/07/2016 20:00,39.74599838
693,29/07/2016 21:00,39.32400131
694,29/07/2016 22:00,39.88700104
695,29/07/2016 23:00,40.45000076
696,30/07/2016 00:00,40.87200165
697,30/07/2016 01:00,41.01200104
698,30/07/2016 02:00,40.52000046
699,30/07/2016 03:00,40.59000015
700,30/07/2016 04:00,39.18299866
701,30/07/2016 05:00,39.60499954
702,30/07/2016 06:00,39.18299866
703,30/07/2016 07:00,41.36399841
704,30/07/2016 08:00,44.31900024
705,30/07/2016 09:00,44.38899994
706,30/07/2016 10:00,43.82600021
707,30/07/2016 11:00,45.23300171
708,30/07/2016 12:00,44.03699875
709,30/07/2016 13:00,43.68500137
710,30/07/2016 14:00,44.52999878
711,30/07/2016 15:00,44.88100052
712,30/07/2016 16:00,44.38899994
713,30/07/2016 17:00,43.1230011
714,30/07/2016 18:00,40.80099869
715,30/07/2016 19:00,37.91699982
716,30/07/2016 20:00,35.59600067
717,30/07/2016 21:00,39.32400131
718,30/07/2016 22:00,38.19800186
719,30/07/2016 23:00,37.91699982
720,31/07/2016 00:00,38.26900101
721,31/07/2016 01:00,38.26900101
722,31/07/2016 02:00,38.26900101
723,31/07/2016 03:00,38.26900101
724,31/07/2016 04:00,38.26900101
725,31/07/2016 05:00,38.26900101
726,31/07/2016 06:00,38.26900101
727,31/07/2016 07:00,38.26900101
728,31/07/2016 08:00,38.26900101
729,31/07/2016 09:00,38.26900101
730,31/07/2016 10:00,38.26900101
731,31/07/2016 11:00,38.26900101
732,31/07/2016 12:00,38.26900101
733,31/07/2016 13:00,38.26900101
734,31/07/2016 14:00,38.26900101
735,31/07/2016 15:00,38.26900101
736,31/07/2016 16:00,38.26900101
737,31/07/2016 17:00,38.26900101
738,31/07/2016 18:00,38.26900101
739,31/07/2016 19:00,38.26900101
740,31/07/2016 20:00,38.26900101
741,31/07/2016 21:00,38.26900101
742,31/07/2016 22:00,38.26900101
743,31/07/2016 23:00,38.26900101
744,01/08/2016 00:00,36.22900009
745,01/08/2016 01:00,35.80699921
746,01/08/2016 02:00,35.80699921
747,01/08/2016 03:00,35.66600037
748,01/08/2016 04:00,34.18899918
749,01/08/2016 05:00,33.8370018
750,01/08/2016 06:00,33.8370018
751,01/08/2016 07:00,34.75099945
752,01/08/2016 08:00,35.45500183
753,01/08/2016 09:00,34.61100006
754,01/08/2016 10:00,34.75099945
755,01/08/2016 11:00,35.17399979
756,01/08/2016 12:00,34.8219986
757,01/08/2016 13:00,36.29899979
758,01/08/2016 14:00,36.93199921
759,01/08/2016 15:00,38.12799835
760,01/08/2016 16:00,40.02700043
761,01/08/2016 17:00,39.11299896
762,01/08/2016 18:00,38.4090004
763,01/08/2016 19:00,37.56499863
764,01/08/2016 20:00,37.14300156
765,01/08/2016 21:00,35.31399918
766,01/08/2016 22:00,35.52500153
767,01/08/2016 23:00,36.15800095
768,02/08/2016 00:00,35.66600037
769,02/08/2016 01:00,35.45500183
770,02/08/2016 02:00,35.9469986
771,02/08/2016 03:00,36.08800125
772,02/08/2016 04:00,35.59600067
773,02/08/2016 05:00,34.9620018
774,02/08/2016 06:00,34.18899918
775,02/08/2016 07:00,34.89199829
776,02/08/2016 08:00,36.08800125
777,02/08/2016 09:00,36.50999832
778,02/08/2016 10:00,37.2140007
779,02/08/2016 11:00,38.97200012
780,02/08/2016 12:00,38.90200043
781,02/08/2016 13:00,39.53499985
782,02/08/2016 14:00,38.97200012
783,02/08/2016 15:00,36.65100098
784,02/08/2016 16:00,36.43999863
785,02/08/2016 17:00,32.71099854
786,02/08/2016 18:00,33.55599976
787,02/08/2016 19:00,34.8219986
788,02/08/2016 20:00,35.38499832
789,02/08/2016 21:00,32.71099854
790,02/08/2016 22:00,34.75099945
791,02/08/2016 23:00,33.34400177
792,03/08/2016 00:00,31.09300041
793,03/08/2016 01:00,31.30400085
794,03/08/2016 02:00,33.55599976
795,03/08/2016 03:00,32.36000061
796,03/08/2016 04:00,31.02300072
797,03/08/2016 05:00,32.5
798,03/08/2016 06:00,32.64099884
799,03/08/2016 07:00,31.79700089
800,03/08/2016 08:00,30.38999939
801,03/08/2016 09:00,30.45999908
802,03/08/2016 10:00,28.49099922
803,03/08/2016 11:00,28.9829998
804,03/08/2016 12:00,30.88199997
805,03/08/2016 13:00,32.5
806,03/08/2016 14:00,31.93799973
807,03/08/2016 15:00,31.93799973
808,03/08/2016 16:00,32.57099915
809,03/08/2016 17:00,34.32899857
810,03/08/2016 18:00,33.06299973
811,03/08/2016 19:00,33.13299942
812,03/08/2016 20:00,32.36000061
813,03/08/2016 21:00,30.53100014
814,03/08/2016 22:00,31.44499969
815,03/08/2016 23:00,31.44499969
816,04/08/2016 00:00,31.86700058
817,04/08/2016 01:00,32.28900146
818,04/08/2016 02:00,32.07799911
819,04/08/2016 03:00,32.36000061
820,04/08/2016 04:00,32.07799911
821,04/08/2016 05:00,30.95299911
822,04/08/2016 06:00,31.93799973
823,04/08/2016 07:00,32.14899826
824,04/08/2016 08:00,32.07799911
825,04/08/2016 09:00,34.18899918
826,04/08/2016 10:00,35.73600006
827,04/08/2016 11:00,35.03300095
828,04/08/2016 12:00,33.8370018
829,04/08/2016 13:00,30.67099953
830,04/08/2016 14:00,31.23399925
831,04/08/2016 15:00,32.57099915
832,04/08/2016 16:00,34.75099945
833,04/08/2016 17:00,35.59600067
834,04/08/2016 18:00,36.29899979
835,04/08/2016 19:00,35.59600067
836,04/08/2016 20:00,33.06299973
837,04/08/2016 21:00,32.64099884
838,04/08/2016 22:00,33.27399826
839,04/08/2016 23:00,32.43000031
840,05/08/2016 00:00,32.85200119
841,05/08/2016 01:00,33.69599915
842,05/08/2016 02:00,33.13299942
843,05/08/2016 03:00,33.76699829
844,05/08/2016 04:00,34.18899918
845,05/08/2016 05:00,33.48500061
846,05/08/2016 06:00,33.69599915
847,05/08/2016 07:00,35.8769989
848,05/08/2016 08:00,35.66600037
849,05/08/2016 09:00,34.11800003
850,05/08/2016 10:00,34.04800034
851,05/08/2016 11:00,35.24399948
852,05/08/2016 12:00,35.59600067
853,05/08/2016 13:00,34.11800003
854,05/08/2016 14:00,33.55599976
855,05/08/2016 15:00,35.38499832
856,05/08/2016 16:00,35.80699921
857,05/08/2016 17:00,34.54000092
858,05/08/2016 18:00,34.18899918
859,05/08/2016 19:00,34.32899857
860,05/08/2016 20:00,33.20399857
861,05/08/2016 21:00,33.27399826
862,05/08/2016 22:00,32.64099884
863,05/08/2016 23:00,33.20399857
864,06/08/2016 00:00,32.85200119
865,06/08/2016 01:00,32.99300003
866,06/08/2016 02:00,32.36000061
867,06/08/2016 03:00,33.8370018
868,06/08/2016 04:00,33.9070015
869,06/08/2016 05:00,33.62599945
870,06/08/2016 06:00,33.48500061
871,06/08/2016 07:00,34.18899918
872,06/08/2016 08:00,37.77600098
873,06/08/2016 09:00,38.3390007
874,06/08/2016 10:00,38.62099838
875,06/08/2016 11:00,39.32400131
876,06/08/2016 12:00,37.63600159
877,06/08/2016 13:00,39.53499985
878,06/08/2016 14:00,40.23799896
879,06/08/2016 15:00,38.54999924
880,06/08/2016 16:00,38.90200043
881,06/08/2016 17:00,38.47999954
882,06/08/2016 18:00,37.63600159
883,06/08/2016 19:00,36.86199951
884,06/08/2016 20:00,35.03300095
885,06/08/2016 21:00,34.61100006
886,06/08/2016 22:00,34.18899918
887,06/08/2016 23:00,33.8370018
888,07/08/2016 00:00,33.69599915
889,07/08/2016 01:00,34.47000122
890,07/08/2016 02:00,34.18899918
891,07/08/2016 03:00,34.47000122
892,07/08/2016 04:00,33.13299942
893,07/08/2016 05:00,33.41500092
894,07/08/2016 06:00,32.99300003
895,07/08/2016 07:00,33.13299942
896,07/08/2016 08:00,34.04800034
897,07/08/2016 09:00,35.24399948
898,07/08/2016 10:00,34.04800034
899,07/08/2016 11:00,34.25899887
900,07/08/2016 12:00,35.31399918
901,07/08/2016 13:00,34.8219986
902,07/08/2016 14:00,35.8769989
903,07/08/2016 15:00,36.50999832
904,07/08/2016 16:00,36.86199951
905,07/08/2016 17:00,37.2140007
906,07/08/2016 18:00,36.36899948
907,07/08/2016 19:00,36.72100067
908,07/08/2016 20:00,34.18899918
909,07/08/2016 21:00,34.89199829
910,07/08/2016 22:00,34.18899918
911,07/08/2016 23:00,34.11800003
912,08/08/2016 00:00,33.55599976
913,08/08/2016 01:00,33.69599915
914,08/08/2016 02:00,33.48500061
915,08/08/2016 03:00,33.27399826
916,08/08/2016 04:00,33.13299942
917,08/08/2016 05:00,32.64099884
918,08/08/2016 06:00,31.93799973
919,08/08/2016 07:00,33.41500092
920,08/08/2016 08:00,33.20399857
921,08/08/2016 09:00,32.99300003
922,08/08/2016 10:00,34.04800034
923,08/08/2016 11:00,34.54000092
924,08/08/2016 12:00,33.76699829
925,08/08/2016 13:00,33.97800064
926,08/08/2016 14:00,35.31399918
927,08/08/2016 15:00,35.80699921
928,08/08/2016 16:00,38.19800186
929,08/08/2016 17:00,36.43999863
930,08/08/2016 18:00,36.86199951
931,08/08/2016 19:00,36.50999832
932,08/08/2016 20:00,35.59600067
933,08/08/2016 21:00,35.10300064
934,08/08/2016 22:00,34.89199829
935,08/08/2016 23:00,34.25899887
936,09/08/2016 00:00,33.13299942
937,09/08/2016 01:00,33.8370018
938,09/08/2016 02:00,33.55599976
939,09/08/2016 03:00,33.41500092
940,09/08/2016 04:00,32.71099854
941,09/08/2016 05:00,32.21900177
942,09/08/2016 06:00,33.06299973
943,09/08/2016 07:00,34.54000092
944,09/08/2016 08:00,33.34400177
945,09/08/2016 09:00,34.04800034
946,09/08/2016 10:00,33.48500061
947,09/08/2016 11:00,33.34400177
948,09/08/2016 12:00,33.13299942
949,09/08/2016 13:00,34.18899918
950,09/08/2016 14:00,35.59600067
951,09/08/2016 15:00,35.59600067
952,09/08/2016 16:00,36.58000183
953,09/08/2016 17:00,35.80699921
954,09/08/2016 18:00,36.22900009
955,09/08/2016 19:00,34.89199829
956,09/08/2016 20:00,31.51499939
957,09/08/2016 21:00,32.14899826
958,09/08/2016 22:00,32.07799911
959,09/08/2016 23:00,32.14899826
960,10/08/2016 00:00,31.23399925
961,10/08/2016 01:00,31.375
962,10/08/2016 02:00,31.44499969
963,10/08/2016 03:00,31.30400085
964,10/08/2016 04:00,30.31999969
965,10/08/2016 05:00,31.375
966,10/08/2016 06:00,30.95299911
967,10/08/2016 07:00,31.02300072
968,10/08/2016 08:00,32.5
969,10/08/2016 09:00,32.36000061
970,10/08/2016 10:00,32.92200089
971,10/08/2016 11:00,33.34400177
972,10/08/2016 12:00,33.34400177
973,10/08/2016 13:00,33.8370018
974,10/08/2016 14:00,34.75099945
975,10/08/2016 15:00,35.59600067
976,10/08/2016 16:00,35.10300064
977,10/08/2016 17:00,33.55599976
978,10/08/2016 18:00,32.43000031
979,10/08/2016 19:00,31.72599983
980,10/08/2016 20:00,31.16399956
981,10/08/2016 21:00,30.38999939
982,10/08/2016 22:00,30.10899925
983,10/08/2016 23:00,29.68600082
984,11/08/2016 00:00,29.33499908
985,11/08/2016 01:00,29.40500069
986,11/08/2016 02:00,29.61599922
987,11/08/2016 03:00,29.12400055
988,11/08/2016 04:00,28.77199936
989,11/08/2016 05:00,28.49099922
990,11/08/2016 06:00,28.35000038
991,11/08/2016 07:00,29.33499908
992,11/08/2016 08:00,29.47500038
993,11/08/2016 09:00,30.17900085
994,11/08/2016 10:00,31.375
995,11/08/2016 11:00,31.44499969
996,11/08/2016 12:00,31.375
997,11/08/2016 13:00,32.14899826
998,11/08/2016 14:00,32.99300003
999,11/08/2016 15:00,34.40000153
1000,11/08/2016 16:00,35.38499832
1001,11/08/2016 17:00,35.31399918
1002,11/08/2016 18:00,33.48500061
1003,11/08/2016 19:00,32.07799911
1004,11/08/2016 20:00,30.74200058
1005,11/08/2016 21:00,30.24900055
1006,11/08/2016 22:00,30.60099983
1007,11/08/2016 23:00,30.17900085
1008,12/08/2016 00:00,30.53100014
1009,12/08/2016 01:00,30.03800011
1010,12/08/2016 02:00,29.61599922
1011,12/08/2016 03:00,28.9829998
1012,12/08/2016 04:00,28.77199936
1013,12/08/2016 05:00,28.27899933
1014,12/08/2016 06:00,27.85700035
1015,12/08/2016 07:00,29.82699966
1016,12/08/2016 08:00,29.89699936
1017,12/08/2016 09:00,30.53100014
1018,12/08/2016 10:00,30.53100014
1019,12/08/2016 11:00,31.02300072
1020,12/08/2016 12:00,31.02300072
1021,12/08/2016 13:00,31.79700089
1022,12/08/2016 14:00,33.8370018
1023,12/08/2016 15:00,33.41500092
1024,12/08/2016 16:00,35.38499832
1025,12/08/2016 17:00,34.40000153
1026,12/08/2016 18:00,33.76699829
1027,12/08/2016 19:00,31.93799973
1028,12/08/2016 20:00,31.58600044
1029,12/08/2016 21:00,31.375
1030,12/08/2016 22:00,31.51499939
1031,12/08/2016 23:00,31.23399925
1032,13/08/2016 00:00,31.51499939
1033,13/08/2016 01:00,30.74200058
1034,13/08/2016 02:00,30.74200058
1035,13/08/2016 03:00,30.60099983
1036,13/08/2016 04:00,29.96800041
1037,13/08/2016 05:00,29.54599953
1038,13/08/2016 06:00,29.19400024
1039,13/08/2016 07:00,30.67099953
1040,13/08/2016 08:00,30.81200027
1041,13/08/2016 09:00,31.23399925
1042,13/08/2016 10:00,32.64099884
1043,13/08/2016 11:00,32.43000031
1044,13/08/2016 12:00,32.28900146
1045,13/08/2016 13:00,33.34400177
1046,13/08/2016 14:00,34.89199829
1047,13/08/2016 15:00,35.80699921
1048,13/08/2016 16:00,36.65100098
1049,13/08/2016 17:00,36.79100037
1050,13/08/2016 18:00,35.45500183
1051,13/08/2016 19:00,33.76699829
1052,13/08/2016 20:00,33.06299973
1053,13/08/2016 21:00,32.64099884
1054,13/08/2016 22:00,32.5
1055,13/08/2016 23:00,32.28900146
1056,14/08/2016 00:00,31.93799973
1057,14/08/2016 01:00,31.72599983
1058,14/08/2016 02:00,30.88199997
1059,14/08/2016 03:00,30.38999939
1060,14/08/2016 04:00,30.17900085
1061,14/08/2016 05:00,29.61599922
1062,14/08/2016 06:00,28.91300011
1063,14/08/2016 07:00,30.67099953
1064,14/08/2016 08:00,30.95299911
1065,14/08/2016 09:00,31.16399956
1066,14/08/2016 10:00,32.00799942
1067,14/08/2016 11:00,32.57099915
1068,14/08/2016 12:00,32.43000031
1069,14/08/2016 13:00,33.34400177
1070,14/08/2016 14:00,34.75099945
1071,14/08/2016 15:00,35.8769989
1072,14/08/2016 16:00,37.00299835
1073,14/08/2016 17:00,36.36899948
1074,14/08/2016 18:00,35.45500183
1075,14/08/2016 19:00,33.06299973
1076,14/08/2016 20:00,32.64099884
1077,14/08/2016 21:00,32.7820015
1078,14/08/2016 22:00,32.21900177
1079,14/08/2016 23:00,31.86700058
1080,15/08/2016 00:00,31.86700058
1081,15/08/2016 01:00,31.16399956
1082,15/08/2016 02:00,31.02300072
1083,15/08/2016 03:00,30.38999939
1084,15/08/2016 04:00,30.03800011
1085,15/08/2016 05:00,29.82699966
1086,15/08/2016 06:00,29.19400024
1087,15/08/2016 07:00,30.74200058
1088,15/08/2016 08:00,30.81200027
1089,15/08/2016 09:00,31.375
1090,15/08/2016 10:00,32.64099884
1091,15/08/2016 11:00,32.57099915
1092,15/08/2016 12:00,32.43000031
1093,15/08/2016 13:00,33.34400177
1094,15/08/2016 14:00,35.38499832
1095,15/08/2016 15:00,35.8769989
1096,15/08/2016 16:00,36.15800095
1097,15/08/2016 17:00,36.93199921
1098,15/08/2016 18:00,34.9620018
1099,15/08/2016 19:00,33.13299942
1100,15/08/2016 20:00,31.86700058
1101,15/08/2016 21:00,31.86700058
1102,15/08/2016 22:00,32.43000031
1103,15/08/2016 23:00,32.5
1104,16/08/2016 00:00,31.72599983
1105,16/08/2016 01:00,31.16399956
1106,16/08/2016 02:00,31.09300041
1107,16/08/2016 03:00,30.67099953
1108,16/08/2016 04:00,30.67099953
1109,16/08/2016 05:00,29.89699936
1110,16/08/2016 06:00,29.82699966
1111,16/08/2016 07:00,30.45999908
1112,16/08/2016 08:00,30.88199997
1113,16/08/2016 09:00,30.88199997
1114,16/08/2016 10:00,31.72599983
1115,16/08/2016 11:00,31.86700058
1116,16/08/2016 12:00,32.36000061
1117,16/08/2016 13:00,33.34400177
1118,16/08/2016 14:00,35.03300095
1119,16/08/2016 15:00,35.45500183
1120,16/08/2016 16:00,36.36899948
1121,16/08/2016 17:00,36.36899948
1122,16/08/2016 18:00,34.54000092
1123,16/08/2016 19:00,33.06299973
1124,16/08/2016 20:00,31.86700058
1125,16/08/2016 21:00,32.28900146
1126,16/08/2016 22:00,31.375
1127,16/08/2016 23:00,31.16399956
1128,17/08/2016 00:00,30.53100014
1129,17/08/2016 01:00,29.89699936
1130,17/08/2016 02:00,29.47500038
1131,17/08/2016 03:00,29.12400055
1132,17/08/2016 04:00,28.42000008
1133,17/08/2016 05:00,28.56100082
1134,17/08/2016 06:00,28.35000038
1135,17/08/2016 07:00,29.40500069
1136,17/08/2016 08:00,29.96800041
1137,17/08/2016 09:00,30.31999969
1138,17/08/2016 10:00,31.16399956
1139,17/08/2016 11:00,31.23399925
1140,17/08/2016 12:00,32.5
1141,17/08/2016 13:00,32.64099884
1142,17/08/2016 14:00,34.25899887
1143,17/08/2016 15:00,34.40000153
1144,17/08/2016 16:00,35.52500153
1145,17/08/2016 17:00,35.73600006
1146,17/08/2016 18:00,34.54000092
1147,17/08/2016 19:00,32.99300003
1148,17/08/2016 20:00,32.7820015
1149,17/08/2016 21:00,32.21900177
1150,17/08/2016 22:00,31.375
1151,17/08/2016 23:00,31.16399956
1152,18/08/2016 00:00,30.53100014
1153,18/08/2016 01:00,30.17900085
1154,18/08/2016 02:00,30.17900085
1155,18/08/2016 03:00,29.75699997
1156,18/08/2016 04:00,29.33499908
1157,18/08/2016 05:00,28.91300011
1158,18/08/2016 06:00,28.42000008
1159,18/08/2016 07:00,29.75699997
1160,18/08/2016 08:00,30.38999939
1161,18/08/2016 09:00,30.60099983
1162,18/08/2016 10:00,31.93799973
1163,18/08/2016 11:00,33.06299973
1164,18/08/2016 12:00,33.48500061
1165,18/08/2016 13:00,34.47000122
1166,18/08/2016 14:00,36.08800125
1167,18/08/2016 15:00,36.58000183
1168,18/08/2016 16:00,38.4090004
1169,18/08/2016 17:00,37.91699982
1170,18/08/2016 18:00,35.59600067
1171,18/08/2016 19:00,35.45500183
1172,18/08/2016 20:00,33.9070015
1173,18/08/2016 21:00,33.8370018
1174,18/08/2016 22:00,34.04800034
1175,18/08/2016 23:00,32.64099884
1176,19/08/2016 00:00,33.27399826
1177,19/08/2016 01:00,32.99300003
1178,19/08/2016 02:00,32.71099854
1179,19/08/2016 03:00,32.5
1180,19/08/2016 04:00,32.21900177
1181,19/08/2016 05:00,31.58600044
1182,19/08/2016 06:00,32.21900177
1183,19/08/2016 07:00,33.20399857
1184,19/08/2016 08:00,35.31399918
1185,19/08/2016 09:00,35.03300095
1186,19/08/2016 10:00,37.14300156
1187,19/08/2016 11:00,37.14300156
1188,19/08/2016 12:00,37.91699982
1189,19/08/2016 13:00,37.2140007
1190,19/08/2016 14:00,36.86199951
1191,19/08/2016 15:00,38.76100159
1192,19/08/2016 16:00,39.04299927
1193,19/08/2016 17:00,38.54999924
1194,19/08/2016 18:00,36.08800125
1195,19/08/2016 19:00,35.80699921
1196,19/08/2016 20:00,34.75099945
1197,19/08/2016 21:00,33.8370018
1198,19/08/2016 22:00,34.61100006
1199,19/08/2016 23:00,33.8370018
1200,20/08/2016 00:00,35.38499832
1201,20/08/2016 01:00,34.89199829
1202,20/08/2016 02:00,35.03300095
1203,20/08/2016 03:00,33.8370018
1204,20/08/2016 04:00,34.18899918
1205,20/08/2016 05:00,33.55599976
1206,20/08/2016 06:00,32.99300003
1207,20/08/2016 07:00,33.62599945
1208,20/08/2016 08:00,34.75099945
1209,20/08/2016 09:00,35.38499832
1210,20/08/2016 10:00,36.29899979
1211,20/08/2016 11:00,35.66600037
1212,20/08/2016 12:00,34.68099976
1213,20/08/2016 13:00,33.27399826
1214,20/08/2016 14:00,32.43000031
1215,20/08/2016 15:00,33.13299942
1216,20/08/2016 16:00,31.375
1217,20/08/2016 17:00,32.7820015
1218,20/08/2016 18:00,30.53100014
1219,20/08/2016 19:00,30.24900055
1220,20/08/2016 20:00,27.43499947
1221,20/08/2016 21:00,27.9279995
1222,20/08/2016 22:00,27.78700066
1223,20/08/2016 23:00,27.9279995
1224,21/08/2016 00:00,27.43499947
1225,21/08/2016 01:00,27.01300049
1226,21/08/2016 02:00,27.71699905
1227,21/08/2016 03:00,28.20899963
1228,21/08/2016 04:00,28.91300011
1229,21/08/2016 05:00,28.06800079
1230,21/08/2016 06:00,26.5909996
1231,21/08/2016 07:00,27.43499947
1232,21/08/2016 08:00,27.9279995
1233,21/08/2016 09:00,28.84199905
1234,21/08/2016 10:00,29.89699936
1235,21/08/2016 11:00,30.24900055
1236,21/08/2016 12:00,30.31999969
1237,21/08/2016 13:00,30.67099953
1238,21/08/2016 14:00,31.09300041
1239,21/08/2016 15:00,30.38999939
1240,21/08/2016 16:00,31.02300072
1241,21/08/2016 17:00,30.38999939
1242,21/08/2016 18:00,28.91300011
1243,21/08/2016 19:00,28.9829998
1244,21/08/2016 20:00,27.78700066
1245,21/08/2016 21:00,27.50600052
1246,21/08/2016 22:00,27.99799919
1247,21/08/2016 23:00,27.71699905
1248,22/08/2016 00:00,27.50600052
1249,22/08/2016 01:00,27.43499947
1250,22/08/2016 02:00,28.9829998
1251,22/08/2016 03:00,27.78700066
1252,22/08/2016 04:00,29.89699936
1253,22/08/2016 05:00,29.54599953
1254,22/08/2016 06:00,29.96800041
1255,22/08/2016 07:00,29.0529995
1256,22/08/2016 08:00,23.49600029
1257,22/08/2016 09:00,25.39500046
1258,22/08/2016 10:00,28.35000038
1259,22/08/2016 11:00,29.12400055
1260,22/08/2016 12:00,29.82699966
1261,22/08/2016 13:00,29.47500038
1262,22/08/2016 14:00,28.70199966
1263,22/08/2016 15:00,29.12400055
1264,22/08/2016 16:00,28.84199905
1265,22/08/2016 17:00,28.77199936
1266,22/08/2016 18:00,28.13899994
1267,22/08/2016 19:00,27.01300049
1268,22/08/2016 20:00,26.66200066
1269,22/08/2016 21:00,26.73200035
1270,22/08/2016 22:00,27.15399933
1271,22/08/2016 23:00,26.80200005
1272,23/08/2016 00:00,27.15399933
1273,23/08/2016 01:00,27.01300049
1274,23/08/2016 02:00,27.01300049
1275,23/08/2016 03:00,26.73200035
1276,23/08/2016 04:00,26.66200066
1277,23/08/2016 05:00,26.80200005
1278,23/08/2016 06:00,26.30999947
1279,23/08/2016 07:00,26.5909996
1280,23/08/2016 08:00,28.06800079
1281,23/08/2016 09:00,28.27899933
1282,23/08/2016 10:00,28.35000038
1283,23/08/2016 11:00,29.54599953
1284,23/08/2016 12:00,29.61599922
1285,23/08/2016 13:00,30.53100014
1286,23/08/2016 14:00,31.86700058
1287,23/08/2016 15:00,32.14899826
1288,23/08/2016 16:00,33.13299942
1289,23/08/2016 17:00,32.85200119
1290,23/08/2016 18:00,31.51499939
1291,23/08/2016 19:00,30.88199997
1292,23/08/2016 20:00,29.68600082
1293,23/08/2016 21:00,29.75699997
1294,23/08/2016 22:00,29.47500038
1295,23/08/2016 23:00,29.47500038
1296,24/08/2016 00:00,28.91300011
1297,24/08/2016 01:00,28.27899933
1298,24/08/2016 02:00,28.20899963
1299,24/08/2016 03:00,27.50600052
1300,24/08/2016 04:00,27.29500008
1301,24/08/2016 05:00,26.87299919
1302,24/08/2016 06:00,26.5909996
1303,24/08/2016 07:00,26.94300079
1304,24/08/2016 08:00,27.71699905
1305,24/08/2016 09:00,28.13899994
1306,24/08/2016 10:00,29.54599953
1307,24/08/2016 11:00,29.61599922
1308,24/08/2016 12:00,29.89699936
1309,24/08/2016 13:00,30.67099953
1310,24/08/2016 14:00,32.57099915
1311,24/08/2016 15:00,32.99300003
1312,24/08/2016 16:00,34.18899918
1313,24/08/2016 17:00,33.8370018
1314,24/08/2016 18:00,31.79700089
1315,24/08/2016 19:00,31.23399925
1316,24/08/2016 20:00,30.17900085
1317,24/08/2016 21:00,29.47500038
1318,24/08/2016 22:00,29.19400024
1319,24/08/2016 23:00,28.42000008
1320,25/08/2016 00:00,28.06800079
1321,25/08/2016 01:00,27.36499977
1322,25/08/2016 02:00,27.15399933
1323,25/08/2016 03:00,26.80200005
1324,25/08/2016 04:00,26.30999947
1325,25/08/2016 05:00,26.5909996
1326,25/08/2016 06:00,26.23900032
1327,25/08/2016 07:00,27.9279995
1328,25/08/2016 08:00,28.63100052
1329,25/08/2016 09:00,29.61599922
1330,25/08/2016 10:00,32.14899826
1331,25/08/2016 11:00,31.65600014
1332,25/08/2016 12:00,31.58600044
1333,25/08/2016 13:00,33.06299973
1334,25/08/2016 14:00,33.20399857
1335,25/08/2016 15:00,32.85200119
1336,25/08/2016 16:00,33.9070015
1337,25/08/2016 17:00,33.69599915
1338,25/08/2016 18:00,32.14899826
1339,25/08/2016 19:00,31.86700058
1340,25/08/2016 20:00,30.31999969
1341,25/08/2016 21:00,30.17900085
1342,25/08/2016 22:00,29.82699966
1343,25/08/2016 23:00,28.77199936
1344,26/08/2016 00:00,28.70199966
1345,26/08/2016 01:00,28.13899994
1346,26/08/2016 02:00,27.64599991
1347,26/08/2016 03:00,27.85700035
1348,26/08/2016 04:00,27.43499947
1349,26/08/2016 05:00,26.66200066
1350,26/08/2016 06:00,26.02799988
1351,26/08/2016 07:00,25.32500076
1352,26/08/2016 08:00,25.6060009
1353,26/08/2016 09:00,26.80200005
1354,26/08/2016 10:00,26.80200005
1355,26/08/2016 11:00,27.36499977
1356,26/08/2016 12:00,26.52099991
1357,26/08/2016 13:00,27.43499947
1358,26/08/2016 14:00,27.78700066
1359,26/08/2016 15:00,27.08399963
1360,26/08/2016 16:00,27.36499977
1361,26/08/2016 17:00,25.81699944
1362,26/08/2016 18:00,24.62100029
1363,26/08/2016 19:00,23.84799957
1364,26/08/2016 20:00,23.4260006
1365,26/08/2016 21:00,23.00300026
1366,26/08/2016 22:00,22.37000084
1367,26/08/2016 23:00,22.0890007
1368,27/08/2016 00:00,22.86300087
1369,27/08/2016 01:00,23.63699913
1370,27/08/2016 02:00,23.28499985
1371,27/08/2016 03:00,23.21500015
1372,27/08/2016 04:00,23.35499954
1373,27/08/2016 05:00,23.0739994
1374,27/08/2016 06:00,23.1439991
1375,27/08/2016 07:00,23.56599998
1376,27/08/2016 08:00,23.84799957
1377,27/08/2016 09:00,25.25499916
1378,27/08/2016 10:00,26.30999947
1379,27/08/2016 11:00,26.66200066
1380,27/08/2016 12:00,27.50600052
1381,27/08/2016 13:00,27.57600021
1382,27/08/2016 14:00,28.49099922
1383,27/08/2016 15:00,28.20899963
1384,27/08/2016 16:00,27.71699905
1385,27/08/2016 17:00,27.71699905
1386,27/08/2016 18:00,26.52099991
1387,27/08/2016 19:00,26.02799988
1388,27/08/2016 20:00,25.18400002
1389,27/08/2016 21:00,24.34000015
1390,27/08/2016 22:00,24.27000046
1391,27/08/2016 23:00,23.98800087
1392,28/08/2016 00:00,23.84799957
1393,28/08/2016 01:00,23.49600029
1394,28/08/2016 02:00,22.29999924
1395,28/08/2016 03:00,22.1590004
1396,28/08/2016 04:00,22.29999924
1397,28/08/2016 05:00,20.96299934
1398,28/08/2016 06:00,20.32999992
1399,28/08/2016 07:00,21.66699982
1400,28/08/2016 08:00,22.58099937
1401,28/08/2016 09:00,25.32500076
1402,28/08/2016 10:00,26.80200005
1403,28/08/2016 11:00,26.80200005
1404,28/08/2016 12:00,26.80200005
1405,28/08/2016 13:00,27.57600021
1406,28/08/2016 14:00,29.0529995
1407,28/08/2016 15:00,28.91300011
1408,28/08/2016 16:00,30.24900055
1409,28/08/2016 17:00,30.24900055
1410,28/08/2016 18:00,29.0529995
1411,28/08/2016 19:00,27.64599991
1412,28/08/2016 20:00,26.66200066
1413,28/08/2016 21:00,25.81699944
1414,28/08/2016 22:00,25.25499916
1415,28/08/2016 23:00,24.62100029
1416,29/08/2016 00:00,24.4810009
1417,29/08/2016 01:00,23.98800087
1418,29/08/2016 02:00,24.1989994
1419,29/08/2016 03:00,23.63699913
1420,29/08/2016 04:00,23.0739994
1421,29/08/2016 05:00,22.58099937
1422,29/08/2016 06:00,23.1439991
1423,29/08/2016 07:00,23.91799927
1424,29/08/2016 08:00,25.39500046
1425,29/08/2016 09:00,26.66200066
1426,29/08/2016 10:00,26.16900063
1427,29/08/2016 11:00,25.81699944
1428,29/08/2016 12:00,27.78700066
1429,29/08/2016 13:00,28.42000008
1430,29/08/2016 14:00,28.49099922
1431,29/08/2016 15:00,29.33499908
1432,29/08/2016 16:00,29.82699966
1433,29/08/2016 17:00,29.26399994
1434,29/08/2016 18:00,26.52099991
1435,29/08/2016 19:00,26.09900093
1436,29/08/2016 20:00,25.25499916
1437,29/08/2016 21:00,24.5510006
1438,29/08/2016 22:00,24.69199944
1439,29/08/2016 23:00,24.83200073
1440,30/08/2016 00:00,24.12899971
1441,30/08/2016 01:00,23.91799927
1442,30/08/2016 02:00,24.5510006
1443,30/08/2016 03:00,24.4810009
1444,30/08/2016 04:00,24.62100029
1445,30/08/2016 05:00,24.62100029
1446,30/08/2016 06:00,24.40999985
1447,30/08/2016 07:00,24.90299988
1448,30/08/2016 08:00,25.32500076
1449,30/08/2016 09:00,26.52099991
1450,30/08/2016 10:00,27.71699905
1451,30/08/2016 11:00,27.78700066
1452,30/08/2016 12:00,28.27899933
1453,30/08/2016 13:00,28.70199966
1454,30/08/2016 14:00,30.31999969
1455,30/08/2016 15:00,30.03800011
1456,30/08/2016 16:00,30.53100014
1457,30/08/2016 17:00,30.31999969
1458,30/08/2016 18:00,28.77199936
1459,30/08/2016 19:00,26.87299919
1460,30/08/2016 20:00,25.95800018
1461,30/08/2016 21:00,25.25499916
1462,30/08/2016 22:00,24.83200073
1463,30/08/2016 23:00,24.40999985
1464,31/08/2016 00:00,25.04400063
1465,31/08/2016 01:00,25.04400063
1466,31/08/2016 02:00,25.04400063
1467,31/08/2016 03:00,25.04400063
1468,31/08/2016 04:00,25.04400063
1469,31/08/2016 05:00,25.04400063
1470,31/08/2016 06:00,25.04400063
1471,31/08/2016 07:00,25.04400063
1472,31/08/2016 08:00,25.04400063
1473,31/08/2016 09:00,25.04400063
1474,31/08/2016 10:00,25.04400063
1475,31/08/2016 11:00,25.04400063
1476,31/08/2016 12:00,25.04400063
1477,31/08/2016 13:00,25.04400063
1478,31/08/2016 14:00,25.04400063
1479,31/08/2016 15:00,25.04400063
1480,31/08/2016 16:00,25.04400063
1481,31/08/2016 17:00,25.04400063
1482,31/08/2016 18:00,25.04400063
1483,31/08/2016 19:00,25.04400063
1484,31/08/2016 20:00,25.04400063
1485,31/08/2016 21:00,25.04400063
1486,31/08/2016 22:00,25.04400063
1487,31/08/2016 23:00,25.04400063
1488,01/09/2016 00:00,26.30999947
1489,01/09/2016 01:00,25.88800049
1490,01/09/2016 02:00,25.74699974
1491,01/09/2016 03:00,25.39500046
1492,01/09/2016 04:00,25.25499916
1493,01/09/2016 05:00,25.11400032
1494,01/09/2016 06:00,24.69199944
1495,01/09/2016 07:00,25.32500076
1496,01/09/2016 08:00,26.30999947
1497,01/09/2016 09:00,27.36499977
1498,01/09/2016 10:00,28.70199966
1499,01/09/2016 11:00,27.36499977
1500,01/09/2016 12:00,27.71699905
1501,01/09/2016 13:00,28.9829998
1502,01/09/2016 14:00,30.53100014
1503,01/09/2016 15:00,30.53100014
1504,01/09/2016 16:00,30.74200058
1505,01/09/2016 17:00,30.31999969
1506,01/09/2016 18:00,30.10899925
1507,01/09/2016 19:00,29.0529995
1508,01/09/2016 20:00,28.42000008
1509,01/09/2016 21:00,27.85700035
1510,01/09/2016 22:00,27.64599991
1511,01/09/2016 23:00,26.94300079
1512,02/09/2016 00:00,26.80200005
1513,02/09/2016 01:00,26.30999947
1514,02/09/2016 02:00,25.95800018
1515,02/09/2016 03:00,25.4659996
1516,02/09/2016 04:00,24.90299988
1517,02/09/2016 05:00,24.40999985
1518,02/09/2016 06:00,24.1989994
1519,02/09/2016 07:00,24.62100029
1520,02/09/2016 08:00,24.83200073
1521,02/09/2016 09:00,26.23900032
1522,02/09/2016 10:00,28.06800079
1523,02/09/2016 11:00,27.71699905
1524,02/09/2016 12:00,28.56100082
1525,02/09/2016 13:00,29.19400024
1526,02/09/2016 14:00,31.72599983
1527,02/09/2016 15:00,31.51499939
1528,02/09/2016 16:00,31.72599983
1529,02/09/2016 17:00,32.57099915
1530,02/09/2016 18:00,30.17900085
1531,02/09/2016 19:00,28.13899994
1532,02/09/2016 20:00,27.50600052
1533,02/09/2016 21:00,27.22400093
1534,02/09/2016 22:00,26.87299919
1535,02/09/2016 23:00,27.15399933
1536,03/09/2016 00:00,26.66200066
1537,03/09/2016 01:00,26.45000076
1538,03/09/2016 02:00,26.09900093
1539,03/09/2016 03:00,25.95800018
1540,03/09/2016 04:00,26.16900063
1541,03/09/2016 05:00,26.23900032
1542,03/09/2016 06:00,25.95800018
1543,03/09/2016 07:00,27.01300049
1544,03/09/2016 08:00,27.71699905
1545,03/09/2016 09:00,28.20899963
1546,03/09/2016 10:00,28.91300011
1547,03/09/2016 11:00,29.75699997
1548,03/09/2016 12:00,30.67099953
1549,03/09/2016 13:00,30.95299911
1550,03/09/2016 14:00,30.10899925
1551,03/09/2016 15:00,30.31999969
1552,03/09/2016 16:00,30.81200027
1553,03/09/2016 17:00,30.81200027
1554,03/09/2016 18:00,28.84199905
1555,03/09/2016 19:00,28.20899963
1556,03/09/2016 20:00,28.06800079
1557,03/09/2016 21:00,27.78700066
1558,03/09/2016 22:00,27.50600052
1559,03/09/2016 23:00,27.36499977
1560,04/09/2016 00:00,27.01300049
1561,04/09/2016 01:00,26.73200035
1562,04/09/2016 02:00,26.5909996
1563,04/09/2016 03:00,26.09900093
1564,04/09/2016 04:00,25.81699944
1565,04/09/2016 05:00,25.81699944
1566,04/09/2016 06:00,25.95800018
1567,04/09/2016 07:00,25.74699974
1568,04/09/2016 08:00,26.37999916
1569,04/09/2016 09:00,27.64599991
1570,04/09/2016 10:00,28.27899933
1571,04/09/2016 11:00,29.19400024
1572,04/09/2016 12:00,29.12400055
1573,04/09/2016 13:00,28.9829998
1574,04/09/2016 14:00,28.84199905
1575,04/09/2016 15:00,27.50600052
1576,04/09/2016 16:00,26.80200005
1577,04/09/2016 17:00,27.08399963
1578,04/09/2016 18:00,26.09900093
1579,04/09/2016 19:00,26.09900093
1580,04/09/2016 20:00,25.74699974
1581,04/09/2016 21:00,25.6060009
1582,04/09/2016 22:00,25.11400032
1583,04/09/2016 23:00,24.97299957
1584,05/09/2016 00:00,24.90299988
1585,05/09/2016 01:00,24.27000046
1586,05/09/2016 02:00,24.4810009
1587,05/09/2016 03:00,24.4810009
1588,05/09/2016 04:00,24.34000015
1589,05/09/2016 05:00,24.34000015
1590,05/09/2016 06:00,24.27000046
1591,05/09/2016 07:00,24.5510006
1592,05/09/2016 08:00,24.90299988
1593,05/09/2016 09:00,25.6060009
1594,05/09/2016 10:00,26.30999947
1595,05/09/2016 11:00,26.45000076
1596,05/09/2016 12:00,27.50600052
1597,05/09/2016 13:00,27.50600052
1598,05/09/2016 14:00,28.20899963
1599,05/09/2016 15:00,28.56100082
1600,05/09/2016 16:00,29.82699966
1601,05/09/2016 17:00,28.20899963
1602,05/09/2016 18:00,27.85700035
1603,05/09/2016 19:00,27.01300049
1604,05/09/2016 20:00,26.16900063
1605,05/09/2016 21:00,26.66200066
1606,05/09/2016 22:00,26.45000076
1607,05/09/2016 23:00,25.95800018
1608,06/09/2016 00:00,25.74699974
1609,06/09/2016 01:00,25.74699974
1610,06/09/2016 02:00,25.32500076
1611,06/09/2016 03:00,26.02799988
1612,06/09/2016 04:00,25.74699974
1613,06/09/2016 05:00,25.25499916
1614,06/09/2016 06:00,23.77700043
1615,06/09/2016 07:00,23.49600029
1616,06/09/2016 08:00,22.93300056
1617,06/09/2016 09:00,23.70700073
1618,06/09/2016 10:00,24.40999985
1619,06/09/2016 11:00,24.1989994
1620,06/09/2016 12:00,23.91799927
1621,06/09/2016 13:00,22.44099998
1622,06/09/2016 14:00,21.73699951
1623,06/09/2016 15:00,21.52599907
1624,06/09/2016 16:00,20.96299934
1625,06/09/2016 17:00,20.68199921
1626,06/09/2016 18:00,20.19000053
1627,06/09/2016 19:00,19.90800095
1628,06/09/2016 20:00,19.48600006
1629,06/09/2016 21:00,17.51600075
1630,06/09/2016 22:00,17.51600075
1631,06/09/2016 23:00,17.86800003
1632,07/09/2016 00:00,18.00900078
1633,07/09/2016 01:00,18.29000092
1634,07/09/2016 02:00,18.21999931
1635,07/09/2016 03:00,18.29000092
1636,07/09/2016 04:00,18.36100006
1637,07/09/2016 05:00,18.21999931
1638,07/09/2016 06:00,18.50099945
1639,07/09/2016 07:00,19.06399918
1640,07/09/2016 08:00,19.62700081
1641,07/09/2016 09:00,20.82299995
1642,07/09/2016 10:00,21.45599937
1643,07/09/2016 11:00,22.44099998
1644,07/09/2016 12:00,23.63699913
1645,07/09/2016 13:00,23.98800087
1646,07/09/2016 14:00,25.18400002
1647,07/09/2016 15:00,25.11400032
1648,07/09/2016 16:00,25.95800018
1649,07/09/2016 17:00,24.83200073
1650,07/09/2016 18:00,24.1989994
1651,07/09/2016 19:00,23.00300026
1652,07/09/2016 20:00,22.65200043
1653,07/09/2016 21:00,22.44099998
1654,07/09/2016 22:00,22.44099998
1655,07/09/2016 23:00,22.58099937
1656,08/09/2016 00:00,22.0189991
1657,08/09/2016 01:00,22.1590004
1658,08/09/2016 02:00,22.0890007
1659,08/09/2016 03:00,21.52599907
1660,08/09/2016 04:00,21.80800056
1661,08/09/2016 05:00,22.1590004
1662,08/09/2016 06:00,21.45599937
1663,08/09/2016 07:00,22.29999924
1664,08/09/2016 08:00,23.28499985
1665,08/09/2016 09:00,24.1989994
1666,08/09/2016 10:00,25.4659996
1667,08/09/2016 11:00,25.04400063
1668,08/09/2016 12:00,25.4659996
1669,08/09/2016 13:00,25.88800049
1670,08/09/2016 14:00,27.9279995
1671,08/09/2016 15:00,27.78700066
1672,08/09/2016 16:00,27.71699905
1673,08/09/2016 17:00,27.22400093
1674,08/09/2016 18:00,26.16900063
1675,08/09/2016 19:00,24.90299988
1676,08/09/2016 20:00,25.39500046
1677,08/09/2016 21:00,24.76199913
1678,08/09/2016 22:00,24.5510006
1679,08/09/2016 23:00,24.12899971
1680,09/09/2016 00:00,24.69199944
1681,09/09/2016 01:00,24.27000046
1682,09/09/2016 02:00,23.98800087
1683,09/09/2016 03:00,23.98800087
1684,09/09/2016 04:00,23.84799957
1685,09/09/2016 05:00,23.84799957
1686,09/09/2016 06:00,23.28499985
1687,09/09/2016 07:00,23.77700043
1688,09/09/2016 08:00,24.34000015
1689,09/09/2016 09:00,25.32500076
1690,09/09/2016 10:00,26.80200005
1691,09/09/2016 11:00,26.66200066
1692,09/09/2016 12:00,27.50600052
1693,09/09/2016 13:00,28.42000008
1694,09/09/2016 14:00,29.61599922
1695,09/09/2016 15:00,29.54599953
1696,09/09/2016 16:00,29.19400024
1697,09/09/2016 17:00,28.70199966
1698,09/09/2016 18:00,27.43499947
1699,09/09/2016 19:00,27.08399963
1700,09/09/2016 20:00,27.08399963
1701,09/09/2016 21:00,26.66200066
1702,09/09/2016 22:00,26.80200005
1703,09/09/2016 23:00,25.88800049
1704,10/09/2016 00:00,26.23900032
1705,10/09/2016 01:00,25.74699974
1706,10/09/2016 02:00,25.39500046
1707,10/09/2016 03:00,25.5359993
1708,10/09/2016 04:00,24.5510006
1709,10/09/2016 05:00,24.90299988
1710,10/09/2016 06:00,23.98800087
1711,10/09/2016 07:00,24.1989994
1712,10/09/2016 08:00,24.83200073
1713,10/09/2016 09:00,26.52099991
1714,10/09/2016 10:00,27.01300049
1715,10/09/2016 11:00,26.66200066
1716,10/09/2016 12:00,27.29500008
1717,10/09/2016 13:00,27.85700035
1718,10/09/2016 14:00,28.27899933
1719,10/09/2016 15:00,28.13899994
1720,10/09/2016 16:00,27.64599991
1721,10/09/2016 17:00,27.50600052
1722,10/09/2016 18:00,27.08399963
1723,10/09/2016 19:00,26.30999947
1724,10/09/2016 20:00,25.5359993
1725,10/09/2016 21:00,24.97299957
1726,10/09/2016 22:00,24.1989994
1727,10/09/2016 23:00,24.27000046
1728,11/09/2016 00:00,24.5510006
1729,11/09/2016 01:00,24.40999985
1730,11/09/2016 02:00,24.90299988
1731,11/09/2016 03:00,24.69199944
1732,11/09/2016 04:00,24.34000015
1733,11/09/2016 05:00,25.18400002
1734,11/09/2016 06:00,24.90299988
1735,11/09/2016 07:00,25.25499916
1736,11/09/2016 08:00,25.25499916
1737,11/09/2016 09:00,25.67700005
1738,11/09/2016 10:00,25.39500046
1739,11/09/2016 11:00,25.18400002
1740,11/09/2016 12:00,24.97299957
1741,11/09/2016 13:00,25.25499916
1742,11/09/2016 14:00,25.11400032
1743,11/09/2016 15:00,24.27000046
1744,11/09/2016 16:00,24.27000046
1745,11/09/2016 17:00,23.35499954
1746,11/09/2016 18:00,22.44099998
1747,11/09/2016 19:00,21.73699951
1748,11/09/2016 20:00,21.38500023
1749,11/09/2016 21:00,21.31500053
1750,11/09/2016 22:00,20.82299995
1751,11/09/2016 23:00,20.40099907
1752,12/09/2016 00:00,20.47100067
1753,12/09/2016 01:00,20.04899979
1754,12/09/2016 02:00,19.97900009
1755,12/09/2016 03:00,19.97900009
1756,12/09/2016 04:00,19.83799934
1757,12/09/2016 05:00,20.04899979
1758,12/09/2016 06:00,20.11899948
1759,12/09/2016 07:00,20.82299995
1760,12/09/2016 08:00,21.17399979
1761,12/09/2016 09:00,21.73699951
1762,12/09/2016 10:00,24.34000015
1763,12/09/2016 11:00,23.91799927
1764,12/09/2016 12:00,24.5510006
1765,12/09/2016 13:00,25.6060009
1766,12/09/2016 14:00,27.08399963
1767,12/09/2016 15:00,26.80200005
1768,12/09/2016 16:00,27.22400093
1769,12/09/2016 17:00,26.73200035
1770,12/09/2016 18:00,25.95800018
1771,12/09/2016 19:00,24.90299988
1772,12/09/2016 20:00,24.40999985
1773,12/09/2016 21:00,24.1989994
1774,12/09/2016 22:00,24.05900002
1775,12/09/2016 23:00,23.77700043
1776,13/09/2016 00:00,23.98800087
1777,13/09/2016 01:00,23.63699913
1778,13/09/2016 02:00,23.56599998
1779,13/09/2016 03:00,23.0739994
1780,13/09/2016 04:00,23.21500015
1781,13/09/2016 05:00,22.86300087
1782,13/09/2016 06:00,22.44099998
1783,13/09/2016 07:00,23.63699913
1784,13/09/2016 08:00,24.12899971
1785,13/09/2016 09:00,24.83200073
1786,13/09/2016 10:00,26.80200005
1787,13/09/2016 11:00,26.09900093
1788,13/09/2016 12:00,26.45000076
1789,13/09/2016 13:00,27.15399933
1790,13/09/2016 14:00,28.06800079
1791,13/09/2016 15:00,28.06800079
1792,13/09/2016 16:00,27.71699905
1793,13/09/2016 17:00,27.50600052
1794,13/09/2016 18:00,26.87299919
1795,13/09/2016 19:00,25.88800049
1796,13/09/2016 20:00,25.32500076
1797,13/09/2016 21:00,25.04400063
1798,13/09/2016 22:00,24.62100029
1799,13/09/2016 23:00,24.1989994
1800,14/09/2016 00:00,23.91799927
1801,14/09/2016 01:00,23.84799957
1802,14/09/2016 02:00,23.0739994
1803,14/09/2016 03:00,22.65200043
1804,14/09/2016 04:00,22.65200043
1805,14/09/2016 05:00,22.51099968
1806,14/09/2016 06:00,22.29999924
1807,14/09/2016 07:00,22.51099968
1808,14/09/2016 08:00,22.93300056
1809,14/09/2016 09:00,23.0739994
1810,14/09/2016 10:00,23.49600029
1811,14/09/2016 11:00,23.28499985
1812,14/09/2016 12:00,23.84799957
1813,14/09/2016 13:00,23.77700043
1814,14/09/2016 14:00,24.05900002
1815,14/09/2016 15:00,23.49600029
1816,14/09/2016 16:00,23.28499985
1817,14/09/2016 17:00,22.58099937
1818,14/09/2016 18:00,22.58099937
1819,14/09/2016 19:00,22.72200012
1820,14/09/2016 20:00,21.80800056
1821,14/09/2016 21:00,21.73699951
1822,14/09/2016 22:00,21.80800056
1823,14/09/2016 23:00,21.73699951
1824,15/09/2016 00:00,21.45599937
1825,15/09/2016 01:00,21.80800056
1826,15/09/2016 02:00,21.52599907
1827,15/09/2016 03:00,20.75200081
1828,15/09/2016 04:00,21.10400009
1829,15/09/2016 05:00,21.0340004
1830,15/09/2016 06:00,20.61199951
1831,15/09/2016 07:00,20.61199951
1832,15/09/2016 08:00,18.92300034
1833,15/09/2016 09:00,19.6970005
1834,15/09/2016 10:00,18.99399948
1835,15/09/2016 11:00,17.65699959
1836,15/09/2016 12:00,21.10400009
1837,15/09/2016 13:00,20.47100067
1838,15/09/2016 14:00,20.26000023
1839,15/09/2016 15:00,18.85300064
1840,15/09/2016 16:00,18.92300034
1841,15/09/2016 17:00,18.71199989
1842,15/09/2016 18:00,17.86800003
1843,15/09/2016 19:00,17.16500092
1844,15/09/2016 20:00,16.67200089
1845,15/09/2016 21:00,16.25
1846,15/09/2016 22:00,15.75800037
1847,15/09/2016 23:00,15.33600044
1848,16/09/2016 00:00,14.70300007
1849,16/09/2016 01:00,14.84300041
1850,16/09/2016 02:00,14.42099953
1851,16/09/2016 03:00,14.42099953
1852,16/09/2016 04:00,13.71800041
1853,16/09/2016 05:00,13.29599953
1854,16/09/2016 06:00,13.22500038
1855,16/09/2016 07:00,13.15499973
1856,16/09/2016 08:00,12.59200001
1857,16/09/2016 09:00,13.01399994
1858,16/09/2016 10:00,13.08500004
1859,16/09/2016 11:00,13.8579998
1860,16/09/2016 12:00,18.21999931
1861,16/09/2016 13:00,19.48600006
1862,16/09/2016 14:00,20.32999992
1863,16/09/2016 15:00,21.17399979
1864,16/09/2016 16:00,20.96299934
1865,16/09/2016 17:00,20.61199951
1866,16/09/2016 18:00,21.17399979
1867,16/09/2016 19:00,20.82299995
1868,16/09/2016 20:00,21.66699982
1869,16/09/2016 21:00,21.80800056
1870,16/09/2016 22:00,21.45599937
1871,16/09/2016 23:00,21.52599907
1872,17/09/2016 00:00,20.89299965
1873,17/09/2016 01:00,20.96299934
1874,17/09/2016 02:00,21.45599937
1875,17/09/2016 03:00,20.32999992
1876,17/09/2016 04:00,19.76799965
1877,17/09/2016 05:00,19.97900009
1878,17/09/2016 06:00,20.04899979
1879,17/09/2016 07:00,20.54100037
1880,17/09/2016 08:00,21.45599937
1881,17/09/2016 09:00,22.93300056
1882,17/09/2016 10:00,23.84799957
1883,17/09/2016 11:00,23.84799957
1884,17/09/2016 12:00,25.5359993
1885,17/09/2016 13:00,25.39500046
1886,17/09/2016 14:00,26.37999916
1887,17/09/2016 15:00,25.5359993
1888,17/09/2016 16:00,25.32500076
1889,17/09/2016 17:00,25.39500046
1890,17/09/2016 18:00,24.62100029
1891,17/09/2016 19:00,23.84799957
1892,17/09/2016 20:00,22.86300087
1893,17/09/2016 21:00,22.29999924
1894,17/09/2016 22:00,22.65200043
1895,17/09/2016 23:00,22.44099998
1896,18/09/2016 00:00,22.37000084
1897,18/09/2016 01:00,21.73699951
1898,18/09/2016 02:00,23.98800087
1899,18/09/2016 03:00,23.1439991
1900,18/09/2016 04:00,22.93300056
1901,18/09/2016 05:00,22.51099968
1902,18/09/2016 06:00,22.0890007
1903,18/09/2016 07:00,22.58099937
1904,18/09/2016 08:00,23.4260006
1905,18/09/2016 09:00,24.12899971
1906,18/09/2016 10:00,24.97299957
1907,18/09/2016 11:00,26.52099991
1908,18/09/2016 12:00,26.66200066
1909,18/09/2016 13:00,27.71699905
1910,18/09/2016 14:00,28.49099922
1911,18/09/2016 15:00,28.63100052
1912,18/09/2016 16:00,27.85700035
1913,18/09/2016 17:00,27.08399963
1914,18/09/2016 18:00,25.95800018
1915,18/09/2016 19:00,24.5510006
1916,18/09/2016 20:00,23.70700073
1917,18/09/2016 21:00,23.4260006
1918,18/09/2016 22:00,22.79199982
1919,18/09/2016 23:00,22.22999954
1920,19/09/2016 00:00,22.37000084
1921,19/09/2016 01:00,22.72200012
1922,19/09/2016 02:00,22.58099937
1923,19/09/2016 03:00,22.37000084
1924,19/09/2016 04:00,21.0340004
1925,19/09/2016 05:00,20.32999992
1926,19/09/2016 06:00,19.6970005
1927,19/09/2016 07:00,20.68199921
1928,19/09/2016 08:00,20.68199921
1929,19/09/2016 09:00,22.44099998
1930,19/09/2016 10:00,24.34000015
1931,19/09/2016 11:00,24.34000015
1932,19/09/2016 12:00,24.27000046
1933,19/09/2016 13:00,25.4659996
1934,19/09/2016 14:00,26.30999947
1935,19/09/2016 15:00,27.01300049
1936,19/09/2016 16:00,26.73200035
1937,19/09/2016 17:00,25.88800049
1938,19/09/2016 18:00,25.04400063
1939,19/09/2016 19:00,23.98800087
1940,19/09/2016 20:00,23.84799957
1941,19/09/2016 21:00,22.1590004
1942,19/09/2016 22:00,21.87800026
1943,19/09/2016 23:00,21.73699951
1944,20/09/2016 00:00,21.94799995
1945,20/09/2016 01:00,21.73699951
1946,20/09/2016 02:00,21.87800026
1947,20/09/2016 03:00,21.38500023
1948,20/09/2016 04:00,21.59700012
1949,20/09/2016 05:00,21.73699951
1950,20/09/2016 06:00,20.47100067
1951,20/09/2016 07:00,21.17399979
1952,20/09/2016 08:00,21.94799995
1953,20/09/2016 09:00,23.28499985
1954,20/09/2016 10:00,25.88800049
1955,20/09/2016 11:00,25.81699944
1956,20/09/2016 12:00,25.32500076
1957,20/09/2016 13:00,26.09900093
1958,20/09/2016 14:00,27.9279995
1959,20/09/2016 15:00,25.5359993
1960,20/09/2016 16:00,26.80200005
1961,20/09/2016 17:00,25.5359993
1962,20/09/2016 18:00,24.76199913
1963,20/09/2016 19:00,23.1439991
1964,20/09/2016 20:00,22.37000084
1965,20/09/2016 21:00,21.45599937
1966,20/09/2016 22:00,21.0340004
1967,20/09/2016 23:00,21.66699982
1968,21/09/2016 00:00,22.29999924
1969,21/09/2016 01:00,21.87800026
1970,21/09/2016 02:00,22.22999954
1971,21/09/2016 03:00,22.22999954
1972,21/09/2016 04:00,22.72200012
1973,21/09/2016 05:00,22.51099968
1974,21/09/2016 06:00,22.79199982
1975,21/09/2016 07:00,22.0890007
1976,21/09/2016 08:00,23.28499985
1977,21/09/2016 09:00,23.63699913
1978,21/09/2016 10:00,24.34000015
1979,21/09/2016 11:00,24.90299988
1980,21/09/2016 12:00,24.69199944
1981,21/09/2016 13:00,24.4810009
1982,21/09/2016 14:00,24.34000015
1983,21/09/2016 15:00,23.84799957
1984,21/09/2016 16:00,23.35499954
1985,21/09/2016 17:00,22.79199982
1986,21/09/2016 18:00,22.51099968
1987,21/09/2016 19:00,21.66699982
1988,21/09/2016 20:00,21.45599937
1989,21/09/2016 21:00,20.61199951
1990,21/09/2016 22:00,20.32999992
1991,21/09/2016 23:00,20.19000053
1992,22/09/2016 00:00,19.97900009
1993,22/09/2016 01:00,19.6970005
1994,22/09/2016 02:00,19.48600006
1995,22/09/2016 03:00,19.41600037
1996,22/09/2016 04:00,19.62700081
1997,22/09/2016 05:00,19.83799934
1998,22/09/2016 06:00,20.47100067
1999,22/09/2016 07:00,20.32999992
2000,22/09/2016 08:00,20.19000053
2001,22/09/2016 09:00,21.31500053
2002,22/09/2016 10:00,23.63699913
2003,22/09/2016 11:00,23.70700073
2004,22/09/2016 12:00,24.5510006
2005,22/09/2016 13:00,25.88800049
2006,22/09/2016 14:00,25.74699974
2007,22/09/2016 15:00,25.04400063
2008,22/09/2016 16:00,25.39500046
2009,22/09/2016 17:00,25.32500076
2010,22/09/2016 18:00,23.1439991
2011,22/09/2016 19:00,22.1590004
2012,22/09/2016 20:00,22.37000084
2013,22/09/2016 21:00,22.0890007
2014,22/09/2016 22:00,21.66699982
2015,22/09/2016 23:00,21.17399979
2016,23/09/2016 00:00,21.10400009
2017,23/09/2016 01:00,20.68199921
2018,23/09/2016 02:00,20.68199921
2019,23/09/2016 03:00,19.97900009
2020,23/09/2016 04:00,19.41600037
2021,23/09/2016 05:00,19.13400078
2022,23/09/2016 06:00,19.13400078
2023,23/09/2016 07:00,19.83799934
2024,23/09/2016 08:00,20.61199951
2025,23/09/2016 09:00,20.89299965
2026,23/09/2016 10:00,22.58099937
2027,23/09/2016 11:00,22.58099937
2028,23/09/2016 12:00,23.56599998
2029,23/09/2016 13:00,25.4659996
2030,23/09/2016 14:00,26.73200035
2031,23/09/2016 15:00,26.66200066
2032,23/09/2016 16:00,27.01300049
2033,23/09/2016 17:00,26.23900032
2034,23/09/2016 18:00,24.62100029
2035,23/09/2016 19:00,23.1439991
2036,23/09/2016 20:00,23.0739994
2037,23/09/2016 21:00,22.0890007
2038,23/09/2016 22:00,22.37000084
2039,23/09/2016 23:00,21.73699951
2040,24/09/2016 00:00,21.73699951
2041,24/09/2016 01:00,21.59700012
2042,24/09/2016 02:00,21.66699982
2043,24/09/2016 03:00,21.24500084
2044,24/09/2016 04:00,20.75200081
2045,24/09/2016 05:00,20.68199921
2046,24/09/2016 06:00,20.54100037
2047,24/09/2016 07:00,21.17399979
2048,24/09/2016 08:00,22.0189991
2049,24/09/2016 09:00,22.65200043
2050,24/09/2016 10:00,23.98800087
2051,24/09/2016 11:00,24.4810009
2052,24/09/2016 12:00,25.4659996
2053,24/09/2016 13:00,27.22400093
2054,24/09/2016 14:00,27.50600052
2055,24/09/2016 15:00,27.08399963
2056,24/09/2016 16:00,26.80200005
2057,24/09/2016 17:00,26.16900063
2058,24/09/2016 18:00,24.90299988
2059,24/09/2016 19:00,24.1989994
2060,24/09/2016 20:00,24.34000015
2061,24/09/2016 21:00,23.49600029
2062,24/09/2016 22:00,23.28499985
2063,24/09/2016 23:00,23.00300026
2064,25/09/2016 00:00,22.72200012
2065,25/09/2016 01:00,22.65200043
2066,25/09/2016 02:00,22.29999924
2067,25/09/2016 03:00,22.0890007
2068,25/09/2016 04:00,22.0890007
2069,25/09/2016 05:00,21.73699951
2070,25/09/2016 06:00,21.66699982
2071,25/09/2016 07:00,22.22999954
2072,25/09/2016 08:00,22.51099968
2073,25/09/2016 09:00,23.77700043
2074,25/09/2016 10:00,24.5510006
2075,25/09/2016 11:00,24.69199944
2076,25/09/2016 12:00,25.67700005
2077,25/09/2016 13:00,26.45000076
2078,25/09/2016 14:00,27.15399933
2079,25/09/2016 15:00,27.22400093
2080,25/09/2016 16:00,26.94300079
2081,25/09/2016 17:00,26.45000076
2082,25/09/2016 18:00,25.74699974
2083,25/09/2016 19:00,25.25499916
2084,25/09/2016 20:00,24.34000015
2085,25/09/2016 21:00,23.98800087
2086,25/09/2016 22:00,23.63699913
2087,25/09/2016 23:00,23.4260006
2088,26/09/2016 00:00,22.65200043
2089,26/09/2016 01:00,22.79199982
2090,26/09/2016 02:00,22.86300087
2091,26/09/2016 03:00,22.37000084
2092,26/09/2016 04:00,22.44099998
2093,26/09/2016 05:00,22.0890007
2094,26/09/2016 06:00,22.0890007
2095,26/09/2016 07:00,21.87800026
2096,26/09/2016 08:00,22.58099937
2097,26/09/2016 09:00,23.56599998
2098,26/09/2016 10:00,24.34000015
2099,26/09/2016 11:00,25.25499916
2100,26/09/2016 12:00,26.30999947
2101,26/09/2016 13:00,27.15399933
2102,26/09/2016 14:00,27.29500008
2103,26/09/2016 15:00,27.15399933
2104,26/09/2016 16:00,27.08399963
2105,26/09/2016 17:00,26.80200005
2106,26/09/2016 18:00,25.67700005
2107,26/09/2016 19:00,24.69199944
2108,26/09/2016 20:00,24.05900002
2109,26/09/2016 21:00,23.98800087
2110,26/09/2016 22:00,23.63699913
2111,26/09/2016 23:00,23.21500015
2112,27/09/2016 00:00,23.28499985
2113,27/09/2016 01:00,23.49600029
2114,27/09/2016 02:00,23.00300026
2115,27/09/2016 03:00,23.1439991
2116,27/09/2016 04:00,22.93300056
2117,27/09/2016 05:00,22.58099937
2118,27/09/2016 06:00,22.58099937
2119,27/09/2016 07:00,23.00300026
2120,27/09/2016 08:00,22.79199982
2121,27/09/2016 09:00,23.98800087
2122,27/09/2016 10:00,24.76199913
2123,27/09/2016 11:00,25.04400063
2124,27/09/2016 12:00,26.02799988
2125,27/09/2016 13:00,26.94300079
2126,27/09/2016 14:00,27.01300049
2127,27/09/2016 15:00,27.50600052
2128,27/09/2016 16:00,27.57600021
2129,27/09/2016 17:00,27.43499947
2130,27/09/2016 18:00,26.09900093
2131,27/09/2016 19:00,25.25499916
2132,27/09/2016 20:00,24.12899971
2133,27/09/2016 21:00,23.77700043
2134,27/09/2016 22:00,23.4260006
2135,27/09/2016 23:00,23.00300026
2136,28/09/2016 00:00,22.51099968
2137,28/09/2016 01:00,22.22999954
2138,28/09/2016 02:00,22.37000084
2139,28/09/2016 03:00,20.61199951
2140,28/09/2016 04:00,21.66699982
2141,28/09/2016 05:00,21.31500053
2142,28/09/2016 06:00,21.52599907
2143,28/09/2016 07:00,21.45599937
2144,28/09/2016 08:00,21.73699951
2145,28/09/2016 09:00,21.17399979
2146,28/09/2016 10:00,19.90800095
2147,28/09/2016 11:00,18.50099945
2148,28/09/2016 12:00,16.32099915
2149,28/09/2016 13:00,15.47599983
2150,28/09/2016 14:00,17.51600075
2151,28/09/2016 15:00,17.44599915
2152,28/09/2016 16:00,16.88299942
2153,28/09/2016 17:00,14.91399956
2154,28/09/2016 18:00,16.46100044
2155,28/09/2016 19:00,16.03899956
2156,28/09/2016 20:00,13.78800011
2157,28/09/2016 21:00,14.84300041
2158,28/09/2016 22:00,15.26500034
2159,28/09/2016 23:00,14.84300041
2160,29/09/2016 00:00,13.78800011
2161,29/09/2016 01:00,10.3409996
2162,29/09/2016 02:00,10.13000011
2163,29/09/2016 03:00,11.46700001
2164,29/09/2016 04:00,11.95899963
2165,29/09/2016 05:00,9.98900032
2166,29/09/2016 06:00,9.425999641
2167,29/09/2016 07:00,9.425999641
2168,29/09/2016 08:00,9.567000389
2169,29/09/2016 09:00,9.708000183
2170,29/09/2016 10:00,10.13000011
2171,29/09/2016 11:00,10.13000011
2172,29/09/2016 12:00,12.10000038
2173,29/09/2016 13:00,14.70300007
2174,29/09/2016 14:00,12.23999977
2175,29/09/2016 15:00,14.27999973
2176,29/09/2016 16:00,12.7329998
2177,29/09/2016 17:00,13.43599987
2178,29/09/2016 18:00,11.04399967
2179,29/09/2016 19:00,10.3409996
2180,29/09/2016 20:00,10.62199974
2181,29/09/2016 21:00,10.48200035
2182,29/09/2016 22:00,10.41100025
2183,29/09/2016 23:00,10.3409996
2184,30/09/2016 00:00,10.48200035
2185,30/09/2016 01:00,11.46700001
2186,30/09/2016 02:00,10.69299984
2187,30/09/2016 03:00,13.57699966
2188,30/09/2016 04:00,11.25599957
2189,30/09/2016 05:00,11.32600021
2190,30/09/2016 06:00,11.88899994
2191,30/09/2016 07:00,11.04399967
2192,30/09/2016 08:00,10.3409996
2193,30/09/2016 09:00,12.7329998
2194,30/09/2016 10:00,16.03899956
2195,30/09/2016 11:00,15.68700027
2196,30/09/2016 12:00,15.75800037
2197,30/09/2016 13:00,15.75800037
2198,30/09/2016 14:00,16.95400047
2199,30/09/2016 15:00,16.60199928
2200,30/09/2016 16:00,16.60199928
2201,30/09/2016 17:00,16.95400047
2202,30/09/2016 18:00,18.00900078
2203,30/09/2016 19:00,18.78300095
2204,30/09/2016 20:00,18.71199989
2205,30/09/2016 21:00,18.43099976
2206,30/09/2016 22:00,18.99399948
2207,30/09/2016 23:00,18.5720005
2208,01/10/2016 00:00,18.78300095
2209,01/10/2016 01:00,18.5720005
2210,01/10/2016 02:00,18.07900047
2211,01/10/2016 03:00,19.20499992
2212,01/10/2016 04:00,18.6420002
2213,01/10/2016 05:00,19.27499962
2214,01/10/2016 06:00,19.13400078
2215,01/10/2016 07:00,19.27499962
2216,01/10/2016 08:00,17.02400017
2217,01/10/2016 09:00,13.78800011
2218,01/10/2016 10:00,14.35099983
2219,01/10/2016 11:00,15.96899986
2220,01/10/2016 12:00,19.27499962
2221,01/10/2016 13:00,19.97900009
2222,01/10/2016 14:00,21.0340004
2223,01/10/2016 15:00,20.82299995
2224,01/10/2016 16:00,20.75200081
2225,01/10/2016 17:00,19.55599976
2226,01/10/2016 18:00,20.54100037
2227,01/10/2016 19:00,20.47100067
2228,01/10/2016 20:00,20.68199921
2229,01/10/2016 21:00,20.75200081
2230,01/10/2016 22:00,20.75200081
2231,01/10/2016 23:00,20.89299965
2232,02/10/2016 00:00,20.47100067
2233,02/10/2016 01:00,20.26000023
2234,02/10/2016 02:00,20.11899948
2235,02/10/2016 03:00,20.61199951
2236,02/10/2016 04:00,19.76799965
2237,02/10/2016 05:00,20.32999992
2238,02/10/2016 06:00,19.97900009
2239,02/10/2016 07:00,18.85300064
2240,02/10/2016 08:00,19.83799934
2241,02/10/2016 09:00,19.27499962
2242,02/10/2016 10:00,19.6970005
2243,02/10/2016 11:00,20.04899979
2244,02/10/2016 12:00,20.11899948
2245,02/10/2016 13:00,21.24500084
2246,02/10/2016 14:00,21.52599907
2247,02/10/2016 15:00,20.47100067
2248,02/10/2016 16:00,19.06399918
2249,02/10/2016 17:00,16.03899956
2250,02/10/2016 18:00,19.27499962
2251,02/10/2016 19:00,19.76799965
2252,02/10/2016 20:00,19.90800095
2253,02/10/2016 21:00,19.97900009
2254,02/10/2016 22:00,19.97900009
2255,02/10/2016 23:00,20.26000023
2256,03/10/2016 00:00,20.54100037
2257,03/10/2016 01:00,19.83799934
2258,03/10/2016 02:00,20.61199951
2259,03/10/2016 03:00,20.26000023
2260,03/10/2016 04:00,20.61199951
2261,03/10/2016 05:00,19.97900009
2262,03/10/2016 06:00,20.04899979
2263,03/10/2016 07:00,19.76799965
2264,03/10/2016 08:00,20.40099907
2265,03/10/2016 09:00,20.68199921
2266,03/10/2016 10:00,21.45599937
2267,03/10/2016 11:00,22.0890007
2268,03/10/2016 12:00,22.58099937
2269,03/10/2016 13:00,24.4810009
2270,03/10/2016 14:00,24.27000046
2271,03/10/2016 15:00,24.1989994
2272,03/10/2016 16:00,24.97299957
2273,03/10/2016 17:00,26.02799988
2274,03/10/2016 18:00,24.5510006
2275,03/10/2016 19:00,23.63699913
2276,03/10/2016 20:00,23.84799957
2277,03/10/2016 21:00,23.21500015
2278,03/10/2016 22:00,22.58099937
2279,03/10/2016 23:00,22.0189991
2280,04/10/2016 00:00,22.0189991
2281,04/10/2016 01:00,21.59700012
2282,04/10/2016 02:00,21.38500023
2283,04/10/2016 03:00,20.68199921
2284,04/10/2016 04:00,20.82299995
2285,04/10/2016 05:00,20.96299934
2286,04/10/2016 06:00,20.32999992
2287,04/10/2016 07:00,20.54100037
2288,04/10/2016 08:00,20.54100037
2289,04/10/2016 09:00,22.29999924
2290,04/10/2016 10:00,22.79199982
2291,04/10/2016 11:00,22.65200043
2292,04/10/2016 12:00,23.49600029
2293,04/10/2016 13:00,23.4260006
2294,04/10/2016 14:00,23.63699913
2295,04/10/2016 15:00,23.49600029
2296,04/10/2016 16:00,23.49600029
2297,04/10/2016 17:00,23.84799957
2298,04/10/2016 18:00,22.51099968
2299,04/10/2016 19:00,22.93300056
2300,04/10/2016 20:00,23.84799957
2301,04/10/2016 21:00,24.69199944
2302,04/10/2016 22:00,23.91799927
2303,04/10/2016 23:00,23.63699913
2304,05/10/2016 00:00,24.4810009
2305,05/10/2016 01:00,22.72200012
2306,05/10/2016 02:00,22.1590004
2307,05/10/2016 03:00,22.65200043
2308,05/10/2016 04:00,24.12899971
2309,05/10/2016 05:00,23.49600029
2310,05/10/2016 06:00,23.63699913
2311,05/10/2016 07:00,23.98800087
2312,05/10/2016 08:00,23.1439991
2313,05/10/2016 09:00,25.18400002
2314,05/10/2016 10:00,27.50600052
2315,05/10/2016 11:00,25.88800049
2316,05/10/2016 12:00,25.4659996
2317,05/10/2016 13:00,25.04400063
2318,05/10/2016 14:00,26.66200066
2319,05/10/2016 15:00,25.6060009
2320,05/10/2016 16:00,25.6060009
2321,05/10/2016 17:00,25.4659996
2322,05/10/2016 18:00,24.62100029
2323,05/10/2016 19:00,24.12899971
2324,05/10/2016 20:00,23.4260006
2325,05/10/2016 21:00,22.58099937
2326,05/10/2016 22:00,22.22999954
2327,05/10/2016 23:00,21.73699951
2328,06/10/2016 00:00,21.17399979
2329,06/10/2016 01:00,20.89299965
2330,06/10/2016 02:00,20.47100067
2331,06/10/2016 03:00,20.47100067
2332,06/10/2016 04:00,20.40099907
2333,06/10/2016 05:00,19.83799934
2334,06/10/2016 06:00,20.32999992
2335,06/10/2016 07:00,19.62700081
2336,06/10/2016 08:00,20.40099907
2337,06/10/2016 09:00,20.47100067
2338,06/10/2016 10:00,20.47100067
2339,06/10/2016 11:00,21.10400009
2340,06/10/2016 12:00,21.45599937
2341,06/10/2016 13:00,22.93300056
2342,06/10/2016 14:00,22.58099937
2343,06/10/2016 15:00,22.22999954
2344,06/10/2016 16:00,21.45599937
2345,06/10/2016 17:00,21.0340004
2346,06/10/2016 18:00,20.47100067
2347,06/10/2016 19:00,19.83799934
2348,06/10/2016 20:00,19.6970005
2349,06/10/2016 21:00,19.34499931
2350,06/10/2016 22:00,19.48600006
2351,06/10/2016 23:00,19.41600037
2352,07/10/2016 00:00,16.10899925
2353,07/10/2016 01:00,17.16500092
2354,07/10/2016 02:00,16.10899925
2355,07/10/2016 03:00,14.21000004
2356,07/10/2016 04:00,17.37599945
2357,07/10/2016 05:00,17.86800003
2358,07/10/2016 06:00,17.72699928
2359,07/10/2016 07:00,17.37599945
2360,07/10/2016 08:00,17.86800003
2361,07/10/2016 09:00,18.29000092
2362,07/10/2016 10:00,18.21999931
2363,07/10/2016 11:00,18.21999931
2364,07/10/2016 12:00,18.29000092
2365,07/10/2016 13:00,13.71800041
2366,07/10/2016 14:00,18.29000092
2367,07/10/2016 15:00,19.20499992
2368,07/10/2016 16:00,19.48600006
2369,07/10/2016 17:00,19.48600006
2370,07/10/2016 18:00,19.20499992
2371,07/10/2016 19:00,19.06399918
2372,07/10/2016 20:00,19.20499992
2373,07/10/2016 21:00,19.41600037
2374,07/10/2016 22:00,20.11899948
2375,07/10/2016 23:00,20.75200081
2376,08/10/2016 00:00,19.20499992
2377,08/10/2016 01:00,17.93799973
2378,08/10/2016 02:00,18.21999931
2379,08/10/2016 03:00,20.11899948
2380,08/10/2016 04:00,19.27499962
2381,08/10/2016 05:00,18.92300034
2382,08/10/2016 06:00,18.78300095
2383,08/10/2016 07:00,18.00900078
2384,08/10/2016 08:00,18.71199989
2385,08/10/2016 09:00,21.17399979
2386,08/10/2016 10:00,20.89299965
2387,08/10/2016 11:00,21.38500023
2388,08/10/2016 12:00,20.82299995
2389,08/10/2016 13:00,22.1590004
2390,08/10/2016 14:00,22.22999954
2391,08/10/2016 15:00,21.52599907
2392,08/10/2016 16:00,21.17399979
2393,08/10/2016 17:00,21.17399979
2394,08/10/2016 18:00,19.76799965
2395,08/10/2016 19:00,20.26000023
2396,08/10/2016 20:00,19.83799934
2397,08/10/2016 21:00,19.62700081
2398,08/10/2016 22:00,19.48600006
2399,08/10/2016 23:00,18.92300034
2400,09/10/2016 00:00,18.78300095
2401,09/10/2016 01:00,19.27499962
2402,09/10/2016 02:00,19.06399918
2403,09/10/2016 03:00,19.06399918
2404,09/10/2016 04:00,17.93799973
2405,09/10/2016 05:00,17.58699989
2406,09/10/2016 06:00,17.16500092
2407,09/10/2016 07:00,16.88299942
2408,09/10/2016 08:00,17.09399986
2409,09/10/2016 09:00,18.07900047
2410,09/10/2016 10:00,18.71199989
2411,09/10/2016 11:00,18.43099976
2412,09/10/2016 12:00,18.5720005
2413,09/10/2016 13:00,20.26000023
2414,09/10/2016 14:00,19.90800095
2415,09/10/2016 15:00,19.76799965
2416,09/10/2016 16:00,19.97900009
2417,09/10/2016 17:00,19.83799934
2418,09/10/2016 18:00,19.55599976
2419,09/10/2016 19:00,18.36100006
2420,09/10/2016 20:00,16.46100044
2421,09/10/2016 21:00,16.39100075
2422,09/10/2016 22:00,16.25
2423,09/10/2016 23:00,15.68700027
2424,10/10/2016 00:00,16.46100044
2425,10/10/2016 01:00,16.88299942
2426,10/10/2016 02:00,16.88299942
2427,10/10/2016 03:00,16.53199959
2428,10/10/2016 04:00,16.74300003
2429,10/10/2016 05:00,16.53199959
2430,10/10/2016 06:00,16.46100044
2431,10/10/2016 07:00,16.46100044
2432,10/10/2016 08:00,16.95400047
2433,10/10/2016 09:00,17.51600075
2434,10/10/2016 10:00,17.86800003
2435,10/10/2016 11:00,18.07900047
2436,10/10/2016 12:00,18.50099945
2437,10/10/2016 13:00,19.55599976
2438,10/10/2016 14:00,19.06399918
2439,10/10/2016 15:00,19.76799965
2440,10/10/2016 16:00,19.27499962
2441,10/10/2016 17:00,19.62700081
2442,10/10/2016 18:00,20.11899948
2443,10/10/2016 19:00,20.04899979
2444,10/10/2016 20:00,19.06399918
2445,10/10/2016 21:00,19.06399918
2446,10/10/2016 22:00,18.71199989
2447,10/10/2016 23:00,18.14999962
2448,11/10/2016 00:00,17.86800003
2449,11/10/2016 01:00,17.79800034
2450,11/10/2016 02:00,17.79800034
2451,11/10/2016 03:00,17.16500092
2452,11/10/2016 04:00,17.44599915
2453,11/10/2016 05:00,17.51600075
2454,11/10/2016 06:00,18.07900047
2455,11/10/2016 07:00,17.86800003
2456,11/10/2016 08:00,18.21999931
2457,11/10/2016 09:00,18.6420002
2458,11/10/2016 10:00,18.36100006
2459,11/10/2016 11:00,18.36100006
2460,11/10/2016 12:00,19.06399918
2461,11/10/2016 13:00,18.71199989
2462,11/10/2016 14:00,18.71199989
2463,11/10/2016 15:00,18.6420002
2464,11/10/2016 16:00,17.86800003
2465,11/10/2016 17:00,17.23500061
2466,11/10/2016 18:00,16.74300003
2467,11/10/2016 19:00,16.60199928
2468,11/10/2016 20:00,16.88299942
2469,11/10/2016 21:00,16.95400047
2470,11/10/2016 22:00,17.16500092
2471,11/10/2016 23:00,16.39100075
2472,12/10/2016 00:00,13.50699997
2473,12/10/2016 01:00,13.43599987
2474,12/10/2016 02:00,14.49100018
2475,12/10/2016 03:00,15.125
2476,12/10/2016 04:00,15.19499969
2477,12/10/2016 05:00,16.46100044
2478,12/10/2016 06:00,16.10899925
2479,12/10/2016 07:00,16.60199928
2480,12/10/2016 08:00,16.67200089
2481,12/10/2016 09:00,17.51600075
2482,12/10/2016 10:00,18.00900078
2483,12/10/2016 11:00,18.07900047
2484,12/10/2016 12:00,18.00900078
2485,12/10/2016 13:00,17.44599915
2486,12/10/2016 14:00,17.86800003
2487,12/10/2016 15:00,17.79800034
2488,12/10/2016 16:00,17.72699928
2489,12/10/2016 17:00,18.6420002
2490,12/10/2016 18:00,18.92300034
2491,12/10/2016 19:00,18.71199989
2492,12/10/2016 20:00,18.78300095
2493,12/10/2016 21:00,18.6420002
2494,12/10/2016 22:00,18.6420002
2495,12/10/2016 23:00,18.5720005
2496,13/10/2016 00:00,17.93799973
2497,13/10/2016 01:00,17.51600075
2498,13/10/2016 02:00,17.72699928
2499,13/10/2016 03:00,17.37599945
2500,13/10/2016 04:00,16.88299942
2501,13/10/2016 05:00,17.16500092
2502,13/10/2016 06:00,17.23500061
2503,13/10/2016 07:00,17.44599915
2504,13/10/2016 08:00,17.37599945
2505,13/10/2016 09:00,17.09399986
2506,13/10/2016 10:00,17.37599945
2507,13/10/2016 11:00,17.23500061
2508,13/10/2016 12:00,17.65699959
2509,13/10/2016 13:00,17.51600075
2510,13/10/2016 14:00,17.44599915
2511,13/10/2016 15:00,17.23500061
2512,13/10/2016 16:00,17.16500092
2513,13/10/2016 17:00,17.09399986
2514,13/10/2016 18:00,16.53199959
2515,13/10/2016 19:00,16.46100044
2516,13/10/2016 20:00,14.98400021
2517,13/10/2016 21:00,15.40600014
2518,13/10/2016 22:00,15.0539999
2519,13/10/2016 23:00,15.125
2520,14/10/2016 00:00,15.47599983
2521,14/10/2016 01:00,15.82800007
2522,14/10/2016 02:00,15.89799976
2523,14/10/2016 03:00,15.75800037
2524,14/10/2016 04:00,14.91399956
2525,14/10/2016 05:00,14.84300041
2526,14/10/2016 06:00,15.61699963
2527,14/10/2016 07:00,16.03899956
2528,14/10/2016 08:00,15.19499969
2529,14/10/2016 09:00,15.82800007
2530,14/10/2016 10:00,15.40600014
2531,14/10/2016 11:00,14.49100018
2532,14/10/2016 12:00,15.47599983
2533,14/10/2016 13:00,14.77299976
2534,14/10/2016 14:00,15.19499969
2535,14/10/2016 15:00,14.49100018
2536,14/10/2016 16:00,14.84300041
2537,14/10/2016 17:00,15.0539999
2538,14/10/2016 18:00,15.47599983
2539,14/10/2016 19:00,15.54699993
2540,14/10/2016 20:00,15.75800037
2541,14/10/2016 21:00,16.10899925
2542,14/10/2016 22:00,15.96899986
2543,14/10/2016 23:00,15.75800037
2544,15/10/2016 00:00,15.68700027
2545,15/10/2016 01:00,15.47599983
2546,15/10/2016 02:00,15.82800007
2547,15/10/2016 03:00,15.75800037
2548,15/10/2016 04:00,15.89799976
2549,15/10/2016 05:00,15.89799976
2550,15/10/2016 06:00,15.89799976
2551,15/10/2016 07:00,16.10899925
2552,15/10/2016 08:00,16.67200089
2553,15/10/2016 09:00,16.88299942
2554,15/10/2016 10:00,17.58699989
2555,15/10/2016 11:00,17.44599915
2556,15/10/2016 12:00,18.43099976
2557,15/10/2016 13:00,19.06399918
2558,15/10/2016 14:00,19.06399918
2559,15/10/2016 15:00,18.85300064
2560,15/10/2016 16:00,19.20499992
2561,15/10/2016 17:00,19.62700081
2562,15/10/2016 18:00,19.27499962
2563,15/10/2016 19:00,19.06399918
2564,15/10/2016 20:00,19.20499992
2565,15/10/2016 21:00,19.62700081
2566,15/10/2016 22:00,20.47100067
2567,15/10/2016 23:00,21.24500084
2568,16/10/2016 00:00,20.82299995
2569,16/10/2016 01:00,20.68199921
2570,16/10/2016 02:00,22.0189991
2571,16/10/2016 03:00,21.73699951
2572,16/10/2016 04:00,18.85300064
2573,16/10/2016 05:00,18.5720005
2574,16/10/2016 06:00,19.34499931
2575,16/10/2016 07:00,19.55599976
2576,16/10/2016 08:00,20.54100037
2577,16/10/2016 09:00,19.76799965
2578,16/10/2016 10:00,21.24500084
2579,16/10/2016 11:00,21.38500023
2580,16/10/2016 12:00,21.87800026
2581,16/10/2016 13:00,22.29999924
2582,16/10/2016 14:00,22.0189991
2583,16/10/2016 15:00,21.0340004
2584,16/10/2016 16:00,21.80800056
2585,16/10/2016 17:00,21.17399979
2586,16/10/2016 18:00,21.38500023
2587,16/10/2016 19:00,20.75200081
2588,16/10/2016 20:00,19.48600006
2589,16/10/2016 21:00,18.85300064
2590,16/10/2016 22:00,20.68199921
2591,16/10/2016 23:00,20.11899948
2592,17/10/2016 00:00,19.41600037
2593,17/10/2016 01:00,19.55599976
2594,17/10/2016 02:00,19.55599976
2595,17/10/2016 03:00,18.71199989
2596,17/10/2016 04:00,19.27499962
2597,17/10/2016 05:00,19.62700081
2598,17/10/2016 06:00,18.36100006
2599,17/10/2016 07:00,18.99399948
2600,17/10/2016 08:00,18.71199989
2601,17/10/2016 09:00,20.04899979
2602,17/10/2016 10:00,20.19000053
2603,17/10/2016 11:00,19.6970005
2604,17/10/2016 12:00,20.61199951
2605,17/10/2016 13:00,20.82299995
2606,17/10/2016 14:00,20.47100067
2607,17/10/2016 15:00,20.82299995
2608,17/10/2016 16:00,20.26000023
2609,17/10/2016 17:00,20.82299995
2610,17/10/2016 18:00,20.32999992
2611,17/10/2016 19:00,19.90800095
2612,17/10/2016 20:00,20.11899948
2613,17/10/2016 21:00,20.11899948
2614,17/10/2016 22:00,19.27499962
2615,17/10/2016 23:00,18.5720005
2616,18/10/2016 00:00,18.50099945
2617,18/10/2016 01:00,18.07900047
2618,18/10/2016 02:00,18.29000092
2619,18/10/2016 03:00,18.00900078
2620,18/10/2016 04:00,18.21999931
2621,18/10/2016 05:00,18.07900047
2622,18/10/2016 06:00,18.21999931
2623,18/10/2016 07:00,17.79800034
2624,18/10/2016 08:00,17.86800003
2625,18/10/2016 09:00,18.43099976
2626,18/10/2016 10:00,19.06399918
2627,18/10/2016 11:00,19.48600006
2628,18/10/2016 12:00,19.41600037
2629,18/10/2016 13:00,19.90800095
2630,18/10/2016 14:00,20.47100067
2631,18/10/2016 15:00,20.26000023
2632,18/10/2016 16:00,20.47100067
2633,18/10/2016 17:00,20.96299934
2634,18/10/2016 18:00,20.19000053
2635,18/10/2016 19:00,19.90800095
2636,18/10/2016 20:00,19.62700081
2637,18/10/2016 21:00,19.48600006
2638,18/10/2016 22:00,19.27499962
2639,18/10/2016 23:00,19.55599976
2640,19/10/2016 00:00,19.6970005
2641,19/10/2016 01:00,19.48600006
2642,19/10/2016 02:00,19.48600006
2643,19/10/2016 03:00,19.76799965
2644,19/10/2016 04:00,19.83799934
2645,19/10/2016 05:00,19.97900009
2646,19/10/2016 06:00,19.90800095
2647,19/10/2016 07:00,19.76799965
2648,19/10/2016 08:00,19.6970005
2649,19/10/2016 09:00,20.11899948
2650,19/10/2016 10:00,20.82299995
2651,19/10/2016 11:00,21.0340004
2652,19/10/2016 12:00,21.10400009
2653,19/10/2016 13:00,21.17399979
2654,19/10/2016 14:00,20.82299995
2655,19/10/2016 15:00,20.82299995
2656,19/10/2016 16:00,20.89299965
2657,19/10/2016 17:00,19.83799934
2658,19/10/2016 18:00,19.48600006
2659,19/10/2016 19:00,19.41600037
2660,19/10/2016 20:00,19.27499962
2661,19/10/2016 21:00,19.62700081
2662,19/10/2016 22:00,18.71199989
2663,19/10/2016 23:00,18.85300064
2664,20/10/2016 00:00,18.71199989
2665,20/10/2016 01:00,18.6420002
2666,20/10/2016 02:00,18.50099945
2667,20/10/2016 03:00,17.65699959
2668,20/10/2016 04:00,14.84300041
2669,20/10/2016 05:00,14.06900024
2670,20/10/2016 06:00,14.84300041
2671,20/10/2016 07:00,16.95400047
2672,20/10/2016 08:00,17.86800003
2673,20/10/2016 09:00,18.00900078
2674,20/10/2016 10:00,17.30500031
2675,20/10/2016 11:00,17.51600075
2676,20/10/2016 12:00,18.29000092
2677,20/10/2016 13:00,18.14999962
2678,20/10/2016 14:00,14.77299976
2679,20/10/2016 15:00,13.08500004
2680,20/10/2016 16:00,13.08500004
2681,20/10/2016 17:00,12.45100021
2682,20/10/2016 18:00,12.7329998
2683,20/10/2016 19:00,16.46100044
2684,20/10/2016 20:00,15.26500034
2685,20/10/2016 21:00,16.60199928
2686,20/10/2016 22:00,17.02400017
2687,20/10/2016 23:00,16.95400047
2688,21/10/2016 00:00,16.95400047
2689,21/10/2016 01:00,17.65699959
2690,21/10/2016 02:00,17.79800034
2691,21/10/2016 03:00,17.44599915
2692,21/10/2016 04:00,14.42099953
2693,21/10/2016 05:00,17.16500092
2694,21/10/2016 06:00,17.65699959
2695,21/10/2016 07:00,15.96899986
2696,21/10/2016 08:00,18.00900078
2697,21/10/2016 09:00,17.86800003
2698,21/10/2016 10:00,18.21999931
2699,21/10/2016 11:00,18.92300034
2700,21/10/2016 12:00,18.21999931
2701,21/10/2016 13:00,17.44599915
2702,21/10/2016 14:00,18.07900047
2703,21/10/2016 15:00,17.86800003
2704,21/10/2016 16:00,18.00900078
2705,21/10/2016 17:00,14.91399956
2706,21/10/2016 18:00,18.21999931
2707,21/10/2016 19:00,18.21999931
2708,21/10/2016 20:00,17.44599915
2709,21/10/2016 21:00,16.53199959
2710,21/10/2016 22:00,17.65699959
2711,21/10/2016 23:00,14.49100018
2712,22/10/2016 00:00,13.9289999
2713,22/10/2016 01:00,12.6619997
2714,22/10/2016 02:00,12.6619997
2715,22/10/2016 03:00,13.8579998
2716,22/10/2016 04:00,13.50699997
2717,22/10/2016 05:00,15.61699963
2718,22/10/2016 06:00,12.7329998
2719,22/10/2016 07:00,12.10000038
2720,22/10/2016 08:00,12.38099957
2721,22/10/2016 09:00,11.88899994
2722,22/10/2016 10:00,11.5369997
2723,22/10/2016 11:00,11.04399967
2724,22/10/2016 12:00,11.32600021
2725,22/10/2016 13:00,10.83300018
2726,22/10/2016 14:00,10.97399998
2727,22/10/2016 15:00,10.55200005
2728,22/10/2016 16:00,14.77299976
2729,22/10/2016 17:00,14.91399956
2730,22/10/2016 18:00,15.125
2731,22/10/2016 19:00,16.53199959
2732,22/10/2016 20:00,12.7329998
2733,22/10/2016 21:00,14.70300007
2734,22/10/2016 22:00,14.98400021
2735,22/10/2016 23:00,15.19499969
2736,23/10/2016 00:00,14.84300041
2737,23/10/2016 01:00,14.14000034
2738,23/10/2016 02:00,15.19499969
2739,23/10/2016 03:00,15.26500034
2740,23/10/2016 04:00,14.84300041
2741,23/10/2016 05:00,13.9989996
2742,23/10/2016 06:00,14.70300007
2743,23/10/2016 07:00,15.0539999
2744,23/10/2016 08:00,15.19499969
2745,23/10/2016 09:00,14.35099983
2746,23/10/2016 10:00,15.26500034
2747,23/10/2016 11:00,16.32099915
2748,23/10/2016 12:00,14.27999973
2749,23/10/2016 13:00,14.91399956
2750,23/10/2016 14:00,16.10899925
2751,23/10/2016 15:00,16.60199928
2752,23/10/2016 16:00,15.33600044
2753,23/10/2016 17:00,14.49100018
2754,23/10/2016 18:00,15.19499969
2755,23/10/2016 19:00,15.54699993
2756,23/10/2016 20:00,15.47599983
2757,23/10/2016 21:00,16.60199928
2758,23/10/2016 22:00,16.95400047
2759,23/10/2016 23:00,16.03899956
2760,24/10/2016 00:00,15.47599983
2761,24/10/2016 01:00,16.46100044
2762,24/10/2016 02:00,17.09399986
2763,24/10/2016 03:00,16.88299942
2764,24/10/2016 04:00,17.44599915
2765,24/10/2016 05:00,17.30500031
2766,24/10/2016 06:00,15.75800037
2767,24/10/2016 07:00,15.40600014
2768,24/10/2016 08:00,17.02400017
2769,24/10/2016 09:00,15.33600044
2770,24/10/2016 10:00,18.07900047
2771,24/10/2016 11:00,18.5720005
2772,24/10/2016 12:00,18.43099976
2773,24/10/2016 13:00,18.85300064
2774,24/10/2016 14:00,18.43099976
2775,24/10/2016 15:00,18.92300034
2776,24/10/2016 16:00,20.82299995
2777,24/10/2016 17:00,19.27499962
2778,24/10/2016 18:00,18.29000092
2779,24/10/2016 19:00,19.41600037
2780,24/10/2016 20:00,19.06399918
2781,24/10/2016 21:00,17.44599915
2782,24/10/2016 22:00,17.30500031
2783,24/10/2016 23:00,14.63199997
2784,25/10/2016 00:00,13.08500004
2785,25/10/2016 01:00,11.46700001
2786,25/10/2016 02:00,10.55200005
2787,25/10/2016 03:00,12.6619997
2788,25/10/2016 04:00,13.22500038
2789,25/10/2016 05:00,13.50699997
2790,25/10/2016 06:00,14.14000034
2791,25/10/2016 07:00,13.01399994
2792,25/10/2016 08:00,15.89799976
2793,25/10/2016 09:00,14.77299976
2794,25/10/2016 10:00,14.98400021
2795,25/10/2016 11:00,14.91399956
2796,25/10/2016 12:00,14.14000034
2797,25/10/2016 13:00,13.9989996
2798,25/10/2016 14:00,15.47599983
2799,25/10/2016 15:00,14.14000034
2800,25/10/2016 16:00,14.49100018
2801,25/10/2016 17:00,14.77299976
2802,25/10/2016 18:00,14.49100018
2803,25/10/2016 19:00,14.06900024
2804,25/10/2016 20:00,13.71800041
2805,25/10/2016 21:00,13.43599987
2806,25/10/2016 22:00,13.43599987
2807,25/10/2016 23:00,12.7329998
2808,26/10/2016 00:00,13.15499973
2809,26/10/2016 01:00,12.23999977
2810,26/10/2016 02:00,9.215000153
2811,26/10/2016 03:00,11.32600021
2812,26/10/2016 04:00,9.145000458
2813,26/10/2016 05:00,8.159999847
2814,26/10/2016 06:00,9.215000153
2815,26/10/2016 07:00,8.86400032
2816,26/10/2016 08:00,9.918999672
2817,26/10/2016 09:00,9.425999641
2818,26/10/2016 10:00,8.230999947
2819,26/10/2016 11:00,7.52699995
2820,26/10/2016 12:00,10.90400028
2821,26/10/2016 13:00,11.95899963
2822,26/10/2016 14:00,12.23999977
2823,26/10/2016 15:00,12.38099957
2824,26/10/2016 16:00,9.355999947
2825,26/10/2016 17:00,13.01399994
2826,26/10/2016 18:00,14.42099953
2827,26/10/2016 19:00,14.21000004
2828,26/10/2016 20:00,10.62199974
2829,26/10/2016 21:00,10.19999981
2830,26/10/2016 22:00,12.7329998
2831,26/10/2016 23:00,8.230999947
2832,27/10/2016 00:00,7.809000015
2833,27/10/2016 01:00,8.090000153
2834,27/10/2016 02:00,10.97399998
2835,27/10/2016 03:00,12.02900028
2836,27/10/2016 04:00,11.74800014
2837,27/10/2016 05:00,12.02900028
2838,27/10/2016 06:00,12.38099957
2839,27/10/2016 07:00,11.18500042
2840,27/10/2016 08:00,9.425999641
2841,27/10/2016 09:00,8.652999878
2842,27/10/2016 10:00,8.512000084
2843,27/10/2016 11:00,11.18500042
2844,27/10/2016 12:00,11.95899963
2845,27/10/2016 13:00,11.81799984
2846,27/10/2016 14:00,12.94400024
2847,27/10/2016 15:00,13.15499973
2848,27/10/2016 16:00,14.27999973
2849,27/10/2016 17:00,15.125
2850,27/10/2016 18:00,15.47599983
2851,27/10/2016 19:00,17.16500092
2852,27/10/2016 20:00,18.43099976
2853,27/10/2016 21:00,18.92300034
2854,27/10/2016 22:00,18.99399948
2855,27/10/2016 23:00,17.09399986
2856,28/10/2016 00:00,15.96899986
2857,28/10/2016 01:00,15.47599983
2858,28/10/2016 02:00,13.29599953
2859,28/10/2016 03:00,12.23999977
2860,28/10/2016 04:00,15.47599983
2861,28/10/2016 05:00,12.80300045
2862,28/10/2016 06:00,12.94400024
2863,28/10/2016 07:00,15.40600014
2864,28/10/2016 08:00,10.27099991
2865,28/10/2016 09:00,9.98900032
2866,28/10/2016 10:00,9.425999641
2867,28/10/2016 11:00,10.48200035
2868,28/10/2016 12:00,10.06000042
2869,28/10/2016 13:00,10.13000011
2870,28/10/2016 14:00,11.67800045
2871,28/10/2016 15:00,12.02900028
2872,28/10/2016 16:00,13.22500038
2873,28/10/2016 17:00,13.78800011
2874,28/10/2016 18:00,12.52200031
2875,28/10/2016 19:00,12.38099957
2876,28/10/2016 20:00,12.02900028
2877,28/10/2016 21:00,11.32600021
2878,28/10/2016 22:00,7.737999916
2879,28/10/2016 23:00,9.777999878
2880,29/10/2016 00:00,8.722999573
2881,29/10/2016 01:00,9.708000183
2882,29/10/2016 02:00,7.737999916
2883,29/10/2016 03:00,6.823999882
2884,29/10/2016 04:00,5.697999954
2885,29/10/2016 05:00,4.994999886
2886,29/10/2016 06:00,4.854000092
2887,29/10/2016 07:00,6.823999882
2888,29/10/2016 08:00,4.643000126
2889,29/10/2016 09:00,4.501999855
2890,29/10/2016 10:00,8.37100029
2891,29/10/2016 11:00,9.074999809
2892,29/10/2016 12:00,10.48200035
2893,29/10/2016 13:00,10.83300018
2894,29/10/2016 14:00,10.27099991
2895,29/10/2016 15:00,9.215000153
2896,29/10/2016 16:00,9.777999878
2897,29/10/2016 17:00,9.777999878
2898,29/10/2016 18:00,9.98900032
2899,29/10/2016 19:00,10.19999981
2900,29/10/2016 20:00,12.02900028
2901,29/10/2016 21:00,12.17000008
2902,29/10/2016 22:00,11.46700001
2903,29/10/2016 23:00,13.9989996
2904,30/10/2016 00:00,13.64700031
2905,30/10/2016 01:00,13.29599953
2906,30/10/2016 02:00,13.9289999
2907,30/10/2016 03:00,12.7329998
2908,30/10/2016 04:00,13.29599953
2909,30/10/2016 05:00,11.88899994
2910,30/10/2016 06:00,11.46700001
2911,30/10/2016 07:00,11.95899963
2912,30/10/2016 08:00,11.25599957
2913,30/10/2016 09:00,11.60700035
2914,30/10/2016 10:00,11.88899994
2915,30/10/2016 11:00,12.23999977
2916,30/10/2016 12:00,13.36600018
2917,30/10/2016 13:00,13.22500038
2918,30/10/2016 14:00,13.9989996
2919,30/10/2016 15:00,14.49100018
2920,30/10/2016 16:00,14.63199997
2921,30/10/2016 17:00,15.54699993
2922,30/10/2016 18:00,15.40600014
2923,30/10/2016 19:00,15.68700027
2924,30/10/2016 20:00,13.29599953
2925,30/10/2016 21:00,12.59200001
2926,30/10/2016 22:00,12.31099987
2927,30/10/2016 23:00,12.80300045
2928,31/10/2016 00:00,13.15499973
2929,31/10/2016 01:00,13.15499973
2930,31/10/2016 02:00,13.15499973
2931,31/10/2016 03:00,13.15499973
2932,31/10/2016 04:00,13.15499973
2933,31/10/2016 05:00,13.15499973
2934,31/10/2016 06:00,13.15499973
2935,31/10/2016 07:00,13.15499973
2936,31/10/2016 08:00,13.15499973
2937,31/10/2016 09:00,13.15499973
2938,31/10/2016 10:00,13.15499973
2939,31/10/2016 11:00,13.15499973
2940,31/10/2016 12:00,13.15499973
2941,31/10/2016 13:00,13.15499973
2942,31/10/2016 14:00,13.15499973
2943,31/10/2016 15:00,13.15499973
2944,31/10/2016 16:00,13.15499973
2945,31/10/2016 17:00,13.15499973
2946,31/10/2016 18:00,13.15499973
2947,31/10/2016 19:00,13.15499973
2948,31/10/2016 20:00,13.15499973
2949,31/10/2016 21:00,13.15499973
2950,31/10/2016 22:00,13.15499973
2951,31/10/2016 23:00,13.15499973
2952,01/11/2016 00:00,8.512000084
2953,01/11/2016 01:00,9.074999809
2954,01/11/2016 02:00,8.652999878
2955,01/11/2016 03:00,8.793000221
2956,01/11/2016 04:00,8.86400032
2957,01/11/2016 05:00,9.215000153
2958,01/11/2016 06:00,9.777999878
2959,01/11/2016 07:00,10.27099991
2960,01/11/2016 08:00,9.98900032
2961,01/11/2016 09:00,10.13000011
2962,01/11/2016 10:00,10.41100025
2963,01/11/2016 11:00,10.27099991
2964,01/11/2016 12:00,10.90400028
2965,01/11/2016 13:00,11.67800045
2966,01/11/2016 14:00,12.31099987
2967,01/11/2016 15:00,12.80300045
2968,01/11/2016 16:00,12.80300045
2969,01/11/2016 17:00,12.31099987
2970,01/11/2016 18:00,11.74800014
2971,01/11/2016 19:00,11.74800014
2972,01/11/2016 20:00,12.59200001
2973,01/11/2016 21:00,11.81799984
2974,01/11/2016 22:00,11.67800045
2975,01/11/2016 23:00,11.74800014
2976,02/11/2016 00:00,11.60700035
2977,02/11/2016 01:00,11.25599957
2978,02/11/2016 02:00,11.32600021
2979,02/11/2016 03:00,11.39599991
2980,02/11/2016 04:00,10.90400028
2981,02/11/2016 05:00,11.18500042
2982,02/11/2016 06:00,11.95899963
2983,02/11/2016 07:00,11.67800045
2984,02/11/2016 08:00,11.46700001
2985,02/11/2016 09:00,11.67800045
2986,02/11/2016 10:00,13.08500004
2987,02/11/2016 11:00,14.35099983
2988,02/11/2016 12:00,13.50699997
2989,02/11/2016 13:00,15.47599983
2990,02/11/2016 14:00,17.02400017
2991,02/11/2016 15:00,16.18000031
2992,02/11/2016 16:00,17.86800003
2993,02/11/2016 17:00,18.5720005
2994,02/11/2016 18:00,15.54699993
2995,02/11/2016 19:00,15.125
2996,02/11/2016 20:00,15.40600014
2997,02/11/2016 21:00,13.78800011
2998,02/11/2016 22:00,15.0539999
2999,02/11/2016 23:00,14.35099983
3000,03/11/2016 00:00,14.98400021
3001,03/11/2016 01:00,14.06900024
3002,03/11/2016 02:00,15.54699993
3003,03/11/2016 03:00,15.0539999
3004,03/11/2016 04:00,15.54699993
3005,03/11/2016 05:00,16.18000031
3006,03/11/2016 06:00,16.25
3007,03/11/2016 07:00,15.82800007
3008,03/11/2016 08:00,18.00900078
3009,03/11/2016 09:00,17.86800003
3010,03/11/2016 10:00,18.71199989
3011,03/11/2016 11:00,18.29000092
3012,03/11/2016 12:00,18.29000092
3013,03/11/2016 13:00,21.38500023
3014,03/11/2016 14:00,21.38500023
3015,03/11/2016 15:00,19.62700081
3016,03/11/2016 16:00,20.19000053
3017,03/11/2016 17:00,20.68199921
3018,03/11/2016 18:00,17.93799973
3019,03/11/2016 19:00,17.58699989
3020,03/11/2016 20:00,16.95400047
3021,03/11/2016 21:00,16.74300003
3022,03/11/2016 22:00,16.32099915
3023,03/11/2016 23:00,16.39100075
3024,04/11/2016 00:00,16.81299973
3025,04/11/2016 01:00,15.89799976
3026,04/11/2016 02:00,16.32099915
3027,04/11/2016 03:00,15.75800037
3028,04/11/2016 04:00,15.47599983
3029,04/11/2016 05:00,15.19499969
3030,04/11/2016 06:00,15.75800037
3031,04/11/2016 07:00,15.47599983
3032,04/11/2016 08:00,15.47599983
3033,04/11/2016 09:00,17.72699928
3034,04/11/2016 10:00,17.51600075
3035,04/11/2016 11:00,18.5720005
3036,04/11/2016 12:00,18.5720005
3037,04/11/2016 13:00,20.47100067
3038,04/11/2016 14:00,21.94799995
3039,04/11/2016 15:00,19.97900009
3040,04/11/2016 16:00,20.82299995
3041,04/11/2016 17:00,21.94799995
3042,04/11/2016 18:00,20.26000023
3043,04/11/2016 19:00,18.50099945
3044,04/11/2016 20:00,18.92300034
3045,04/11/2016 21:00,18.92300034
3046,04/11/2016 22:00,19.06399918
3047,04/11/2016 23:00,17.79800034
3048,05/11/2016 00:00,17.65699959
3049,05/11/2016 01:00,17.30500031
3050,05/11/2016 02:00,18.50099945
3051,05/11/2016 03:00,18.5720005
3052,05/11/2016 04:00,16.95400047
3053,05/11/2016 05:00,16.95400047
3054,05/11/2016 06:00,17.72699928
3055,05/11/2016 07:00,18.21999931
3056,05/11/2016 08:00,18.92300034
3057,05/11/2016 09:00,18.85300064
3058,05/11/2016 10:00,18.43099976
3059,05/11/2016 11:00,18.21999931
3060,05/11/2016 12:00,18.85300064
3061,05/11/2016 13:00,22.0890007
3062,05/11/2016 14:00,24.27000046
3063,05/11/2016 15:00,22.37000084
3064,05/11/2016 16:00,23.49600029
3065,05/11/2016 17:00,22.93300056
3066,05/11/2016 18:00,20.19000053
3067,05/11/2016 19:00,19.27499962
3068,05/11/2016 20:00,19.97900009
3069,05/11/2016 21:00,19.41600037
3070,05/11/2016 22:00,19.27499962
3071,05/11/2016 23:00,19.13400078
3072,06/11/2016 00:00,19.13400078
3073,06/11/2016 01:00,19.27499962
3074,06/11/2016 02:00,19.06399918
3075,06/11/2016 03:00,18.6420002
3076,06/11/2016 04:00,18.50099945
3077,06/11/2016 05:00,18.6420002
3078,06/11/2016 06:00,17.65699959
3079,06/11/2016 07:00,15.96899986
3080,06/11/2016 08:00,16.67200089
3081,06/11/2016 09:00,17.16500092
3082,06/11/2016 10:00,17.44599915
3083,06/11/2016 11:00,18.00900078
3084,06/11/2016 12:00,18.21999931
3085,06/11/2016 13:00,19.97900009
3086,06/11/2016 14:00,20.19000053
3087,06/11/2016 15:00,19.6970005
3088,06/11/2016 16:00,20.40099907
3089,06/11/2016 17:00,20.32999992
3090,06/11/2016 18:00,19.06399918
3091,06/11/2016 19:00,17.51600075
3092,06/11/2016 20:00,16.95400047
3093,06/11/2016 21:00,16.67200089
3094,06/11/2016 22:00,16.67200089
3095,06/11/2016 23:00,16.18000031
3096,07/11/2016 00:00,15.40600014
3097,07/11/2016 01:00,15.19499969
3098,07/11/2016 02:00,14.91399956
3099,07/11/2016 03:00,15.125
3100,07/11/2016 04:00,15.47599983
3101,07/11/2016 05:00,16.03899956
3102,07/11/2016 06:00,16.32099915
3103,07/11/2016 07:00,16.25
3104,07/11/2016 08:00,16.74300003
3105,07/11/2016 09:00,17.23500061
3106,07/11/2016 10:00,16.95400047
3107,07/11/2016 11:00,16.88299942
3108,07/11/2016 12:00,14.49100018
3109,07/11/2016 13:00,12.80300045
3110,07/11/2016 14:00,12.10000038
3111,07/11/2016 15:00,11.46700001
3112,07/11/2016 16:00,9.425999641
3113,07/11/2016 17:00,8.512000084
3114,07/11/2016 18:00,8.934000015
3115,07/11/2016 19:00,9.425999641
3116,07/11/2016 20:00,12.02900028
3117,07/11/2016 21:00,11.32600021
3118,07/11/2016 22:00,12.7329998
3119,07/11/2016 23:00,9.708000183
3120,08/11/2016 00:00,10.27099991
3121,08/11/2016 01:00,10.06000042
3122,08/11/2016 02:00,9.777999878
3123,08/11/2016 03:00,7.737999916
3124,08/11/2016 04:00,8.652999878
3125,08/11/2016 05:00,8.581999779
3126,08/11/2016 06:00,6.823999882
3127,08/11/2016 07:00,8.300999641
3128,08/11/2016 08:00,8.86400032
3129,08/11/2016 09:00,8.86400032
3130,08/11/2016 10:00,8.793000221
3131,08/11/2016 11:00,10.83300018
3132,08/11/2016 12:00,11.11499977
3133,08/11/2016 13:00,11.46700001
3134,08/11/2016 14:00,11.74800014
3135,08/11/2016 15:00,11.67800045
3136,08/11/2016 16:00,11.5369997
3137,08/11/2016 17:00,12.17000008
3138,08/11/2016 18:00,11.32600021
3139,08/11/2016 19:00,10.3409996
3140,08/11/2016 20:00,9.848999977
3141,08/11/2016 21:00,8.581999779
3142,08/11/2016 22:00,8.934000015
3143,08/11/2016 23:00,8.159999847
3144,09/11/2016 00:00,8.159999847
3145,09/11/2016 01:00,7.879000187
3146,09/11/2016 02:00,7.597000122
3147,09/11/2016 03:00,8.230999947
3148,09/11/2016 04:00,7.879000187
3149,09/11/2016 05:00,7.948999882
3150,09/11/2016 06:00,7.315999985
3151,09/11/2016 07:00,7.456999779
3152,09/11/2016 08:00,7.456999779
3153,09/11/2016 09:00,9.145000458
3154,09/11/2016 10:00,9.425999641
3155,09/11/2016 11:00,10.19999981
3156,09/11/2016 12:00,9.918999672
3157,09/11/2016 13:00,9.98900032
3158,09/11/2016 14:00,10.48200035
3159,09/11/2016 15:00,11.18500042
3160,09/11/2016 16:00,12.10000038
3161,09/11/2016 17:00,12.23999977
3162,09/11/2016 18:00,12.94400024
3163,09/11/2016 19:00,12.52200031
3164,09/11/2016 20:00,12.59200001
3165,09/11/2016 21:00,12.10000038
3166,09/11/2016 22:00,12.45100021
3167,09/11/2016 23:00,11.74800014
3168,10/11/2016 00:00,12.52200031
3169,10/11/2016 01:00,12.38099957
3170,10/11/2016 02:00,13.08500004
3171,10/11/2016 03:00,12.8739996
3172,10/11/2016 04:00,12.94400024
3173,10/11/2016 05:00,14.49100018
3174,10/11/2016 06:00,14.27999973
3175,10/11/2016 07:00,14.77299976
3176,10/11/2016 08:00,14.49100018
3177,10/11/2016 09:00,14.27999973
3178,10/11/2016 10:00,12.23999977
3179,10/11/2016 11:00,12.02900028
3180,10/11/2016 12:00,11.67800045
3181,10/11/2016 13:00,13.36600018
3182,10/11/2016 14:00,12.59200001
3183,10/11/2016 15:00,11.25599957
3184,10/11/2016 16:00,11.5369997
3185,10/11/2016 17:00,10.90400028
3186,10/11/2016 18:00,10.90400028
3187,10/11/2016 19:00,11.32600021
3188,10/11/2016 20:00,11.74800014
3189,10/11/2016 21:00,12.52200031
3190,10/11/2016 22:00,12.59200001
3191,10/11/2016 23:00,12.38099957
3192,11/11/2016 00:00,13.08500004
3193,11/11/2016 01:00,13.29599953
3194,11/11/2016 02:00,13.43599987
3195,11/11/2016 03:00,14.35099983
3196,11/11/2016 04:00,13.01399994
3197,11/11/2016 05:00,13.29599953
3198,11/11/2016 06:00,12.8739996
3199,11/11/2016 07:00,12.94400024
3200,11/11/2016 08:00,13.9989996
3201,11/11/2016 09:00,13.64700031
3202,11/11/2016 10:00,13.50699997
3203,11/11/2016 11:00,14.70300007
3204,11/11/2016 12:00,15.54699993
3205,11/11/2016 13:00,18.99399948
3206,11/11/2016 14:00,19.76799965
3207,11/11/2016 15:00,18.5720005
3208,11/11/2016 16:00,18.5720005
3209,11/11/2016 17:00,17.65699959
3210,11/11/2016 18:00,16.88299942
3211,11/11/2016 19:00,15.68700027
3212,11/11/2016 20:00,15.75800037
3213,11/11/2016 21:00,16.32099915
3214,11/11/2016 22:00,15.82800007
3215,11/11/2016 23:00,15.40600014
3216,12/11/2016 00:00,16.03899956
3217,12/11/2016 01:00,16.10899925
3218,12/11/2016 02:00,15.96899986
3219,12/11/2016 03:00,16.46100044
3220,12/11/2016 04:00,16.25
3221,12/11/2016 05:00,16.32099915
3222,12/11/2016 06:00,16.46100044
3223,12/11/2016 07:00,16.60199928
3224,12/11/2016 08:00,17.09399986
3225,12/11/2016 09:00,16.60199928
3226,12/11/2016 10:00,16.32099915
3227,12/11/2016 11:00,16.53199959
3228,12/11/2016 12:00,16.25
3229,12/11/2016 13:00,16.25
3230,12/11/2016 14:00,15.82800007
3231,12/11/2016 15:00,17.30500031
3232,12/11/2016 16:00,16.67200089
3233,12/11/2016 17:00,18.5720005
3234,12/11/2016 18:00,17.86800003
3235,12/11/2016 19:00,17.72699928
3236,12/11/2016 20:00,16.81299973
3237,12/11/2016 21:00,17.37599945
3238,12/11/2016 22:00,17.65699959
3239,12/11/2016 23:00,16.88299942
3240,13/11/2016 00:00,17.16500092
3241,13/11/2016 01:00,18.00900078
3242,13/11/2016 02:00,17.79800034
3243,13/11/2016 03:00,17.51600075
3244,13/11/2016 04:00,18.50099945
3245,13/11/2016 05:00,17.86800003
3246,13/11/2016 06:00,17.51600075
3247,13/11/2016 07:00,15.96899986
3248,13/11/2016 08:00,16.74300003
3249,13/11/2016 09:00,18.00900078
3250,13/11/2016 10:00,18.21999931
3251,13/11/2016 11:00,18.85300064
3252,13/11/2016 12:00,19.55599976
3253,13/11/2016 13:00,19.20499992
3254,13/11/2016 14:00,19.62700081
3255,13/11/2016 15:00,20.47100067
3256,13/11/2016 16:00,20.11899948
3257,13/11/2016 17:00,19.55599976
3258,13/11/2016 18:00,19.6970005
3259,13/11/2016 19:00,19.06399918
3260,13/11/2016 20:00,19.76799965
3261,13/11/2016 21:00,19.76799965
3262,13/11/2016 22:00,20.32999992
3263,13/11/2016 23:00,19.48600006
3264,14/11/2016 00:00,18.78300095
3265,14/11/2016 01:00,19.27499962
3266,14/11/2016 02:00,19.48600006
3267,14/11/2016 03:00,18.71199989
3268,14/11/2016 04:00,19.41600037
3269,14/11/2016 05:00,19.06399918
3270,14/11/2016 06:00,19.27499962
3271,14/11/2016 07:00,19.6970005
3272,14/11/2016 08:00,19.62700081
3273,14/11/2016 09:00,17.51600075
3274,14/11/2016 10:00,19.90800095
3275,14/11/2016 11:00,19.06399918
3276,14/11/2016 12:00,19.76799965
3277,14/11/2016 13:00,21.80800056
3278,14/11/2016 14:00,20.11899948
3279,14/11/2016 15:00,21.66699982
3280,14/11/2016 16:00,21.17399979
3281,14/11/2016 17:00,20.54100037
3282,14/11/2016 18:00,18.00900078
3283,14/11/2016 19:00,18.50099945
3284,14/11/2016 20:00,17.51600075
3285,14/11/2016 21:00,16.46100044
3286,14/11/2016 22:00,15.75800037
3287,14/11/2016 23:00,15.61699963
3288,15/11/2016 00:00,16.32099915
3289,15/11/2016 01:00,16.03899956
3290,15/11/2016 02:00,14.63199997
3291,15/11/2016 03:00,14.42099953
3292,15/11/2016 04:00,14.49100018
3293,15/11/2016 05:00,15.19499969
3294,15/11/2016 06:00,13.8579998
3295,15/11/2016 07:00,13.22500038
3296,15/11/2016 08:00,13.08500004
3297,15/11/2016 09:00,13.78800011
3298,15/11/2016 10:00,14.49100018
3299,15/11/2016 11:00,14.84300041
3300,15/11/2016 12:00,14.21000004
3301,15/11/2016 13:00,15.61699963
3302,15/11/2016 14:00,15.96899986
3303,15/11/2016 15:00,15.54699993
3304,15/11/2016 16:00,15.40600014
3305,15/11/2016 17:00,15.96899986
3306,15/11/2016 18:00,15.125
3307,15/11/2016 19:00,14.63199997
3308,15/11/2016 20:00,13.08500004
3309,15/11/2016 21:00,13.43599987
3310,15/11/2016 22:00,12.10000038
3311,15/11/2016 23:00,11.5369997
3312,16/11/2016 00:00,11.67800045
3313,16/11/2016 01:00,11.60700035
3314,16/11/2016 02:00,11.11499977
3315,16/11/2016 03:00,11.32600021
3316,16/11/2016 04:00,11.11499977
3317,16/11/2016 05:00,10.83300018
3318,16/11/2016 06:00,10.27099991
3319,16/11/2016 07:00,10.55200005
3320,16/11/2016 08:00,11.25599957
3321,16/11/2016 09:00,11.60700035
3322,16/11/2016 10:00,12.59200001
3323,16/11/2016 11:00,14.14000034
3324,16/11/2016 12:00,13.64700031
3325,16/11/2016 13:00,13.15499973
3326,16/11/2016 14:00,14.98400021
3327,16/11/2016 15:00,14.27999973
3328,16/11/2016 16:00,14.77299976
3329,16/11/2016 17:00,15.75800037
3330,16/11/2016 18:00,15.54699993
3331,16/11/2016 19:00,15.125
3332,16/11/2016 20:00,14.63199997
3333,16/11/2016 21:00,12.45100021
3334,16/11/2016 22:00,13.15499973
3335,16/11/2016 23:00,13.9989996
3336,17/11/2016 00:00,11.74800014
3337,17/11/2016 01:00,13.64700031
3338,17/11/2016 02:00,13.64700031
3339,17/11/2016 03:00,14.77299976
3340,17/11/2016 04:00,15.26500034
3341,17/11/2016 05:00,14.42099953
3342,17/11/2016 06:00,15.61699963
3343,17/11/2016 07:00,16.60199928
3344,17/11/2016 08:00,15.96899986
3345,17/11/2016 09:00,15.89799976
3346,17/11/2016 10:00,15.75800037
3347,17/11/2016 11:00,16.25
3348,17/11/2016 12:00,17.02400017
3349,17/11/2016 13:00,16.81299973
3350,17/11/2016 14:00,15.82800007
3351,17/11/2016 15:00,16.46100044
3352,17/11/2016 16:00,15.47599983
3353,17/11/2016 17:00,15.47599983
3354,17/11/2016 18:00,15.75800037
3355,17/11/2016 19:00,14.84300041
3356,17/11/2016 20:00,14.84300041
3357,17/11/2016 21:00,14.91399956
3358,17/11/2016 22:00,13.71800041
3359,17/11/2016 23:00,14.35099983
3360,18/11/2016 00:00,14.21000004
3361,18/11/2016 01:00,14.49100018
3362,18/11/2016 02:00,14.70300007
3363,18/11/2016 03:00,15.125
3364,18/11/2016 04:00,14.91399956
3365,18/11/2016 05:00,14.49100018
3366,18/11/2016 06:00,15.96899986
3367,18/11/2016 07:00,16.60199928
3368,18/11/2016 08:00,16.74300003
3369,18/11/2016 09:00,18.5720005
3370,18/11/2016 10:00,17.65699959
3371,18/11/2016 11:00,16.25
3372,18/11/2016 12:00,16.39100075
3373,18/11/2016 13:00,16.88299942
3374,18/11/2016 14:00,18.29000092
3375,18/11/2016 15:00,18.50099945
3376,18/11/2016 16:00,18.85300064
3377,18/11/2016 17:00,19.13400078
3378,18/11/2016 18:00,18.92300034
3379,18/11/2016 19:00,18.85300064
3380,18/11/2016 20:00,19.27499962
3381,18/11/2016 21:00,19.06399918
3382,18/11/2016 22:00,18.99399948
3383,18/11/2016 23:00,18.14999962
3384,19/11/2016 00:00,18.43099976
3385,19/11/2016 01:00,19.13400078
3386,19/11/2016 02:00,20.82299995
3387,19/11/2016 03:00,20.82299995
3388,19/11/2016 04:00,21.45599937
3389,19/11/2016 05:00,21.24500084
3390,19/11/2016 06:00,21.24500084
3391,19/11/2016 07:00,22.0189991
3392,19/11/2016 08:00,20.89299965
3393,19/11/2016 09:00,21.94799995
3394,19/11/2016 10:00,21.66699982
3395,19/11/2016 11:00,21.31500053
3396,19/11/2016 12:00,20.54100037
3397,19/11/2016 13:00,19.13400078
3398,19/11/2016 14:00,20.11899948
3399,19/11/2016 15:00,17.30500031
3400,19/11/2016 16:00,17.16500092
3401,19/11/2016 17:00,16.39100075
3402,19/11/2016 18:00,16.53199959
3403,19/11/2016 19:00,18.78300095
3404,19/11/2016 20:00,19.34499931
3405,19/11/2016 21:00,20.04899979
3406,19/11/2016 22:00,18.92300034
3407,19/11/2016 23:00,16.60199928
3408,20/11/2016 00:00,16.60199928
3409,20/11/2016 01:00,15.61699963
3410,20/11/2016 02:00,15.68700027
3411,20/11/2016 03:00,14.49100018
3412,20/11/2016 04:00,14.06900024
3413,20/11/2016 05:00,13.64700031
3414,20/11/2016 06:00,13.57699966
3415,20/11/2016 07:00,13.36600018
3416,20/11/2016 08:00,13.50699997
3417,20/11/2016 09:00,13.71800041
3418,20/11/2016 10:00,14.49100018
3419,20/11/2016 11:00,14.21000004
3420,20/11/2016 12:00,14.56200027
3421,20/11/2016 13:00,14.84300041
3422,20/11/2016 14:00,15.125
3423,20/11/2016 15:00,14.91399956
3424,20/11/2016 16:00,14.06900024
3425,20/11/2016 17:00,13.22500038
3426,20/11/2016 18:00,12.94400024
3427,20/11/2016 19:00,13.29599953
3428,20/11/2016 20:00,13.43599987
3429,20/11/2016 21:00,13.29599953
3430,20/11/2016 22:00,13.71800041
3431,20/11/2016 23:00,13.43599987
3432,21/11/2016 00:00,13.08500004
3433,21/11/2016 01:00,13.50699997
3434,21/11/2016 02:00,13.64700031
3435,21/11/2016 03:00,13.71800041
3436,21/11/2016 04:00,14.14000034
3437,21/11/2016 05:00,14.49100018
3438,21/11/2016 06:00,14.27999973
3439,21/11/2016 07:00,14.91399956
3440,21/11/2016 08:00,15.89799976
3441,21/11/2016 09:00,13.43599987
3442,21/11/2016 10:00,13.22500038
3443,21/11/2016 11:00,13.9289999
3444,21/11/2016 12:00,15.33600044
3445,21/11/2016 13:00,17.65699959
3446,21/11/2016 14:00,18.07900047
3447,21/11/2016 15:00,16.95400047
3448,21/11/2016 16:00,16.60199928
3449,21/11/2016 17:00,15.26500034
3450,21/11/2016 18:00,16.25
3451,21/11/2016 19:00,14.49100018
3452,21/11/2016 20:00,14.56200027
3453,21/11/2016 21:00,14.14000034
3454,21/11/2016 22:00,14.49100018
3455,21/11/2016 23:00,13.71800041
3456,22/11/2016 00:00,13.9989996
3457,22/11/2016 01:00,11.32600021
3458,22/11/2016 02:00,12.7329998
3459,22/11/2016 03:00,11.46700001
3460,22/11/2016 04:00,9.777999878
3461,22/11/2016 05:00,8.86400032
3462,22/11/2016 06:00,4.361999989
3463,22/11/2016 07:00,5.205999851
3464,22/11/2016 08:00,4.712999821
3465,22/11/2016 09:00,6.119999886
3466,22/11/2016 10:00,4.923999786
3467,22/11/2016 11:00,4.854000092
3468,22/11/2016 12:00,5.135000229
3469,22/11/2016 13:00,6.261000156
3470,22/11/2016 14:00,6.40199995
3471,22/11/2016 15:00,5.55700016
3472,22/11/2016 16:00,4.150000095
3473,22/11/2016 17:00,1.970000029
3474,22/11/2016 18:00,3.095000029
3475,22/11/2016 19:00,2.673000097
3476,22/11/2016 20:00,2.109999895
3477,22/11/2016 21:00,0.633000016
3478,22/11/2016 22:00,2.109999895
3479,22/11/2016 23:00,1.337000012
3480,23/11/2016 00:00,0.843999982
3481,23/11/2016 01:00,3.095000029
3482,23/11/2016 02:00,4.923999786
3483,23/11/2016 03:00,2.954999924
3484,23/11/2016 04:00,2.813999891
3485,23/11/2016 05:00,3.799000025
3486,23/11/2016 06:00,4.079999924
3487,23/11/2016 07:00,4.290999889
3488,23/11/2016 08:00,4.221000195
3489,23/11/2016 09:00,4.712999821
3490,23/11/2016 10:00,3.938999891
3491,23/11/2016 11:00,2.602999926
3492,23/11/2016 12:00,1.266000032
3493,23/11/2016 13:00,1.406999946
3494,23/11/2016 14:00,2.532000065
3495,23/11/2016 15:00,2.180999994
3496,23/11/2016 16:00,2.532000065
3497,23/11/2016 17:00,4.643000126
3498,23/11/2016 18:00,1.337000012
3499,23/11/2016 19:00,1.970000029
3500,23/11/2016 20:00,1.687999964
3501,23/11/2016 21:00,4.712999821
3502,23/11/2016 22:00,2.954999924
3503,23/11/2016 23:00,3.165999889
3504,24/11/2016 00:00,2.532000065
3505,24/11/2016 01:00,2.884000063
3506,24/11/2016 02:00,4.643000126
3507,24/11/2016 03:00,4.290999889
3508,24/11/2016 04:00,3.868999958
3509,24/11/2016 05:00,4.150000095
3510,24/11/2016 06:00,3.095000029
3511,24/11/2016 07:00,3.165999889
3512,24/11/2016 08:00,4.994999886
3513,24/11/2016 09:00,5.768000126
3514,24/11/2016 10:00,5.979000092
3515,24/11/2016 11:00,7.809000015
3516,24/11/2016 12:00,7.245999813
3517,24/11/2016 13:00,7.737999916
3518,24/11/2016 14:00,8.442000389
3519,24/11/2016 15:00,7.315999985
3520,24/11/2016 16:00,6.683000088
3521,24/11/2016 17:00,7.034999847
3522,24/11/2016 18:00,7.809000015
3523,24/11/2016 19:00,8.230999947
3524,24/11/2016 20:00,7.456999779
3525,24/11/2016 21:00,9.074999809
3526,24/11/2016 22:00,8.581999779
3527,24/11/2016 23:00,7.105000019
3528,25/11/2016 00:00,7.245999813
3529,25/11/2016 01:00,6.330999851
3530,25/11/2016 02:00,5.979000092
3531,25/11/2016 03:00,5.697999954
3532,25/11/2016 04:00,6.472000122
3533,25/11/2016 05:00,7.245999813
3534,25/11/2016 06:00,6.823999882
3535,25/11/2016 07:00,6.119999886
3536,25/11/2016 08:00,5.346000195
3537,25/11/2016 09:00,5.979000092
3538,25/11/2016 10:00,6.050000191
3539,25/11/2016 11:00,7.105000019
3540,25/11/2016 12:00,7.245999813
3541,25/11/2016 13:00,6.964000225
3542,25/11/2016 14:00,7.668000221
3543,25/11/2016 15:00,7.948999882
3544,25/11/2016 16:00,8.230999947
3545,25/11/2016 17:00,8.934000015
3546,25/11/2016 18:00,9.637999535
3547,25/11/2016 19:00,8.934000015
3548,25/11/2016 20:00,8.159999847
3549,25/11/2016 21:00,8.020000458
3550,25/11/2016 22:00,8.090000153
3551,25/11/2016 23:00,9.215000153
3552,26/11/2016 00:00,3.799000025
3553,26/11/2016 01:00,4.501999855
3554,26/11/2016 02:00,4.361999989
3555,26/11/2016 03:00,4.994999886
3556,26/11/2016 04:00,4.290999889
3557,26/11/2016 05:00,2.602999926
3558,26/11/2016 06:00,6.330999851
3559,26/11/2016 07:00,7.456999779
3560,26/11/2016 08:00,7.597000122
3561,26/11/2016 09:00,7.668000221
3562,26/11/2016 10:00,7.245999813
3563,26/11/2016 11:00,8.722999573
3564,26/11/2016 12:00,9.145000458
3565,26/11/2016 13:00,10.90400028
3566,26/11/2016 14:00,12.7329998
3567,26/11/2016 15:00,11.11499977
3568,26/11/2016 16:00,11.18500042
3569,26/11/2016 17:00,12.6619997
3570,26/11/2016 18:00,12.59200001
3571,26/11/2016 19:00,12.23999977
3572,26/11/2016 20:00,12.17000008
3573,26/11/2016 21:00,11.18500042
3574,26/11/2016 22:00,12.02900028
3575,26/11/2016 23:00,13.01399994
3576,27/11/2016 00:00,12.59200001
3577,27/11/2016 01:00,12.80300045
3578,27/11/2016 02:00,12.7329998
3579,27/11/2016 03:00,12.02900028
3580,27/11/2016 04:00,12.10000038
3581,27/11/2016 05:00,11.04399967
3582,27/11/2016 06:00,12.7329998
3583,27/11/2016 07:00,11.74800014
3584,27/11/2016 08:00,12.80300045
3585,27/11/2016 09:00,11.81799984
3586,27/11/2016 10:00,10.97399998
3587,27/11/2016 11:00,13.43599987
3588,27/11/2016 12:00,12.7329998
3589,27/11/2016 13:00,16.74300003
3590,27/11/2016 14:00,16.88299942
3591,27/11/2016 15:00,16.25
3592,27/11/2016 16:00,16.53199959
3593,27/11/2016 17:00,17.16500092
3594,27/11/2016 18:00,15.125
3595,27/11/2016 19:00,14.63199997
3596,27/11/2016 20:00,13.78800011
3597,27/11/2016 21:00,13.43599987
3598,27/11/2016 22:00,14.98400021
3599,27/11/2016 23:00,15.0539999
3600,28/11/2016 00:00,14.77299976
3601,28/11/2016 01:00,14.77299976
3602,28/11/2016 02:00,13.36600018
3603,28/11/2016 03:00,13.29599953
3604,28/11/2016 04:00,14.63199997
3605,28/11/2016 05:00,13.9989996
3606,28/11/2016 06:00,14.98400021
3607,28/11/2016 07:00,12.94400024
3608,28/11/2016 08:00,12.31099987
3609,28/11/2016 09:00,11.32600021
3610,28/11/2016 10:00,11.60700035
3611,28/11/2016 11:00,12.23999977
3612,28/11/2016 12:00,13.29599953
3613,28/11/2016 13:00,16.32099915
3614,28/11/2016 14:00,15.19499969
3615,28/11/2016 15:00,14.49100018
3616,28/11/2016 16:00,15.0539999
3617,28/11/2016 17:00,16.25
3618,28/11/2016 18:00,14.70300007
3619,28/11/2016 19:00,13.22500038
3620,28/11/2016 20:00,12.23999977
3621,28/11/2016 21:00,11.11499977
3622,28/11/2016 22:00,11.25599957
3623,28/11/2016 23:00,11.18500042
3624,29/11/2016 00:00,10.48200035
3625,29/11/2016 01:00,10.27099991
3626,29/11/2016 02:00,9.918999672
3627,29/11/2016 03:00,10.3409996
3628,29/11/2016 04:00,9.567000389
3629,29/11/2016 05:00,10.06000042
3630,29/11/2016 06:00,9.215000153
3631,29/11/2016 07:00,9.074999809
3632,29/11/2016 08:00,9.286000252
3633,29/11/2016 09:00,9.355999947
3634,29/11/2016 10:00,9.496999741
3635,29/11/2016 11:00,9.708000183
3636,29/11/2016 12:00,10.48200035
3637,29/11/2016 13:00,10.83300018
3638,29/11/2016 14:00,11.18500042
3639,29/11/2016 15:00,11.25599957
3640,29/11/2016 16:00,11.25599957
3641,29/11/2016 17:00,13.01399994
3642,29/11/2016 18:00,12.80300045
3643,29/11/2016 19:00,12.31099987
3644,29/11/2016 20:00,12.10000038
3645,29/11/2016 21:00,12.94400024
3646,29/11/2016 22:00,13.50699997
3647,29/11/2016 23:00,13.29599953
3648,30/11/2016 00:00,12.8739996
3649,30/11/2016 01:00,13.22500038
3650,30/11/2016 02:00,13.9289999
3651,30/11/2016 03:00,15.47599983
3652,30/11/2016 04:00,15.0539999
3653,30/11/2016 05:00,14.77299976
3654,30/11/2016 06:00,12.17000008
3655,30/11/2016 07:00,13.9289999
3656,30/11/2016 08:00,14.06900024
3657,30/11/2016 09:00,12.17000008
3658,30/11/2016 10:00,12.80300045
3659,30/11/2016 11:00,13.36600018
3660,30/11/2016 12:00,13.01399994
3661,30/11/2016 13:00,13.29599953
3662,30/11/2016 14:00,14.49100018
3663,30/11/2016 15:00,14.14000034
3664,30/11/2016 16:00,14.63199997
3665,30/11/2016 17:00,15.89799976
3666,30/11/2016 18:00,16.10899925
3667,30/11/2016 19:00,16.25
3668,30/11/2016 20:00,15.82800007
3669,30/11/2016 21:00,16.10899925
3670,30/11/2016 22:00,15.40600014
3671,30/11/2016 23:00,16.10899925
3672,01/12/2016 00:00,15.96899986
3673,01/12/2016 01:00,14.42099953
3674,01/12/2016 02:00,15.26500034
3675,01/12/2016 03:00,14.98400021
3676,01/12/2016 04:00,14.56200027
3677,01/12/2016 05:00,14.14000034
3678,01/12/2016 06:00,14.70300007
3679,01/12/2016 07:00,14.35099983
3680,01/12/2016 08:00,14.49100018
3681,01/12/2016 09:00,14.14000034
3682,01/12/2016 10:00,14.56200027
3683,01/12/2016 11:00,17.86800003
3684,01/12/2016 12:00,17.30500031
3685,01/12/2016 13:00,17.65699959
3686,01/12/2016 14:00,16.25
3687,01/12/2016 15:00,15.54699993
3688,01/12/2016 16:00,15.89799976
3689,01/12/2016 17:00,16.25
3690,01/12/2016 18:00,16.46100044
3691,01/12/2016 19:00,15.61699963
3692,01/12/2016 20:00,16.39100075
3693,01/12/2016 21:00,16.25
3694,01/12/2016 22:00,14.70300007
3695,01/12/2016 23:00,14.21000004
3696,02/12/2016 00:00,13.71800041
3697,02/12/2016 01:00,13.22500038
3698,02/12/2016 02:00,12.59200001
3699,02/12/2016 03:00,12.38099957
3700,02/12/2016 04:00,11.88899994
3701,02/12/2016 05:00,11.5369997
3702,02/12/2016 06:00,11.46700001
3703,02/12/2016 07:00,11.04399967
3704,02/12/2016 08:00,10.83300018
3705,02/12/2016 09:00,11.04399967
3706,02/12/2016 10:00,11.81799984
3707,02/12/2016 11:00,12.52200031
3708,02/12/2016 12:00,12.31099987
3709,02/12/2016 13:00,14.49100018
3710,02/12/2016 14:00,14.70300007
3711,02/12/2016 15:00,13.36600018
3712,02/12/2016 16:00,13.43599987
3713,02/12/2016 17:00,13.50699997
3714,02/12/2016 18:00,13.08500004
3715,02/12/2016 19:00,13.08500004
3716,02/12/2016 20:00,12.45100021
3717,02/12/2016 21:00,12.6619997
3718,02/12/2016 22:00,11.67800045
3719,02/12/2016 23:00,11.88899994
3720,03/12/2016 00:00,11.81799984
3721,03/12/2016 01:00,11.74800014
3722,03/12/2016 02:00,11.74800014
3723,03/12/2016 03:00,11.67800045
3724,03/12/2016 04:00,12.59200001
3725,03/12/2016 05:00,13.22500038
3726,03/12/2016 06:00,13.43599987
3727,03/12/2016 07:00,12.94400024
3728,03/12/2016 08:00,13.36600018
3729,03/12/2016 09:00,12.7329998
3730,03/12/2016 10:00,13.78800011
3731,03/12/2016 11:00,14.84300041
3732,03/12/2016 12:00,16.32099915
3733,03/12/2016 13:00,18.21999931
3734,03/12/2016 14:00,18.99399948
3735,03/12/2016 15:00,17.79800034
3736,03/12/2016 16:00,18.6420002
3737,03/12/2016 17:00,17.72699928
3738,03/12/2016 18:00,17.58699989
3739,03/12/2016 19:00,17.30500031
3740,03/12/2016 20:00,18.36100006
3741,03/12/2016 21:00,18.21999931
3742,03/12/2016 22:00,17.30500031
3743,03/12/2016 23:00,17.51600075
3744,04/12/2016 00:00,17.65699959
3745,04/12/2016 01:00,15.96899986
3746,04/12/2016 02:00,17.30500031
3747,04/12/2016 03:00,17.93799973
3748,04/12/2016 04:00,18.36100006
3749,04/12/2016 05:00,18.29000092
3750,04/12/2016 06:00,18.21999931
3751,04/12/2016 07:00,18.21999931
3752,04/12/2016 08:00,18.5720005
3753,04/12/2016 09:00,17.37599945
3754,04/12/2016 10:00,17.30500031
3755,04/12/2016 11:00,16.95400047
3756,04/12/2016 12:00,16.60199928
3757,04/12/2016 13:00,18.00900078
3758,04/12/2016 14:00,17.23500061
3759,04/12/2016 15:00,16.10899925
3760,04/12/2016 16:00,16.67200089
3761,04/12/2016 17:00,18.5720005
3762,04/12/2016 18:00,17.30500031
3763,04/12/2016 19:00,17.79800034
3764,04/12/2016 20:00,17.93799973
3765,04/12/2016 21:00,17.51600075
3766,04/12/2016 22:00,17.86800003
3767,04/12/2016 23:00,18.00900078
3768,05/12/2016 00:00,17.58699989
3769,05/12/2016 01:00,16.81299973
3770,05/12/2016 02:00,17.09399986
3771,05/12/2016 03:00,15.75800037
3772,05/12/2016 04:00,16.10899925
3773,05/12/2016 05:00,15.33600044
3774,05/12/2016 06:00,16.95400047
3775,05/12/2016 07:00,17.51600075
3776,05/12/2016 08:00,15.40600014
3777,05/12/2016 09:00,15.33600044
3778,05/12/2016 10:00,12.8739996
3779,05/12/2016 11:00,12.45100021
3780,05/12/2016 12:00,10.48200035
3781,05/12/2016 13:00,11.88899994
3782,05/12/2016 14:00,11.67800045
3783,05/12/2016 15:00,9.708000183
3784,05/12/2016 16:00,8.86400032
3785,05/12/2016 17:00,7.52699995
3786,05/12/2016 18:00,4.572999954
3787,05/12/2016 19:00,3.236000061
3788,05/12/2016 20:00,2.884000063
3789,05/12/2016 21:00,2.039999962
3790,05/12/2016 22:00,1.828999996
3791,05/12/2016 23:00,1.337000012
3792,06/12/2016 00:00,0.633000016
3793,06/12/2016 01:00,0
3794,06/12/2016 02:00,-0.633000016
3795,06/12/2016 03:00,-1.547999978
3796,06/12/2016 04:00,-2.109999895
3797,06/12/2016 05:00,-2.461999893
3798,06/12/2016 06:00,-3.025000095
3799,06/12/2016 07:00,-3.236000061
3800,06/12/2016 08:00,-2.954999924
3801,06/12/2016 09:00,-1.758999944
3802,06/12/2016 10:00,-0.985000014
3803,06/12/2016 11:00,0.492000014
3804,06/12/2016 12:00,0
3805,06/12/2016 13:00,0
3806,06/12/2016 14:00,0
3807,06/12/2016 15:00,0
3808,06/12/2016 16:00,0
3809,06/12/2016 17:00,0.843999982
3810,06/12/2016 18:00,-0.773999989
3811,06/12/2016 19:00,-1.406999946
3812,06/12/2016 20:00,-1.758999944
3813,06/12/2016 21:00,-2.109999895
3814,06/12/2016 22:00,-2.673000097
3815,06/12/2016 23:00,-2.884000063
3816,07/12/2016 00:00,-3.025000095
3817,07/12/2016 01:00,-3.165999889
3818,07/12/2016 02:00,-3.377000093
3819,07/12/2016 03:00,-3.51699996
3820,07/12/2016 04:00,-3.938999891
3821,07/12/2016 05:00,-4.079999924
3822,07/12/2016 06:00,-4.010000229
3823,07/12/2016 07:00,-4.010000229
3824,07/12/2016 08:00,-3.938999891
3825,07/12/2016 09:00,-2.180999994
3826,07/12/2016 10:00,0
3827,07/12/2016 11:00,1.266000032
3828,07/12/2016 12:00,2.180999994
3829,07/12/2016 13:00,3.447000027
3830,07/12/2016 14:00,3.799000025
3831,07/12/2016 15:00,3.588000059
3832,07/12/2016 16:00,3.236000061
3833,07/12/2016 17:00,2.321000099
3834,07/12/2016 18:00,1.266000032
3835,07/12/2016 19:00,0.915000021
3836,07/12/2016 20:00,1.266000032
3837,07/12/2016 21:00,4.079999924
3838,07/12/2016 22:00,6.261000156
3839,07/12/2016 23:00,7.668000221
3840,08/12/2016 00:00,8.512000084
3841,08/12/2016 01:00,9.637999535
3842,08/12/2016 02:00,10.13000011
3843,08/12/2016 03:00,10.55200005
3844,08/12/2016 04:00,10.48200035
3845,08/12/2016 05:00,10.06000042
3846,08/12/2016 06:00,11.5369997
3847,08/12/2016 07:00,10.48200035
3848,08/12/2016 08:00,11.67800045
3849,08/12/2016 09:00,5.839000225
3850,08/12/2016 10:00,11.88899994
3851,08/12/2016 11:00,12.59200001
3852,08/12/2016 12:00,12.8739996
3853,08/12/2016 13:00,14.63199997
3854,08/12/2016 14:00,14.49100018
3855,08/12/2016 15:00,13.08500004
3856,08/12/2016 16:00,13.8579998
3857,08/12/2016 17:00,15.33600044
3858,08/12/2016 18:00,14.49100018
3859,08/12/2016 19:00,14.35099983
3860,08/12/2016 20:00,15.19499969
3861,08/12/2016 21:00,15.26500034
3862,08/12/2016 22:00,15.47599983
3863,08/12/2016 23:00,15.19499969
3864,09/12/2016 00:00,14.56200027
3865,09/12/2016 01:00,13.9989996
3866,09/12/2016 02:00,14.21000004
3867,09/12/2016 03:00,12.52200031
3868,09/12/2016 04:00,9.98900032
3869,09/12/2016 05:00,9.215000153
3870,09/12/2016 06:00,9.215000153
3871,09/12/2016 07:00,9.567000389
3872,09/12/2016 08:00,9.074999809
3873,09/12/2016 09:00,8.230999947
3874,09/12/2016 10:00,8.512000084
3875,09/12/2016 11:00,8.86400032
3876,09/12/2016 12:00,9.215000153
3877,09/12/2016 13:00,10.69299984
3878,09/12/2016 14:00,10.62199974
3879,09/12/2016 15:00,9.918999672
3880,09/12/2016 16:00,10.13000011
3881,09/12/2016 17:00,10.48200035
3882,09/12/2016 18:00,10.13000011
3883,09/12/2016 19:00,9.145000458
3884,09/12/2016 20:00,8.230999947
3885,09/12/2016 21:00,7.809000015
3886,09/12/2016 22:00,7.597000122
3887,09/12/2016 23:00,7.105000019
3888,10/12/2016 00:00,6.683000088
3889,10/12/2016 01:00,5.90899992
3890,10/12/2016 02:00,5.839000225
3891,10/12/2016 03:00,5.90899992
3892,10/12/2016 04:00,5.839000225
3893,10/12/2016 05:00,6.330999851
3894,10/12/2016 06:00,5.697999954
3895,10/12/2016 07:00,5.55700016
3896,10/12/2016 08:00,5.697999954
3897,10/12/2016 09:00,6.541999817
3898,10/12/2016 10:00,6.612999916
3899,10/12/2016 11:00,7.315999985
3900,10/12/2016 12:00,7.597000122
3901,10/12/2016 13:00,7.52699995
3902,10/12/2016 14:00,8.159999847
3903,10/12/2016 15:00,8.442000389
3904,10/12/2016 16:00,8.722999573
3905,10/12/2016 17:00,9.567000389
3906,10/12/2016 18:00,9.637999535
3907,10/12/2016 19:00,9.918999672
3908,10/12/2016 20:00,9.215000153
3909,10/12/2016 21:00,9.215000153
3910,10/12/2016 22:00,8.512000084
3911,10/12/2016 23:00,8.020000458
3912,11/12/2016 00:00,7.668000221
3913,11/12/2016 01:00,7.245999813
3914,11/12/2016 02:00,7.245999813
3915,11/12/2016 03:00,6.752999783
3916,11/12/2016 04:00,6.541999817
3917,11/12/2016 05:00,6.330999851
3918,11/12/2016 06:00,6.190999985
3919,11/12/2016 07:00,5.697999954
3920,11/12/2016 08:00,5.90899992
3921,11/12/2016 09:00,6.472000122
3922,11/12/2016 10:00,7.245999813
3923,11/12/2016 11:00,7.597000122
3924,11/12/2016 12:00,8.159999847
3925,11/12/2016 13:00,9.074999809
3926,11/12/2016 14:00,9.286000252
3927,11/12/2016 15:00,9.145000458
3928,11/12/2016 16:00,8.86400032
3929,11/12/2016 17:00,9.215000153
3930,11/12/2016 18:00,8.37100029
3931,11/12/2016 19:00,8.020000458
3932,11/12/2016 20:00,7.809000015
3933,11/12/2016 21:00,7.879000187
3934,11/12/2016 22:00,8.300999641
3935,11/12/2016 23:00,8.300999641
3936,12/12/2016 00:00,8.652999878
3937,12/12/2016 01:00,8.934000015
3938,12/12/2016 02:00,9.355999947
3939,12/12/2016 03:00,10.19999981
3940,12/12/2016 04:00,11.46700001
3941,12/12/2016 05:00,12.23999977
3942,12/12/2016 06:00,11.25599957
3943,12/12/2016 07:00,10.48200035
3944,12/12/2016 08:00,13.08500004
3945,12/12/2016 09:00,13.43599987
3946,12/12/2016 10:00,14.42099953
3947,12/12/2016 11:00,16.25
3948,12/12/2016 12:00,16.60199928
3949,12/12/2016 13:00,16.10899925
3950,12/12/2016 14:00,16.32099915
3951,12/12/2016 15:00,14.70300007
3952,12/12/2016 16:00,13.9989996
3953,12/12/2016 17:00,14.35099983
3954,12/12/2016 18:00,14.49100018
3955,12/12/2016 19:00,12.45100021
3956,12/12/2016 20:00,11.5369997
3957,12/12/2016 21:00,12.52200031
3958,12/12/2016 22:00,12.23999977
3959,12/12/2016 23:00,12.17000008
3960,13/12/2016 00:00,10.55200005
3961,13/12/2016 01:00,11.18500042
3962,13/12/2016 02:00,7.175000191
3963,13/12/2016 03:00,7.737999916
3964,13/12/2016 04:00,8.581999779
3965,13/12/2016 05:00,8.442000389
3966,13/12/2016 06:00,7.245999813
3967,13/12/2016 07:00,5.627999783
3968,13/12/2016 08:00,7.034999847
3969,13/12/2016 09:00,5.839000225
3970,13/12/2016 10:00,6.541999817
3971,13/12/2016 11:00,6.964000225
3972,13/12/2016 12:00,6.683000088
3973,13/12/2016 13:00,8.159999847
3974,13/12/2016 14:00,9.98900032
3975,13/12/2016 15:00,8.512000084
3976,13/12/2016 16:00,8.722999573
3977,13/12/2016 17:00,8.722999573
3978,13/12/2016 18:00,7.948999882
3979,13/12/2016 19:00,7.948999882
3980,13/12/2016 20:00,10.19999981
3981,13/12/2016 21:00,7.668000221
3982,13/12/2016 22:00,8.090000153
3983,13/12/2016 23:00,5.697999954
3984,14/12/2016 00:00,5.627999783
3985,14/12/2016 01:00,6.752999783
3986,14/12/2016 02:00,8.020000458
3987,14/12/2016 03:00,6.541999817
3988,14/12/2016 04:00,5.979000092
3989,14/12/2016 05:00,5.276000023
3990,14/12/2016 06:00,7.034999847
3991,14/12/2016 07:00,6.050000191
3992,14/12/2016 08:00,6.050000191
3993,14/12/2016 09:00,7.456999779
3994,14/12/2016 10:00,8.442000389
3995,14/12/2016 11:00,8.934000015
3996,14/12/2016 12:00,10.48200035
3997,14/12/2016 13:00,9.777999878
3998,14/12/2016 14:00,11.25599957
3999,14/12/2016 15:00,10.19999981
4000,14/12/2016 16:00,10.27099991
4001,14/12/2016 17:00,10.62199974
4002,14/12/2016 18:00,9.98900032
4003,14/12/2016 19:00,10.48200035
4004,14/12/2016 20:00,10.06000042
4005,14/12/2016 21:00,10.06000042
4006,14/12/2016 22:00,8.230999947
4007,14/12/2016 23:00,8.86400032
4008,15/12/2016 00:00,8.934000015
4009,15/12/2016 01:00,8.37100029
4010,15/12/2016 02:00,8.934000015
4011,15/12/2016 03:00,9.145000458
4012,15/12/2016 04:00,9.286000252
4013,15/12/2016 05:00,9.567000389
4014,15/12/2016 06:00,9.777999878
4015,15/12/2016 07:00,9.567000389
4016,15/12/2016 08:00,10.13000011
4017,15/12/2016 09:00,10.55200005
4018,15/12/2016 10:00,9.848999977
4019,15/12/2016 11:00,11.04399967
4020,15/12/2016 12:00,12.8739996
4021,15/12/2016 13:00,12.59200001
4022,15/12/2016 14:00,12.02900028
4023,15/12/2016 15:00,11.5369997
4024,15/12/2016 16:00,10.69299984
4025,15/12/2016 17:00,10.69299984
4026,15/12/2016 18:00,11.67800045
4027,15/12/2016 19:00,11.46700001
4028,15/12/2016 20:00,11.11499977
4029,15/12/2016 21:00,10.76299953
4030,15/12/2016 22:00,10.13000011
4031,15/12/2016 23:00,10.90400028
4032,16/12/2016 00:00,11.11499977
4033,16/12/2016 01:00,10.69299984
4034,16/12/2016 02:00,10.48200035
4035,16/12/2016 03:00,9.98900032
4036,16/12/2016 04:00,8.934000015
4037,16/12/2016 05:00,8.934000015
4038,16/12/2016 06:00,10.3409996
4039,16/12/2016 07:00,9.145000458
4040,16/12/2016 08:00,9.637999535
4041,16/12/2016 09:00,10.48200035
4042,16/12/2016 10:00,10.90400028
4043,16/12/2016 11:00,12.23999977
4044,16/12/2016 12:00,11.81799984
4045,16/12/2016 13:00,13.15499973
4046,16/12/2016 14:00,13.78800011
4047,16/12/2016 15:00,13.71800041
4048,16/12/2016 16:00,13.22500038
4049,16/12/2016 17:00,12.7329998
4050,16/12/2016 18:00,11.81799984
4051,16/12/2016 19:00,11.81799984
4052,16/12/2016 20:00,11.11499977
4053,16/12/2016 21:00,10.3409996
4054,16/12/2016 22:00,9.777999878
4055,16/12/2016 23:00,9.567000389
4056,17/12/2016 00:00,9.425999641
4057,17/12/2016 01:00,9.918999672
4058,17/12/2016 02:00,9.918999672
4059,17/12/2016 03:00,9.777999878
4060,17/12/2016 04:00,9.637999535
4061,17/12/2016 05:00,8.230999947
4062,17/12/2016 06:00,9.145000458
4063,17/12/2016 07:00,10.76299953
4064,17/12/2016 08:00,10.13000011
4065,17/12/2016 09:00,9.567000389
4066,17/12/2016 10:00,11.18500042
4067,17/12/2016 11:00,11.88899994
4068,17/12/2016 12:00,13.01399994
4069,17/12/2016 13:00,16.18000031
4070,17/12/2016 14:00,17.16500092
4071,17/12/2016 15:00,13.78800011
4072,17/12/2016 16:00,13.08500004
4073,17/12/2016 17:00,12.59200001
4074,17/12/2016 18:00,11.46700001
4075,17/12/2016 19:00,11.18500042
4076,17/12/2016 20:00,10.48200035
4077,17/12/2016 21:00,10.3409996
4078,17/12/2016 22:00,10.27099991
4079,17/12/2016 23:00,10.19999981
4080,18/12/2016 00:00,10.55200005
4081,18/12/2016 01:00,11.88899994
4082,18/12/2016 02:00,12.23999977
4083,18/12/2016 03:00,12.23999977
4084,18/12/2016 04:00,12.59200001
4085,18/12/2016 05:00,12.31099987
4086,18/12/2016 06:00,11.88899994
4087,18/12/2016 07:00,11.74800014
4088,18/12/2016 08:00,12.23999977
4089,18/12/2016 09:00,13.78800011
4090,18/12/2016 10:00,13.78800011
4091,18/12/2016 11:00,13.78800011
4092,18/12/2016 12:00,12.94400024
4093,18/12/2016 13:00,13.64700031
4094,18/12/2016 14:00,14.91399956
4095,18/12/2016 15:00,16.10899925
4096,18/12/2016 16:00,14.84300041
4097,18/12/2016 17:00,14.42099953
4098,18/12/2016 18:00,14.49100018
4099,18/12/2016 19:00,14.35099983
4100,18/12/2016 20:00,14.14000034
4101,18/12/2016 21:00,14.56200027
4102,18/12/2016 22:00,14.77299976
4103,18/12/2016 23:00,13.9989996
4104,19/12/2016 00:00,15.19499969
4105,19/12/2016 01:00,14.84300041
4106,19/12/2016 02:00,14.84300041
4107,19/12/2016 03:00,14.56200027
4108,19/12/2016 04:00,14.70300007
4109,19/12/2016 05:00,14.06900024
4110,19/12/2016 06:00,15.61699963
4111,19/12/2016 07:00,14.35099983
4112,19/12/2016 08:00,15.89799976
4113,19/12/2016 09:00,16.88299942
4114,19/12/2016 10:00,15.40600014
4115,19/12/2016 11:00,15.0539999
4116,19/12/2016 12:00,14.35099983
4117,19/12/2016 13:00,14.70300007
4118,19/12/2016 14:00,14.70300007
4119,19/12/2016 15:00,14.63199997
4120,19/12/2016 16:00,15.0539999
4121,19/12/2016 17:00,15.89799976
4122,19/12/2016 18:00,15.40600014
4123,19/12/2016 19:00,15.75800037
4124,19/12/2016 20:00,15.19499969
4125,19/12/2016 21:00,14.21000004
4126,19/12/2016 22:00,14.21000004
4127,19/12/2016 23:00,9.848999977
4128,20/12/2016 00:00,8.020000458
4129,20/12/2016 01:00,6.964000225
4130,20/12/2016 02:00,6.683000088
4131,20/12/2016 03:00,5.697999954
4132,20/12/2016 04:00,7.456999779
4133,20/12/2016 05:00,5.839000225
4134,20/12/2016 06:00,9.918999672
4135,20/12/2016 07:00,8.090000153
4136,20/12/2016 08:00,7.879000187
4137,20/12/2016 09:00,9.145000458
4138,20/12/2016 10:00,9.637999535
4139,20/12/2016 11:00,9.286000252
4140,20/12/2016 12:00,9.918999672
4141,20/12/2016 13:00,9.918999672
4142,20/12/2016 14:00,9.708000183
4143,20/12/2016 15:00,9.567000389
4144,20/12/2016 16:00,9.215000153
4145,20/12/2016 17:00,8.86400032
4146,20/12/2016 18:00,8.934000015
4147,20/12/2016 19:00,9.215000153
4148,20/12/2016 20:00,9.286000252
4149,20/12/2016 21:00,5.697999954
4150,20/12/2016 22:00,7.948999882
4151,20/12/2016 23:00,8.722999573
4152,21/12/2016 00:00,8.722999573
4153,21/12/2016 01:00,8.722999573
4154,21/12/2016 02:00,7.245999813
4155,21/12/2016 03:00,9.496999741
4156,21/12/2016 04:00,10.06000042
4157,21/12/2016 05:00,10.19999981
4158,21/12/2016 06:00,10.62199974
4159,21/12/2016 07:00,9.074999809
4160,21/12/2016 08:00,9.918999672
4161,21/12/2016 09:00,9.00399971
4162,21/12/2016 10:00,6.472000122
4163,21/12/2016 11:00,7.105000019
4164,21/12/2016 12:00,5.55700016
4165,21/12/2016 13:00,5.768000126
4166,21/12/2016 14:00,8.581999779
4167,21/12/2016 15:00,7.315999985
4168,21/12/2016 16:00,8.090000153
4169,21/12/2016 17:00,10.13000011
4170,21/12/2016 18:00,9.637999535
4171,21/12/2016 19:00,8.090000153
4172,21/12/2016 20:00,9.145000458
4173,21/12/2016 21:00,8.020000458
4174,21/12/2016 22:00,8.581999779
4175,21/12/2016 23:00,8.230999947
4176,22/12/2016 00:00,8.159999847
4177,22/12/2016 01:00,6.40199995
4178,22/12/2016 02:00,6.472000122
4179,22/12/2016 03:00,7.386000156
4180,22/12/2016 04:00,7.245999813
4181,22/12/2016 05:00,7.386000156
4182,22/12/2016 06:00,6.541999817
4183,22/12/2016 07:00,7.105000019
4184,22/12/2016 08:00,7.948999882
4185,22/12/2016 09:00,7.456999779
4186,22/12/2016 10:00,7.597000122
4187,22/12/2016 11:00,8.300999641
4188,22/12/2016 12:00,9.00399971
4189,22/12/2016 13:00,9.215000153
4190,22/12/2016 14:00,10.69299984
4191,22/12/2016 15:00,9.848999977
4192,22/12/2016 16:00,10.19999981
4193,22/12/2016 17:00,9.286000252
4194,22/12/2016 18:00,11.04399967
4195,22/12/2016 19:00,10.97399998
4196,22/12/2016 20:00,11.11499977
4197,22/12/2016 21:00,10.97399998
4198,22/12/2016 22:00,11.39599991
4199,22/12/2016 23:00,11.39599991
4200,23/12/2016 00:00,12.02900028
4201,23/12/2016 01:00,12.23999977
4202,23/12/2016 02:00,11.5369997
4203,23/12/2016 03:00,11.67800045
4204,23/12/2016 04:00,12.10000038
4205,23/12/2016 05:00,11.74800014
4206,23/12/2016 06:00,11.18500042
4207,23/12/2016 07:00,12.23999977
4208,23/12/2016 08:00,12.38099957
4209,23/12/2016 09:00,12.17000008
4210,23/12/2016 10:00,12.02900028
4211,23/12/2016 11:00,12.94400024
4212,23/12/2016 12:00,10.69299984
4213,23/12/2016 13:00,10.83300018
4214,23/12/2016 14:00,12.23999977
4215,23/12/2016 15:00,11.46700001
4216,23/12/2016 16:00,11.81799984
4217,23/12/2016 17:00,11.11499977
4218,23/12/2016 18:00,10.55200005
4219,23/12/2016 19:00,9.286000252
4220,23/12/2016 20:00,8.442000389
4221,23/12/2016 21:00,8.230999947
4222,23/12/2016 22:00,8.581999779
4223,23/12/2016 23:00,6.964000225
4224,24/12/2016 00:00,6.752999783
4225,24/12/2016 01:00,6.261000156
4226,24/12/2016 02:00,6.894000053
4227,24/12/2016 03:00,6.752999783
4228,24/12/2016 04:00,6.40199995
4229,24/12/2016 05:00,6.752999783
4230,24/12/2016 06:00,6.050000191
4231,24/12/2016 07:00,5.90899992
4232,24/12/2016 08:00,5.90899992
4233,24/12/2016 09:00,5.486999989
4234,24/12/2016 10:00,5.697999954
4235,24/12/2016 11:00,6.050000191
4236,24/12/2016 12:00,5.90899992
4237,24/12/2016 13:00,6.261000156
4238,24/12/2016 14:00,5.839000225
4239,24/12/2016 15:00,5.839000225
4240,24/12/2016 16:00,6.612999916
4241,24/12/2016 17:00,6.823999882
4242,24/12/2016 18:00,6.752999783
4243,24/12/2016 19:00,6.612999916
4244,24/12/2016 20:00,6.330999851
4245,24/12/2016 21:00,6.190999985
4246,24/12/2016 22:00,7.245999813
4247,24/12/2016 23:00,6.894000053
4248,25/12/2016 00:00,6.683000088
4249,25/12/2016 01:00,6.823999882
4250,25/12/2016 02:00,7.245999813
4251,25/12/2016 03:00,5.979000092
4252,25/12/2016 04:00,3.588000059
4253,25/12/2016 05:00,3.377000093
4254,25/12/2016 06:00,3.377000093
4255,25/12/2016 07:00,3.588000059
4256,25/12/2016 08:00,6.40199995
4257,25/12/2016 09:00,4.572999954
4258,25/12/2016 10:00,7.105000019
4259,25/12/2016 11:00,7.809000015
4260,25/12/2016 12:00,5.205999851
4261,25/12/2016 13:00,5.979000092
4262,25/12/2016 14:00,6.050000191
4263,25/12/2016 15:00,6.330999851
4264,25/12/2016 16:00,6.40199995
4265,25/12/2016 17:00,6.964000225
4266,25/12/2016 18:00,7.668000221
4267,25/12/2016 19:00,8.020000458
4268,25/12/2016 20:00,8.37100029
4269,25/12/2016 21:00,8.512000084
4270,25/12/2016 22:00,9.98900032
4271,25/12/2016 23:00,10.62199974
4272,26/12/2016 00:00,5.205999851
4273,26/12/2016 01:00,5.486999989
4274,26/12/2016 02:00,3.377000093
4275,26/12/2016 03:00,2.250999928
4276,26/12/2016 04:00,4.854000092
4277,26/12/2016 05:00,4.994999886
4278,26/12/2016 06:00,6.050000191
4279,26/12/2016 07:00,6.823999882
4280,26/12/2016 08:00,7.175000191
4281,26/12/2016 09:00,8.37100029
4282,26/12/2016 10:00,6.541999817
4283,26/12/2016 11:00,6.472000122
4284,26/12/2016 12:00,4.43200016
4285,26/12/2016 13:00,4.854000092
4286,26/12/2016 14:00,3.588000059
4287,26/12/2016 15:00,3.868999958
4288,26/12/2016 16:00,4.150000095
4289,26/12/2016 17:00,5.065000057
4290,26/12/2016 18:00,6.964000225
4291,26/12/2016 19:00,7.668000221
4292,26/12/2016 20:00,7.386000156
4293,26/12/2016 21:00,7.879000187
4294,26/12/2016 22:00,7.668000221
4295,26/12/2016 23:00,8.159999847
4296,27/12/2016 00:00,6.330999851
4297,27/12/2016 01:00,6.683000088
4298,27/12/2016 02:00,7.105000019
4299,27/12/2016 03:00,6.40199995
4300,27/12/2016 04:00,5.697999954
4301,27/12/2016 05:00,5.205999851
4302,27/12/2016 06:00,6.40199995
4303,27/12/2016 07:00,7.034999847
4304,27/12/2016 08:00,7.668000221
4305,27/12/2016 09:00,8.159999847
4306,27/12/2016 10:00,7.456999779
4307,27/12/2016 11:00,7.809000015
4308,27/12/2016 12:00,8.37100029
4309,27/12/2016 13:00,8.442000389
4310,27/12/2016 14:00,10.19999981
4311,27/12/2016 15:00,8.722999573
4312,27/12/2016 16:00,9.848999977
4313,27/12/2016 17:00,9.286000252
4314,27/12/2016 18:00,8.230999947
4315,27/12/2016 19:00,8.37100029
4316,27/12/2016 20:00,7.879000187
4317,27/12/2016 21:00,7.386000156
4318,27/12/2016 22:00,8.37100029
4319,27/12/2016 23:00,8.020000458
4320,28/12/2016 00:00,6.261000156
4321,28/12/2016 01:00,6.472000122
4322,28/12/2016 02:00,5.979000092
4323,28/12/2016 03:00,6.472000122
4324,28/12/2016 04:00,6.612999916
4325,28/12/2016 05:00,5.346000195
4326,28/12/2016 06:00,6.40199995
4327,28/12/2016 07:00,5.276000023
4328,28/12/2016 08:00,6.752999783
4329,28/12/2016 09:00,6.541999817
4330,28/12/2016 10:00,5.979000092
4331,28/12/2016 11:00,7.105000019
4332,28/12/2016 12:00,7.52699995
4333,28/12/2016 13:00,8.86400032
4334,28/12/2016 14:00,9.918999672
4335,28/12/2016 15:00,7.668000221
4336,28/12/2016 16:00,7.737999916
4337,28/12/2016 17:00,9.00399971
4338,28/12/2016 18:00,9.215000153
4339,28/12/2016 19:00,9.286000252
4340,28/12/2016 20:00,9.355999947
4341,28/12/2016 21:00,9.074999809
4342,28/12/2016 22:00,9.074999809
4343,28/12/2016 23:00,7.879000187
4344,29/12/2016 00:00,7.175000191
4345,29/12/2016 01:00,7.315999985
4346,29/12/2016 02:00,8.230999947
4347,29/12/2016 03:00,8.300999641
4348,29/12/2016 04:00,8.934000015
4349,29/12/2016 05:00,7.879000187
4350,29/12/2016 06:00,7.456999779
4351,29/12/2016 07:00,7.597000122
4352,29/12/2016 08:00,8.230999947
4353,29/12/2016 09:00,8.442000389
4354,29/12/2016 10:00,7.809000015
4355,29/12/2016 11:00,8.159999847
4356,29/12/2016 12:00,7.597000122
4357,29/12/2016 13:00,7.597000122
4358,29/12/2016 14:00,9.215000153
4359,29/12/2016 15:00,8.37100029
4360,29/12/2016 16:00,8.090000153
4361,29/12/2016 17:00,9.00399971
4362,29/12/2016 18:00,9.425999641
4363,29/12/2016 19:00,9.074999809
4364,29/12/2016 20:00,8.722999573
4365,29/12/2016 21:00,8.230999947
4366,29/12/2016 22:00,8.020000458
4367,29/12/2016 23:00,7.034999847
4368,30/12/2016 00:00,6.612999916
4369,30/12/2016 01:00,6.612999916
4370,30/12/2016 02:00,6.40199995
4371,30/12/2016 03:00,5.768000126
4372,30/12/2016 04:00,5.416999817
4373,30/12/2016 05:00,5.065000057
4374,30/12/2016 06:00,5.697999954
4375,30/12/2016 07:00,4.923999786
4376,30/12/2016 08:00,4.43200016
4377,30/12/2016 09:00,5.486999989
4378,30/12/2016 10:00,6.964000225
4379,30/12/2016 11:00,7.948999882
4380,30/12/2016 12:00,8.86400032
4381,30/12/2016 13:00,11.81799984
4382,30/12/2016 14:00,13.15499973
4383,30/12/2016 15:00,12.38099957
4384,30/12/2016 16:00,12.10000038
4385,30/12/2016 17:00,11.88899994
4386,30/12/2016 18:00,10.97399998
4387,30/12/2016 19:00,10.69299984
4388,30/12/2016 20:00,10.19999981
4389,30/12/2016 21:00,10.90400028
4390,30/12/2016 22:00,10.90400028
4391,30/12/2016 23:00,11.25599957
4392,31/12/2016 00:00,10.90400028
4393,31/12/2016 01:00,10.90400028
4394,31/12/2016 02:00,10.90400028
4395,31/12/2016 03:00,10.90400028
4396,31/12/2016 04:00,10.90400028
4397,31/12/2016 05:00,10.90400028
4398,31/12/2016 06:00,10.90400028
4399,31/12/2016 07:00,10.90400028
4400,31/12/2016 08:00,10.90400028
4401,31/12/2016 09:00,10.90400028
4402,31/12/2016 10:00,10.90400028
4403,31/12/2016 11:00,10.90400028
4404,31/12/2016 12:00,10.90400028
4405,31/12/2016 13:00,10.90400028
4406,31/12/2016 14:00,10.90400028
4407,31/12/2016 15:00,10.90400028
4408,31/12/2016 16:00,10.90400028
4409,31/12/2016 17:00,10.90400028
4410,31/12/2016 18:00,10.90400028
4411,31/12/2016 19:00,10.90400028
4412,31/12/2016 20:00,10.90400028
4413,31/12/2016 21:00,10.90400028
4414,31/12/2016 22:00,10.90400028
4415,31/12/2016 23:00,10.90400028
4416,01/01/2017 00:00,10.19999981
4417,01/01/2017 01:00,10.06000042
4418,01/01/2017 02:00,9.918999672
4419,01/01/2017 03:00,9.215000153
4420,01/01/2017 04:00,10.13000011
4421,01/01/2017 05:00,9.777999878
4422,01/01/2017 06:00,10.13000011
4423,01/01/2017 07:00,11.32600021
4424,01/01/2017 08:00,10.13000011
4425,01/01/2017 09:00,10.27099991
4426,01/01/2017 10:00,9.98900032
4427,01/01/2017 11:00,12.02900028
4428,01/01/2017 12:00,11.88899994
4429,01/01/2017 13:00,14.63199997
4430,01/01/2017 14:00,16.67200089
4431,01/01/2017 15:00,15.47599983
4432,01/01/2017 16:00,13.50699997
4433,01/01/2017 17:00,13.22500038
4434,01/01/2017 18:00,12.7329998
4435,01/01/2017 19:00,12.52200031
4436,01/01/2017 20:00,12.6619997
4437,01/01/2017 21:00,14.14000034
4438,01/01/2017 22:00,14.21000004
4439,01/01/2017 23:00,13.71800041
4440,02/01/2017 00:00,14.42099953
4441,02/01/2017 01:00,14.77299976
4442,02/01/2017 02:00,14.84300041
4443,02/01/2017 03:00,13.57699966
4444,02/01/2017 04:00,12.8739996
4445,02/01/2017 05:00,13.22500038
4446,02/01/2017 06:00,12.80300045
4447,02/01/2017 07:00,13.43599987
4448,02/01/2017 08:00,10.62199974
4449,02/01/2017 09:00,9.708000183
4450,02/01/2017 10:00,10.69299984
4451,02/01/2017 11:00,9.637999535
4452,02/01/2017 12:00,11.5369997
4453,02/01/2017 13:00,13.9989996
4454,02/01/2017 14:00,13.08500004
4455,02/01/2017 15:00,13.36600018
4456,02/01/2017 16:00,13.78800011
4457,02/01/2017 17:00,13.78800011
4458,02/01/2017 18:00,13.43599987
4459,02/01/2017 19:00,13.01399994
4460,02/01/2017 20:00,13.8579998
4461,02/01/2017 21:00,13.29599953
4462,02/01/2017 22:00,13.29599953
4463,02/01/2017 23:00,13.29599953
4464,03/01/2017 00:00,13.36600018
4465,03/01/2017 01:00,12.38099957
4466,03/01/2017 02:00,12.38099957
4467,03/01/2017 03:00,11.5369997
4468,03/01/2017 04:00,12.23999977
4469,03/01/2017 05:00,11.32600021
4470,03/01/2017 06:00,11.88899994
4471,03/01/2017 07:00,10.62199974
4472,03/01/2017 08:00,10.76299953
4473,03/01/2017 09:00,10.69299984
4474,03/01/2017 10:00,10.48200035
4475,03/01/2017 11:00,11.32600021
4476,03/01/2017 12:00,11.25599957
4477,03/01/2017 13:00,11.39599991
4478,03/01/2017 14:00,12.10000038
4479,03/01/2017 15:00,11.67800045
4480,03/01/2017 16:00,11.67800045
4481,03/01/2017 17:00,12.80300045
4482,03/01/2017 18:00,13.8579998
4483,03/01/2017 19:00,14.35099983
4484,03/01/2017 20:00,14.21000004
4485,03/01/2017 21:00,13.78800011
4486,03/01/2017 22:00,12.45100021
4487,03/01/2017 23:00,12.45100021
4488,04/01/2017 00:00,12.59200001
4489,04/01/2017 01:00,12.38099957
4490,04/01/2017 02:00,12.45100021
4491,04/01/2017 03:00,12.38099957
4492,04/01/2017 04:00,13.29599953
4493,04/01/2017 05:00,14.27999973
4494,04/01/2017 06:00,12.94400024
4495,04/01/2017 07:00,12.45100021
4496,04/01/2017 08:00,12.23999977
4497,04/01/2017 09:00,12.52200031
4498,04/01/2017 10:00,12.10000038
4499,04/01/2017 11:00,14.14000034
4500,04/01/2017 12:00,12.31099987
4501,04/01/2017 13:00,12.17000008
4502,04/01/2017 14:00,13.78800011
4503,04/01/2017 15:00,10.62199974
4504,04/01/2017 16:00,10.48200035
4505,04/01/2017 17:00,11.18500042
4506,04/01/2017 18:00,8.86400032
4507,04/01/2017 19:00,10.13000011
4508,04/01/2017 20:00,9.355999947
4509,04/01/2017 21:00,6.823999882
4510,04/01/2017 22:00,6.190999985
4511,04/01/2017 23:00,5.416999817
4512,05/01/2017 00:00,4.854000092
4513,05/01/2017 01:00,4.854000092
4514,05/01/2017 02:00,4.78399992
4515,05/01/2017 03:00,4.923999786
4516,05/01/2017 04:00,5.768000126
4517,05/01/2017 05:00,6.261000156
4518,05/01/2017 06:00,5.979000092
4519,05/01/2017 07:00,5.135000229
4520,05/01/2017 08:00,5.276000023
4521,05/01/2017 09:00,5.205999851
4522,05/01/2017 10:00,4.712999821
4523,05/01/2017 11:00,4.501999855
4524,05/01/2017 12:00,4.290999889
4525,05/01/2017 13:00,4.712999821
4526,05/01/2017 14:00,6.472000122
4527,05/01/2017 15:00,6.050000191
4528,05/01/2017 16:00,6.823999882
4529,05/01/2017 17:00,5.90899992
4530,05/01/2017 18:00,5.346000195
4531,05/01/2017 19:00,6.964000225
4532,05/01/2017 20:00,4.994999886
4533,05/01/2017 21:00,6.40199995
4534,05/01/2017 22:00,5.486999989
4535,05/01/2017 23:00,5.065000057
4536,06/01/2017 00:00,3.588000059
4537,06/01/2017 01:00,2.39199996
4538,06/01/2017 02:00,4.150000095
4539,06/01/2017 03:00,4.010000229
4540,06/01/2017 04:00,4.290999889
4541,06/01/2017 05:00,2.743999958
4542,06/01/2017 06:00,3.657999992
4543,06/01/2017 07:00,2.954999924
4544,06/01/2017 08:00,6.261000156
4545,06/01/2017 09:00,6.541999817
4546,06/01/2017 10:00,6.683000088
4547,06/01/2017 11:00,7.034999847
4548,06/01/2017 12:00,3.938999891
4549,06/01/2017 13:00,5.55700016
4550,06/01/2017 14:00,4.290999889
4551,06/01/2017 15:00,7.105000019
4552,06/01/2017 16:00,4.854000092
4553,06/01/2017 17:00,5.90899992
4554,06/01/2017 18:00,6.612999916
4555,06/01/2017 19:00,6.472000122
4556,06/01/2017 20:00,6.683000088
4557,06/01/2017 21:00,8.442000389
4558,06/01/2017 22:00,6.40199995
4559,06/01/2017 23:00,6.40199995
4560,07/01/2017 00:00,8.86400032
4561,07/01/2017 01:00,9.145000458
4562,07/01/2017 02:00,5.486999989
4563,07/01/2017 03:00,6.894000053
4564,07/01/2017 04:00,7.948999882
4565,07/01/2017 05:00,6.330999851
4566,07/01/2017 06:00,7.597000122
4567,07/01/2017 07:00,9.00399971
4568,07/01/2017 08:00,5.55700016
4569,07/01/2017 09:00,5.205999851
4570,07/01/2017 10:00,5.416999817
4571,07/01/2017 11:00,6.050000191
4572,07/01/2017 12:00,6.261000156
4573,07/01/2017 13:00,6.472000122
4574,07/01/2017 14:00,6.823999882
4575,07/01/2017 15:00,6.190999985
4576,07/01/2017 16:00,6.752999783
4577,07/01/2017 17:00,4.994999886
4578,07/01/2017 18:00,5.135000229
4579,07/01/2017 19:00,6.050000191
4580,07/01/2017 20:00,6.050000191
4581,07/01/2017 21:00,5.276000023
4582,07/01/2017 22:00,5.205999851
4583,07/01/2017 23:00,6.261000156
4584,08/01/2017 00:00,5.90899992
4585,08/01/2017 01:00,6.964000225
4586,08/01/2017 02:00,6.964000225
4587,08/01/2017 03:00,6.752999783
4588,08/01/2017 04:00,6.612999916
4589,08/01/2017 05:00,6.472000122
4590,08/01/2017 06:00,6.752999783
4591,08/01/2017 07:00,6.472000122
4592,08/01/2017 08:00,4.361999989
4593,08/01/2017 09:00,4.854000092
4594,08/01/2017 10:00,5.205999851
4595,08/01/2017 11:00,7.386000156
4596,08/01/2017 12:00,7.879000187
4597,08/01/2017 13:00,6.119999886
4598,08/01/2017 14:00,7.668000221
4599,08/01/2017 15:00,6.40199995
4600,08/01/2017 16:00,6.261000156
4601,08/01/2017 17:00,7.386000156
4602,08/01/2017 18:00,7.948999882
4603,08/01/2017 19:00,7.245999813
4604,08/01/2017 20:00,9.215000153
4605,08/01/2017 21:00,8.722999573
4606,08/01/2017 22:00,9.918999672
4607,08/01/2017 23:00,9.496999741
4608,09/01/2017 00:00,9.425999641
4609,09/01/2017 01:00,9.777999878
4610,09/01/2017 02:00,10.3409996
4611,09/01/2017 03:00,10.55200005
4612,09/01/2017 04:00,9.496999741
4613,09/01/2017 05:00,9.708000183
4614,09/01/2017 06:00,9.074999809
4615,09/01/2017 07:00,9.567000389
4616,09/01/2017 08:00,9.777999878
4617,09/01/2017 09:00,10.48200035
4618,09/01/2017 10:00,10.55200005
4619,09/01/2017 11:00,10.13000011
4620,09/01/2017 12:00,10.48200035
4621,09/01/2017 13:00,10.19999981
4622,09/01/2017 14:00,10.69299984
4623,09/01/2017 15:00,9.777999878
4624,09/01/2017 16:00,10.13000011
4625,09/01/2017 17:00,8.512000084
4626,09/01/2017 18:00,8.512000084
4627,09/01/2017 19:00,8.512000084
4628,09/01/2017 20:00,8.512000084
4629,09/01/2017 21:00,8.512000084
4630,09/01/2017 22:00,9.848999977
4631,09/01/2017 23:00,9.98900032
4632,10/01/2017 00:00,10.13000011
4633,10/01/2017 01:00,10.13000011
4634,10/01/2017 02:00,10.13000011
4635,10/01/2017 03:00,10.06000042
4636,10/01/2017 04:00,8.652999878
4637,10/01/2017 05:00,7.668000221
4638,10/01/2017 06:00,7.52699995
4639,10/01/2017 07:00,7.245999813
4640,10/01/2017 08:00,7.948999882
4641,10/01/2017 09:00,8.86400032
4642,10/01/2017 10:00,7.668000221
4643,10/01/2017 11:00,8.37100029
4644,10/01/2017 12:00,8.37100029
4645,10/01/2017 13:00,8.159999847
4646,10/01/2017 14:00,8.793000221
4647,10/01/2017 15:00,8.020000458
4648,10/01/2017 16:00,7.52699995
4649,10/01/2017 17:00,7.315999985
4650,10/01/2017 18:00,6.472000122
4651,10/01/2017 19:00,5.90899992
4652,10/01/2017 20:00,6.119999886
4653,10/01/2017 21:00,6.050000191
4654,10/01/2017 22:00,6.40199995
4655,10/01/2017 23:00,6.612999916
4656,11/01/2017 00:00,7.668000221
4657,11/01/2017 01:00,7.456999779
4658,11/01/2017 02:00,7.315999985
4659,11/01/2017 03:00,6.683000088
4660,11/01/2017 04:00,5.135000229
4661,11/01/2017 05:00,5.627999783
4662,11/01/2017 06:00,5.90899992
4663,11/01/2017 07:00,6.119999886
4664,11/01/2017 08:00,5.697999954
4665,11/01/2017 09:00,5.979000092
4666,11/01/2017 10:00,5.979000092
4667,11/01/2017 11:00,7.105000019
4668,11/01/2017 12:00,6.752999783
4669,11/01/2017 13:00,7.315999985
4670,11/01/2017 14:00,7.386000156
4671,11/01/2017 15:00,8.090000153
4672,11/01/2017 16:00,7.879000187
4673,11/01/2017 17:00,8.020000458
4674,11/01/2017 18:00,9.215000153
4675,11/01/2017 19:00,9.355999947
4676,11/01/2017 20:00,9.215000153
4677,11/01/2017 21:00,9.425999641
4678,11/01/2017 22:00,9.355999947
4679,11/01/2017 23:00,9.355999947
4680,12/01/2017 00:00,10.13000011
4681,12/01/2017 01:00,9.496999741
4682,12/01/2017 02:00,9.637999535
4683,12/01/2017 03:00,9.98900032
4684,12/01/2017 04:00,10.41100025
4685,12/01/2017 05:00,9.215000153
4686,12/01/2017 06:00,8.512000084
4687,12/01/2017 07:00,8.442000389
4688,12/01/2017 08:00,8.020000458
4689,12/01/2017 09:00,7.105000019
4690,12/01/2017 10:00,7.245999813
4691,12/01/2017 11:00,7.597000122
4692,12/01/2017 12:00,6.541999817
4693,12/01/2017 13:00,6.823999882
4694,12/01/2017 14:00,8.652999878
4695,12/01/2017 15:00,8.020000458
4696,12/01/2017 16:00,7.809000015
4697,12/01/2017 17:00,7.668000221
4698,12/01/2017 18:00,8.020000458
4699,12/01/2017 19:00,9.567000389
4700,12/01/2017 20:00,9.567000389
4701,12/01/2017 21:00,9.215000153
4702,12/01/2017 22:00,9.145000458
4703,12/01/2017 23:00,9.777999878
4704,13/01/2017 00:00,9.145000458
4705,13/01/2017 01:00,7.948999882
4706,13/01/2017 02:00,7.948999882
4707,13/01/2017 03:00,8.300999641
4708,13/01/2017 04:00,7.386000156
4709,13/01/2017 05:00,8.159999847
4710,13/01/2017 06:00,8.159999847
4711,13/01/2017 07:00,5.839000225
4712,13/01/2017 08:00,6.050000191
4713,13/01/2017 09:00,6.190999985
4714,13/01/2017 10:00,5.065000057
4715,13/01/2017 11:00,5.768000126
4716,13/01/2017 12:00,5.839000225
4717,13/01/2017 13:00,7.105000019
4718,13/01/2017 14:00,10.27099991
4719,13/01/2017 15:00,9.074999809
4720,13/01/2017 16:00,9.355999947
4721,13/01/2017 17:00,10.97399998
4722,13/01/2017 18:00,10.97399998
4723,13/01/2017 19:00,10.48200035
4724,13/01/2017 20:00,10.76299953
4725,13/01/2017 21:00,10.13000011
4726,13/01/2017 22:00,8.722999573
4727,13/01/2017 23:00,7.879000187
4728,14/01/2017 00:00,7.879000187
4729,14/01/2017 01:00,7.175000191
4730,14/01/2017 02:00,6.261000156
4731,14/01/2017 03:00,6.40199995
4732,14/01/2017 04:00,5.839000225
4733,14/01/2017 05:00,5.979000092
4734,14/01/2017 06:00,6.261000156
4735,14/01/2017 07:00,5.697999954
4736,14/01/2017 08:00,6.050000191
4737,14/01/2017 09:00,5.90899992
4738,14/01/2017 10:00,5.346000195
4739,14/01/2017 11:00,7.52699995
4740,14/01/2017 12:00,7.034999847
4741,14/01/2017 13:00,7.105000019
4742,14/01/2017 14:00,8.512000084
4743,14/01/2017 15:00,7.668000221
4744,14/01/2017 16:00,7.737999916
4745,14/01/2017 17:00,8.090000153
4746,14/01/2017 18:00,7.034999847
4747,14/01/2017 19:00,6.119999886
4748,14/01/2017 20:00,5.416999817
4749,14/01/2017 21:00,5.205999851
4750,14/01/2017 22:00,4.994999886
4751,14/01/2017 23:00,5.697999954
4752,15/01/2017 00:00,5.416999817
4753,15/01/2017 01:00,5.205999851
4754,15/01/2017 02:00,4.78399992
4755,15/01/2017 03:00,5.205999851
4756,15/01/2017 04:00,4.994999886
4757,15/01/2017 05:00,4.643000126
4758,15/01/2017 06:00,4.854000092
4759,15/01/2017 07:00,4.712999821
4760,15/01/2017 08:00,4.501999855
4761,15/01/2017 09:00,4.221000195
4762,15/01/2017 10:00,4.712999821
4763,15/01/2017 11:00,5.979000092
4764,15/01/2017 12:00,5.90899992
4765,15/01/2017 13:00,6.330999851
4766,15/01/2017 14:00,7.315999985
4767,15/01/2017 15:00,7.456999779
4768,15/01/2017 16:00,7.52699995
4769,15/01/2017 17:00,7.597000122
4770,15/01/2017 18:00,8.512000084
4771,15/01/2017 19:00,8.512000084
4772,15/01/2017 20:00,7.668000221
4773,15/01/2017 21:00,6.752999783
4774,15/01/2017 22:00,6.541999817
4775,15/01/2017 23:00,6.472000122
4776,16/01/2017 00:00,5.205999851
4777,16/01/2017 01:00,5.697999954
4778,16/01/2017 02:00,4.78399992
4779,16/01/2017 03:00,4.290999889
4780,16/01/2017 04:00,4.290999889
4781,16/01/2017 05:00,4.221000195
4782,16/01/2017 06:00,4.501999855
4783,16/01/2017 07:00,4.854000092
4784,16/01/2017 08:00,4.854000092
4785,16/01/2017 09:00,4.501999855
4786,16/01/2017 10:00,5.416999817
4787,16/01/2017 11:00,7.105000019
4788,16/01/2017 12:00,6.894000053
4789,16/01/2017 13:00,7.105000019
4790,16/01/2017 14:00,8.652999878
4791,16/01/2017 15:00,8.020000458
4792,16/01/2017 16:00,7.668000221
4793,16/01/2017 17:00,7.315999985
4794,16/01/2017 18:00,8.300999641
4795,16/01/2017 19:00,7.737999916
4796,16/01/2017 20:00,6.541999817
4797,16/01/2017 21:00,6.119999886
4798,16/01/2017 22:00,5.90899992
4799,16/01/2017 23:00,5.768000126
4800,17/01/2017 00:00,5.627999783
4801,17/01/2017 01:00,5.486999989
4802,17/01/2017 02:00,5.135000229
4803,17/01/2017 03:00,4.854000092
4804,17/01/2017 04:00,4.78399992
4805,17/01/2017 05:00,5.55700016
4806,17/01/2017 06:00,4.854000092
4807,17/01/2017 07:00,5.065000057
4808,17/01/2017 08:00,5.627999783
4809,17/01/2017 09:00,5.839000225
4810,17/01/2017 10:00,6.050000191
4811,17/01/2017 11:00,6.964000225
4812,17/01/2017 12:00,7.668000221
4813,17/01/2017 13:00,8.020000458
4814,17/01/2017 14:00,8.159999847
4815,17/01/2017 15:00,8.300999641
4816,17/01/2017 16:00,8.159999847
4817,17/01/2017 17:00,8.159999847
4818,17/01/2017 18:00,9.777999878
4819,17/01/2017 19:00,9.98900032
4820,17/01/2017 20:00,10.27099991
4821,17/01/2017 21:00,10.62199974
4822,17/01/2017 22:00,9.708000183
4823,17/01/2017 23:00,9.637999535
4824,18/01/2017 00:00,9.215000153
4825,18/01/2017 01:00,9.848999977
4826,18/01/2017 02:00,10.83300018
4827,18/01/2017 03:00,10.62199974
4828,18/01/2017 04:00,10.06000042
4829,18/01/2017 05:00,9.286000252
4830,18/01/2017 06:00,9.355999947
4831,18/01/2017 07:00,8.934000015
4832,18/01/2017 08:00,9.074999809
4833,18/01/2017 09:00,9.286000252
4834,18/01/2017 10:00,8.37100029
4835,18/01/2017 11:00,8.722999573
4836,18/01/2017 12:00,8.512000084
4837,18/01/2017 13:00,8.230999947
4838,18/01/2017 14:00,8.020000458
4839,18/01/2017 15:00,7.52699995
4840,18/01/2017 16:00,6.964000225
4841,18/01/2017 17:00,7.456999779
4842,18/01/2017 18:00,7.105000019
4843,18/01/2017 19:00,6.964000225
4844,18/01/2017 20:00,6.612999916
4845,18/01/2017 21:00,6.330999851
4846,18/01/2017 22:00,6.683000088
4847,18/01/2017 23:00,6.823999882
4848,19/01/2017 00:00,7.315999985
4849,19/01/2017 01:00,6.40199995
4850,19/01/2017 02:00,6.823999882
4851,19/01/2017 03:00,7.034999847
4852,19/01/2017 04:00,7.668000221
4853,19/01/2017 05:00,8.722999573
4854,19/01/2017 06:00,10.41100025
4855,19/01/2017 07:00,9.355999947
4856,19/01/2017 08:00,11.04399967
4857,19/01/2017 09:00,10.41100025
4858,19/01/2017 10:00,9.355999947
4859,19/01/2017 11:00,10.48200035
4860,19/01/2017 12:00,10.90400028
4861,19/01/2017 13:00,10.13000011
4862,19/01/2017 14:00,9.074999809
4863,19/01/2017 15:00,7.879000187
4864,19/01/2017 16:00,9.637999535
4865,19/01/2017 17:00,7.809000015
4866,19/01/2017 18:00,6.894000053
4867,19/01/2017 19:00,9.145000458
4868,19/01/2017 20:00,9.286000252
4869,19/01/2017 21:00,9.848999977
4870,19/01/2017 22:00,7.668000221
4871,19/01/2017 23:00,7.668000221
4872,20/01/2017 00:00,6.964000225
4873,20/01/2017 01:00,7.245999813
4874,20/01/2017 02:00,5.55700016
4875,20/01/2017 03:00,4.643000126
4876,20/01/2017 04:00,4.923999786
4877,20/01/2017 05:00,6.330999851
4878,20/01/2017 06:00,6.330999851
4879,20/01/2017 07:00,6.050000191
4880,20/01/2017 08:00,5.276000023
4881,20/01/2017 09:00,5.839000225
4882,20/01/2017 10:00,4.712999821
4883,20/01/2017 11:00,7.034999847
4884,20/01/2017 12:00,5.90899992
4885,20/01/2017 13:00,5.768000126
4886,20/01/2017 14:00,9.355999947
4887,20/01/2017 15:00,6.823999882
4888,20/01/2017 16:00,7.668000221
4889,20/01/2017 17:00,7.737999916
4890,20/01/2017 18:00,7.597000122
4891,20/01/2017 19:00,7.668000221
4892,20/01/2017 20:00,6.541999817
4893,20/01/2017 21:00,7.52699995
4894,20/01/2017 22:00,6.330999851
4895,20/01/2017 23:00,5.979000092
4896,21/01/2017 00:00,6.612999916
4897,21/01/2017 01:00,6.119999886
4898,21/01/2017 02:00,5.697999954
4899,21/01/2017 03:00,5.55700016
4900,21/01/2017 04:00,6.40199995
4901,21/01/2017 05:00,6.330999851
4902,21/01/2017 06:00,6.119999886
4903,21/01/2017 07:00,5.839000225
4904,21/01/2017 08:00,6.119999886
4905,21/01/2017 09:00,7.737999916
4906,21/01/2017 10:00,7.456999779
4907,21/01/2017 11:00,8.934000015
4908,21/01/2017 12:00,6.752999783
4909,21/01/2017 13:00,7.597000122
4910,21/01/2017 14:00,10.76299953
4911,21/01/2017 15:00,9.567000389
4912,21/01/2017 16:00,9.496999741
4913,21/01/2017 17:00,9.848999977
4914,21/01/2017 18:00,10.69299984
4915,21/01/2017 19:00,9.848999977
4916,21/01/2017 20:00,9.98900032
4917,21/01/2017 21:00,9.848999977
4918,21/01/2017 22:00,9.777999878
4919,21/01/2017 23:00,9.567000389
4920,22/01/2017 00:00,8.934000015
4921,22/01/2017 01:00,7.668000221
4922,22/01/2017 02:00,8.442000389
4923,22/01/2017 03:00,8.159999847
4924,22/01/2017 04:00,8.722999573
4925,22/01/2017 05:00,8.512000084
4926,22/01/2017 06:00,8.090000153
4927,22/01/2017 07:00,8.230999947
4928,22/01/2017 08:00,7.456999779
4929,22/01/2017 09:00,7.034999847
4930,22/01/2017 10:00,5.979000092
4931,22/01/2017 11:00,7.597000122
4932,22/01/2017 12:00,7.52699995
4933,22/01/2017 13:00,8.300999641
4934,22/01/2017 14:00,11.18500042
4935,22/01/2017 15:00,11.5369997
4936,22/01/2017 16:00,9.98900032
4937,22/01/2017 17:00,9.215000153
4938,22/01/2017 18:00,9.286000252
4939,22/01/2017 19:00,8.652999878
4940,22/01/2017 20:00,8.159999847
4941,22/01/2017 21:00,7.245999813
4942,22/01/2017 22:00,6.964000225
4943,22/01/2017 23:00,7.809000015
4944,23/01/2017 00:00,6.752999783
4945,23/01/2017 01:00,6.119999886
4946,23/01/2017 02:00,6.261000156
4947,23/01/2017 03:00,4.712999821
4948,23/01/2017 04:00,4.854000092
4949,23/01/2017 05:00,4.643000126
4950,23/01/2017 06:00,3.305999994
4951,23/01/2017 07:00,4.501999855
4952,23/01/2017 08:00,4.150000095
4953,23/01/2017 09:00,4.43200016
4954,23/01/2017 10:00,4.43200016
4955,23/01/2017 11:00,6.330999851
4956,23/01/2017 12:00,5.697999954
4957,23/01/2017 13:00,6.190999985
4958,23/01/2017 14:00,8.230999947
4959,23/01/2017 15:00,6.823999882
4960,23/01/2017 16:00,6.823999882
4961,23/01/2017 17:00,7.315999985
4962,23/01/2017 18:00,6.823999882
4963,23/01/2017 19:00,6.472000122
4964,23/01/2017 20:00,5.486999989
4965,23/01/2017 21:00,4.994999886
4966,23/01/2017 22:00,4.712999821
4967,23/01/2017 23:00,4.501999855
4968,24/01/2017 00:00,4.290999889
4969,24/01/2017 01:00,4.361999989
4970,24/01/2017 02:00,4.221000195
4971,24/01/2017 03:00,4.150000095
4972,24/01/2017 04:00,3.938999891
4973,24/01/2017 05:00,4.221000195
4974,24/01/2017 06:00,3.799000025
4975,24/01/2017 07:00,3.799000025
4976,24/01/2017 08:00,2.884000063
4977,24/01/2017 09:00,3.377000093
4978,24/01/2017 10:00,3.657999992
4979,24/01/2017 11:00,6.050000191
4980,24/01/2017 12:00,4.994999886
4981,24/01/2017 13:00,5.486999989
4982,24/01/2017 14:00,6.683000088
4983,24/01/2017 15:00,6.40199995
4984,24/01/2017 16:00,6.190999985
4985,24/01/2017 17:00,6.472000122
4986,24/01/2017 18:00,7.245999813
4987,24/01/2017 19:00,6.612999916
4988,24/01/2017 20:00,6.683000088
4989,24/01/2017 21:00,6.261000156
4990,24/01/2017 22:00,5.979000092
4991,24/01/2017 23:00,5.90899992
4992,25/01/2017 00:00,6.261000156
4993,25/01/2017 01:00,6.40199995
4994,25/01/2017 02:00,5.697999954
4995,25/01/2017 03:00,5.979000092
4996,25/01/2017 04:00,5.90899992
4997,25/01/2017 05:00,5.768000126
4998,25/01/2017 06:00,5.205999851
4999,25/01/2017 07:00,6.261000156
5000,25/01/2017 08:00,6.261000156
5001,25/01/2017 09:00,6.823999882
5002,25/01/2017 10:00,7.315999985
5003,25/01/2017 11:00,7.315999985
5004,25/01/2017 12:00,8.300999641
5005,25/01/2017 13:00,9.567000389
5006,25/01/2017 14:00,12.52200031
5007,25/01/2017 15:00,11.04399967
5008,25/01/2017 16:00,10.13000011
5009,25/01/2017 17:00,10.62199974
5010,25/01/2017 18:00,11.18500042
5011,25/01/2017 19:00,11.04399967
5012,25/01/2017 20:00,11.46700001
5013,25/01/2017 21:00,10.62199974
5014,25/01/2017 22:00,10.55200005
5015,25/01/2017 23:00,8.512000084
5016,26/01/2017 00:00,8.86400032
5017,26/01/2017 01:00,9.355999947
5018,26/01/2017 02:00,10.27099991
5019,26/01/2017 03:00,10.19999981
5020,26/01/2017 04:00,10.62199974
5021,26/01/2017 05:00,9.567000389
5022,26/01/2017 06:00,9.496999741
5023,26/01/2017 07:00,10.06000042
5024,26/01/2017 08:00,10.27099991
5025,26/01/2017 09:00,10.41100025
5026,26/01/2017 10:00,9.567000389
5027,26/01/2017 11:00,11.11499977
5028,26/01/2017 12:00,10.55200005
5029,26/01/2017 13:00,10.48200035
5030,26/01/2017 14:00,12.6619997
5031,26/01/2017 15:00,11.5369997
5032,26/01/2017 16:00,12.02900028
5033,26/01/2017 17:00,13.36600018
5034,26/01/2017 18:00,13.78800011
5035,26/01/2017 19:00,12.7329998
5036,26/01/2017 20:00,12.6619997
5037,26/01/2017 21:00,13.15499973
5038,26/01/2017 22:00,12.6619997
5039,26/01/2017 23:00,13.8579998
5040,27/01/2017 00:00,13.9989996
5041,27/01/2017 01:00,13.15499973
5042,27/01/2017 02:00,12.10000038
5043,27/01/2017 03:00,9.918999672
5044,27/01/2017 04:00,8.722999573
5045,27/01/2017 05:00,9.848999977
5046,27/01/2017 06:00,7.315999985
5047,27/01/2017 07:00,6.472000122
5048,27/01/2017 08:00,5.135000229
5049,27/01/2017 09:00,6.119999886
5050,27/01/2017 10:00,6.261000156
5051,27/01/2017 11:00,6.683000088
5052,27/01/2017 12:00,7.809000015
5053,27/01/2017 13:00,7.948999882
5054,27/01/2017 14:00,8.442000389
5055,27/01/2017 15:00,8.159999847
5056,27/01/2017 16:00,8.159999847
5057,27/01/2017 17:00,8.230999947
5058,27/01/2017 18:00,8.020000458
5059,27/01/2017 19:00,8.300999641
5060,27/01/2017 20:00,6.40199995
5061,27/01/2017 21:00,6.050000191
5062,27/01/2017 22:00,5.979000092
5063,27/01/2017 23:00,5.55700016
5064,28/01/2017 00:00,5.065000057
5065,28/01/2017 01:00,5.276000023
5066,28/01/2017 02:00,5.276000023
5067,28/01/2017 03:00,5.205999851
5068,28/01/2017 04:00,4.923999786
5069,28/01/2017 05:00,5.416999817
5070,28/01/2017 06:00,5.55700016
5071,28/01/2017 07:00,5.486999989
5072,28/01/2017 08:00,5.768000126
5073,28/01/2017 09:00,6.40199995
5074,28/01/2017 10:00,6.894000053
5075,28/01/2017 11:00,7.879000187
5076,28/01/2017 12:00,9.00399971
5077,28/01/2017 13:00,10.90400028
5078,28/01/2017 14:00,13.22500038
5079,28/01/2017 15:00,12.7329998
5080,28/01/2017 16:00,12.23999977
5081,28/01/2017 17:00,12.23999977
5082,28/01/2017 18:00,12.02900028
5083,28/01/2017 19:00,10.62199974
5084,28/01/2017 20:00,11.46700001
5085,28/01/2017 21:00,11.18500042
5086,28/01/2017 22:00,11.39599991
5087,28/01/2017 23:00,12.17000008
5088,29/01/2017 00:00,12.6619997
5089,29/01/2017 01:00,12.7329998
5090,29/01/2017 02:00,13.71800041
5091,29/01/2017 03:00,14.84300041
5092,29/01/2017 04:00,14.49100018
5093,29/01/2017 05:00,14.06900024
5094,29/01/2017 06:00,12.94400024
5095,29/01/2017 07:00,7.879000187
5096,29/01/2017 08:00,7.105000019
5097,29/01/2017 09:00,5.416999817
5098,29/01/2017 10:00,5.346000195
5099,29/01/2017 11:00,6.190999985
5100,29/01/2017 12:00,6.752999783
5101,29/01/2017 13:00,6.612999916
5102,29/01/2017 14:00,7.456999779
5103,29/01/2017 15:00,5.768000126
5104,29/01/2017 16:00,6.40199995
5105,29/01/2017 17:00,7.52699995
5106,29/01/2017 18:00,7.52699995
5107,29/01/2017 19:00,5.346000195
5108,29/01/2017 20:00,4.221000195
5109,29/01/2017 21:00,7.668000221
5110,29/01/2017 22:00,6.612999916
5111,29/01/2017 23:00,7.52699995
5112,30/01/2017 00:00,7.245999813
5113,30/01/2017 01:00,7.737999916
5114,30/01/2017 02:00,6.894000053
5115,30/01/2017 03:00,7.034999847
5116,30/01/2017 04:00,6.40199995
5117,30/01/2017 05:00,4.643000126
5118,30/01/2017 06:00,4.150000095
5119,30/01/2017 07:00,4.43200016
5120,30/01/2017 08:00,3.305999994
5121,30/01/2017 09:00,3.657999992
5122,30/01/2017 10:00,4.150000095
5123,30/01/2017 11:00,5.346000195
5124,30/01/2017 12:00,5.90899992
5125,30/01/2017 13:00,5.697999954
5126,30/01/2017 14:00,6.261000156
5127,30/01/2017 15:00,5.346000195
5128,30/01/2017 16:00,4.854000092
5129,30/01/2017 17:00,4.643000126
5130,30/01/2017 18:00,5.55700016
5131,30/01/2017 19:00,5.065000057
5132,30/01/2017 20:00,4.712999821
5133,30/01/2017 21:00,4.854000092
5134,30/01/2017 22:00,4.43200016
5135,30/01/2017 23:00,4.78399992
5136,31/01/2017 00:00,5.276000023
5137,31/01/2017 01:00,5.276000023
5138,31/01/2017 02:00,5.276000023
5139,31/01/2017 03:00,5.276000023
5140,31/01/2017 04:00,5.276000023
5141,31/01/2017 05:00,5.276000023
5142,31/01/2017 06:00,5.276000023
5143,31/01/2017 07:00,5.276000023
5144,31/01/2017 08:00,5.276000023
5145,31/01/2017 09:00,5.276000023
5146,31/01/2017 10:00,5.276000023
5147,31/01/2017 11:00,5.276000023
5148,31/01/2017 12:00,5.276000023
5149,31/01/2017 13:00,5.276000023
5150,31/01/2017 14:00,5.276000023
5151,31/01/2017 15:00,5.276000023
5152,31/01/2017 16:00,5.276000023
5153,31/01/2017 17:00,5.276000023
5154,31/01/2017 18:00,5.276000023
5155,31/01/2017 19:00,5.276000023
5156,31/01/2017 20:00,5.276000023
5157,31/01/2017 21:00,5.276000023
5158,31/01/2017 22:00,5.276000023
5159,31/01/2017 23:00,5.276000023
5160,01/02/2017 00:00,4.854000092
5161,01/02/2017 01:00,4.361999989
5162,01/02/2017 02:00,5.416999817
5163,01/02/2017 03:00,4.290999889
5164,01/02/2017 04:00,4.78399992
5165,01/02/2017 05:00,4.923999786
5166,01/02/2017 06:00,5.135000229
5167,01/02/2017 07:00,4.150000095
5168,01/02/2017 08:00,5.276000023
5169,01/02/2017 09:00,4.854000092
5170,01/02/2017 10:00,5.486999989
5171,01/02/2017 11:00,5.697999954
5172,01/02/2017 12:00,5.90899992
5173,01/02/2017 13:00,6.823999882
5174,01/02/2017 14:00,6.40199995
5175,01/02/2017 15:00,8.090000153
5176,01/02/2017 16:00,5.979000092
5177,01/02/2017 17:00,5.839000225
5178,01/02/2017 18:00,6.40199995
5179,01/02/2017 19:00,7.315999985
5180,01/02/2017 20:00,8.159999847
5181,01/02/2017 21:00,8.159999847
5182,01/02/2017 22:00,8.37100029
5183,01/02/2017 23:00,8.722999573
5184,02/02/2017 00:00,9.074999809
5185,02/02/2017 01:00,7.809000015
5186,02/02/2017 02:00,7.809000015
5187,02/02/2017 03:00,6.330999851
5188,02/02/2017 04:00,5.697999954
5189,02/02/2017 05:00,5.55700016
5190,02/02/2017 06:00,4.643000126
5191,02/02/2017 07:00,4.361999989
5192,02/02/2017 08:00,4.290999889
5193,02/02/2017 09:00,4.290999889
5194,02/02/2017 10:00,4.079999924
5195,02/02/2017 11:00,3.868999958
5196,02/02/2017 12:00,4.361999989
5197,02/02/2017 13:00,4.994999886
5198,02/02/2017 14:00,5.486999989
5199,02/02/2017 15:00,5.839000225
5200,02/02/2017 16:00,5.839000225
5201,02/02/2017 17:00,5.90899992
5202,02/02/2017 18:00,6.119999886
5203,02/02/2017 19:00,6.752999783
5204,02/02/2017 20:00,6.050000191
5205,02/02/2017 21:00,6.190999985
5206,02/02/2017 22:00,6.261000156
5207,02/02/2017 23:00,6.190999985
5208,03/02/2017 00:00,7.456999779
5209,03/02/2017 01:00,7.386000156
5210,03/02/2017 02:00,6.823999882
5211,03/02/2017 03:00,8.300999641
5212,03/02/2017 04:00,8.512000084
5213,03/02/2017 05:00,8.159999847
5214,03/02/2017 06:00,8.86400032
5215,03/02/2017 07:00,8.86400032
5216,03/02/2017 08:00,7.315999985
5217,03/02/2017 09:00,8.300999641
5218,03/02/2017 10:00,9.074999809
5219,03/02/2017 11:00,9.425999641
5220,03/02/2017 12:00,7.456999779
5221,03/02/2017 13:00,6.823999882
5222,03/02/2017 14:00,6.541999817
5223,03/02/2017 15:00,9.286000252
5224,03/02/2017 16:00,9.425999641
5225,03/02/2017 17:00,10.90400028
5226,03/02/2017 18:00,10.13000011
5227,03/02/2017 19:00,9.98900032
5228,03/02/2017 20:00,9.355999947
5229,03/02/2017 21:00,9.777999878
5230,03/02/2017 22:00,9.496999741
5231,03/02/2017 23:00,10.62199974
5232,04/02/2017 00:00,11.39599991
5233,04/02/2017 01:00,11.18500042
5234,04/02/2017 02:00,11.5369997
5235,04/02/2017 03:00,11.32600021
5236,04/02/2017 04:00,11.25599957
5237,04/02/2017 05:00,11.67800045
5238,04/02/2017 06:00,11.5369997
5239,04/02/2017 07:00,11.04399967
5240,04/02/2017 08:00,10.83300018
5241,04/02/2017 09:00,10.62199974
5242,04/02/2017 10:00,10.3409996
5243,04/02/2017 11:00,11.25599957
5244,04/02/2017 12:00,10.62199974
5245,04/02/2017 13:00,9.637999535
5246,04/02/2017 14:00,8.86400032
5247,04/02/2017 15:00,8.934000015
5248,04/02/2017 16:00,10.3409996
5249,04/02/2017 17:00,10.76299953
5250,04/02/2017 18:00,11.04399967
5251,04/02/2017 19:00,10.55200005
5252,04/02/2017 20:00,10.3409996
5253,04/02/2017 21:00,10.62199974
5254,04/02/2017 22:00,10.62199974
5255,04/02/2017 23:00,10.62199974
5256,05/02/2017 00:00,9.98900032
5257,05/02/2017 01:00,10.62199974
5258,05/02/2017 02:00,11.32600021
5259,05/02/2017 03:00,11.46700001
5260,05/02/2017 04:00,10.69299984
5261,05/02/2017 05:00,11.18500042
5262,05/02/2017 06:00,10.69299984
5263,05/02/2017 07:00,10.62199974
5264,05/02/2017 08:00,11.39599991
5265,05/02/2017 09:00,10.19999981
5266,05/02/2017 10:00,9.425999641
5267,05/02/2017 11:00,9.074999809
5268,05/02/2017 12:00,8.722999573
5269,05/02/2017 13:00,9.777999878
5270,05/02/2017 14:00,11.5369997
5271,05/02/2017 15:00,12.02900028
5272,05/02/2017 16:00,10.97399998
5273,05/02/2017 17:00,10.90400028
5274,05/02/2017 18:00,11.04399967
5275,05/02/2017 19:00,9.918999672
5276,05/02/2017 20:00,10.13000011
5277,05/02/2017 21:00,9.777999878
5278,05/02/2017 22:00,8.793000221
5279,05/02/2017 23:00,8.020000458
5280,06/02/2017 00:00,7.809000015
5281,06/02/2017 01:00,6.752999783
5282,06/02/2017 02:00,6.752999783
5283,06/02/2017 03:00,6.261000156
5284,06/02/2017 04:00,5.90899992
5285,06/02/2017 05:00,5.768000126
5286,06/02/2017 06:00,5.839000225
5287,06/02/2017 07:00,4.923999786
5288,06/02/2017 08:00,4.501999855
5289,06/02/2017 09:00,4.854000092
5290,06/02/2017 10:00,4.572999954
5291,06/02/2017 11:00,5.486999989
5292,06/02/2017 12:00,6.40199995
5293,06/02/2017 13:00,6.40199995
5294,06/02/2017 14:00,7.52699995
5295,06/02/2017 15:00,7.105000019
5296,06/02/2017 16:00,6.752999783
5297,06/02/2017 17:00,6.752999783
5298,06/02/2017 18:00,6.40199995
5299,06/02/2017 19:00,5.768000126
5300,06/02/2017 20:00,5.346000195
5301,06/02/2017 21:00,4.994999886
5302,06/02/2017 22:00,5.276000023
5303,06/02/2017 23:00,5.065000057
5304,07/02/2017 00:00,4.572999954
5305,07/02/2017 01:00,3.799000025
5306,07/02/2017 02:00,3.165999889
5307,07/02/2017 03:00,2.743999958
5308,07/02/2017 04:00,3.236000061
5309,07/02/2017 05:00,2.461999893
5310,07/02/2017 06:00,2.743999958
5311,07/02/2017 07:00,2.884000063
5312,07/02/2017 08:00,3.025000095
5313,07/02/2017 09:00,2.954999924
5314,07/02/2017 10:00,3.305999994
5315,07/02/2017 11:00,4.079999924
5316,07/02/2017 12:00,3.799000025
5317,07/02/2017 13:00,4.854000092
5318,07/02/2017 14:00,5.486999989
5319,07/02/2017 15:00,5.486999989
5320,07/02/2017 16:00,5.346000195
5321,07/02/2017 17:00,5.55700016
5322,07/02/2017 18:00,5.90899992
5323,07/02/2017 19:00,6.261000156
5324,07/02/2017 20:00,6.190999985
5325,07/02/2017 21:00,5.90899992
5326,07/02/2017 22:00,5.627999783
5327,07/02/2017 23:00,3.095000029
5328,08/02/2017 00:00,1.758999944
5329,08/02/2017 01:00,2.39199996
5330,08/02/2017 02:00,3.236000061
5331,08/02/2017 03:00,2.954999924
5332,08/02/2017 04:00,0.985000014
5333,08/02/2017 05:00,0.773999989
5334,08/02/2017 06:00,0
5335,08/02/2017 07:00,0.985000014
5336,08/02/2017 08:00,0
5337,08/02/2017 09:00,0.633000016
5338,08/02/2017 10:00,0
5339,08/02/2017 11:00,-0.633000016
5340,08/02/2017 12:00,2.180999994
5341,08/02/2017 13:00,2.461999893
5342,08/02/2017 14:00,3.095000029
5343,08/02/2017 15:00,5.276000023
5344,08/02/2017 16:00,5.346000195
5345,08/02/2017 17:00,4.290999889
5346,08/02/2017 18:00,5.346000195
5347,08/02/2017 19:00,4.712999821
5348,08/02/2017 20:00,5.979000092
5349,08/02/2017 21:00,4.501999855
5350,08/02/2017 22:00,6.612999916
5351,08/02/2017 23:00,6.823999882
5352,09/02/2017 00:00,6.964000225
5353,09/02/2017 01:00,4.994999886
5354,09/02/2017 02:00,5.697999954
5355,09/02/2017 03:00,6.612999916
5356,09/02/2017 04:00,6.40199995
5357,09/02/2017 05:00,3.727999926
5358,09/02/2017 06:00,3.165999889
5359,09/02/2017 07:00,5.065000057
5360,09/02/2017 08:00,5.276000023
5361,09/02/2017 09:00,3.727999926
5362,09/02/2017 10:00,5.346000195
5363,09/02/2017 11:00,6.823999882
5364,09/02/2017 12:00,7.034999847
5365,09/02/2017 13:00,6.612999916
5366,09/02/2017 14:00,7.809000015
5367,09/02/2017 15:00,6.40199995
5368,09/02/2017 16:00,5.90899992
5369,09/02/2017 17:00,6.894000053
5370,09/02/2017 18:00,7.668000221
5371,09/02/2017 19:00,7.809000015
5372,09/02/2017 20:00,7.948999882
5373,09/02/2017 21:00,7.668000221
5374,09/02/2017 22:00,8.442000389
5375,09/02/2017 23:00,8.230999947
5376,10/02/2017 00:00,6.40199995
5377,10/02/2017 01:00,6.823999882
5378,10/02/2017 02:00,6.541999817
5379,10/02/2017 03:00,7.456999779
5380,10/02/2017 04:00,6.752999783
5381,10/02/2017 05:00,6.40199995
5382,10/02/2017 06:00,5.416999817
5383,10/02/2017 07:00,4.501999855
5384,10/02/2017 08:00,5.205999851
5385,10/02/2017 09:00,6.050000191
5386,10/02/2017 10:00,6.40199995
5387,10/02/2017 11:00,7.456999779
5388,10/02/2017 12:00,6.823999882
5389,10/02/2017 13:00,7.105000019
5390,10/02/2017 14:00,9.074999809
5391,10/02/2017 15:00,7.737999916
5392,10/02/2017 16:00,7.737999916
5393,10/02/2017 17:00,7.809000015
5394,10/02/2017 18:00,8.442000389
5395,10/02/2017 19:00,7.948999882
5396,10/02/2017 20:00,7.105000019
5397,10/02/2017 21:00,8.159999847
5398,10/02/2017 22:00,7.809000015
5399,10/02/2017 23:00,7.315999985
5400,11/02/2017 00:00,6.541999817
5401,11/02/2017 01:00,7.386000156
5402,11/02/2017 02:00,6.119999886
5403,11/02/2017 03:00,4.923999786
5404,11/02/2017 04:00,6.541999817
5405,11/02/2017 05:00,7.52699995
5406,11/02/2017 06:00,7.597000122
5407,11/02/2017 07:00,6.752999783
5408,11/02/2017 08:00,8.37100029
5409,11/02/2017 09:00,6.964000225
5410,11/02/2017 10:00,7.315999985
5411,11/02/2017 11:00,8.159999847
5412,11/02/2017 12:00,8.512000084
5413,11/02/2017 13:00,8.512000084
5414,11/02/2017 14:00,11.60700035
5415,11/02/2017 15:00,9.777999878
5416,11/02/2017 16:00,9.708000183
5417,11/02/2017 17:00,9.708000183
5418,11/02/2017 18:00,9.637999535
5419,11/02/2017 19:00,9.215000153
5420,11/02/2017 20:00,8.86400032
5421,11/02/2017 21:00,9.074999809
5422,11/02/2017 22:00,8.37100029
5423,11/02/2017 23:00,9.286000252
5424,12/02/2017 00:00,8.37100029
5425,12/02/2017 01:00,9.074999809
5426,12/02/2017 02:00,8.86400032
5427,12/02/2017 03:00,8.37100029
5428,12/02/2017 04:00,8.159999847
5429,12/02/2017 05:00,8.230999947
5430,12/02/2017 06:00,8.722999573
5431,12/02/2017 07:00,8.159999847
5432,12/02/2017 08:00,7.597000122
5433,12/02/2017 09:00,8.37100029
5434,12/02/2017 10:00,9.708000183
5435,12/02/2017 11:00,10.83300018
5436,12/02/2017 12:00,10.83300018
5437,12/02/2017 13:00,12.10000038
5438,12/02/2017 14:00,14.63199997
5439,12/02/2017 15:00,12.94400024
5440,12/02/2017 16:00,13.36600018
5441,12/02/2017 17:00,13.57699966
5442,12/02/2017 18:00,11.74800014
5443,12/02/2017 19:00,10.90400028
5444,12/02/2017 20:00,9.215000153
5445,12/02/2017 21:00,9.286000252
5446,12/02/2017 22:00,9.777999878
5447,12/02/2017 23:00,9.496999741
5448,13/02/2017 00:00,10.06000042
5449,13/02/2017 01:00,9.425999641
5450,13/02/2017 02:00,9.425999641
5451,13/02/2017 03:00,9.425999641
5452,13/02/2017 04:00,8.722999573
5453,13/02/2017 05:00,8.86400032
5454,13/02/2017 06:00,9.145000458
5455,13/02/2017 07:00,9.567000389
5456,13/02/2017 08:00,9.777999878
5457,13/02/2017 09:00,9.425999641
5458,13/02/2017 10:00,11.46700001
5459,13/02/2017 11:00,12.94400024
5460,13/02/2017 12:00,11.67800045
5461,13/02/2017 13:00,12.02900028
5462,13/02/2017 14:00,15.0539999
5463,13/02/2017 15:00,14.49100018
5464,13/02/2017 16:00,15.125
5465,13/02/2017 17:00,13.78800011
5466,13/02/2017 18:00,13.43599987
5467,13/02/2017 19:00,12.23999977
5468,13/02/2017 20:00,12.38099957
5469,13/02/2017 21:00,11.39599991
5470,13/02/2017 22:00,10.97399998
5471,13/02/2017 23:00,10.41100025
5472,14/02/2017 00:00,10.97399998
5473,14/02/2017 01:00,10.41100025
5474,14/02/2017 02:00,10.19999981
5475,14/02/2017 03:00,9.286000252
5476,14/02/2017 04:00,9.074999809
5477,14/02/2017 05:00,8.300999641
5478,14/02/2017 06:00,7.879000187
5479,14/02/2017 07:00,7.809000015
5480,14/02/2017 08:00,8.300999641
5481,14/02/2017 09:00,8.512000084
5482,14/02/2017 10:00,8.722999573
5483,14/02/2017 11:00,9.777999878
5484,14/02/2017 12:00,9.286000252
5485,14/02/2017 13:00,9.98900032
5486,14/02/2017 14:00,10.27099991
5487,14/02/2017 15:00,9.848999977
5488,14/02/2017 16:00,10.48200035
5489,14/02/2017 17:00,10.76299953
5490,14/02/2017 18:00,10.83300018
5491,14/02/2017 19:00,9.286000252
5492,14/02/2017 20:00,9.00399971
5493,14/02/2017 21:00,8.020000458
5494,14/02/2017 22:00,8.300999641
5495,14/02/2017 23:00,7.737999916
5496,15/02/2017 00:00,7.737999916
5497,15/02/2017 01:00,7.386000156
5498,15/02/2017 02:00,7.105000019
5499,15/02/2017 03:00,7.105000019
5500,15/02/2017 04:00,7.879000187
5501,15/02/2017 05:00,7.52699995
5502,15/02/2017 06:00,6.964000225
5503,15/02/2017 07:00,7.105000019
5504,15/02/2017 08:00,8.793000221
5505,15/02/2017 09:00,9.286000252
5506,15/02/2017 10:00,9.98900032
5507,15/02/2017 11:00,12.94400024
5508,15/02/2017 12:00,13.78800011
5509,15/02/2017 13:00,14.14000034
5510,15/02/2017 14:00,16.39100075
5511,15/02/2017 15:00,14.06900024
5512,15/02/2017 16:00,14.49100018
5513,15/02/2017 17:00,16.32099915
5514,15/02/2017 18:00,15.26500034
5515,15/02/2017 19:00,14.14000034
5516,15/02/2017 20:00,13.29599953
5517,15/02/2017 21:00,12.8739996
5518,15/02/2017 22:00,12.94400024
5519,15/02/2017 23:00,13.08500004
5520,16/02/2017 00:00,13.01399994
5521,16/02/2017 01:00,12.6619997
5522,16/02/2017 02:00,12.94400024
5523,16/02/2017 03:00,12.02900028
5524,16/02/2017 04:00,12.10000038
5525,16/02/2017 05:00,10.83300018
5526,16/02/2017 06:00,12.6619997
5527,16/02/2017 07:00,12.23999977
5528,16/02/2017 08:00,11.46700001
5529,16/02/2017 09:00,10.83300018
5530,16/02/2017 10:00,11.95899963
5531,16/02/2017 11:00,13.64700031
5532,16/02/2017 12:00,14.77299976
5533,16/02/2017 13:00,15.82800007
5534,16/02/2017 14:00,14.49100018
5535,16/02/2017 15:00,13.57699966
5536,16/02/2017 16:00,13.78800011
5537,16/02/2017 17:00,14.35099983
5538,16/02/2017 18:00,16.46100044
5539,16/02/2017 19:00,16.25
5540,16/02/2017 20:00,16.32099915
5541,16/02/2017 21:00,16.67200089
5542,16/02/2017 22:00,15.54699993
5543,16/02/2017 23:00,14.98400021
5544,17/02/2017 00:00,15.0539999
5545,17/02/2017 01:00,16.46100044
5546,17/02/2017 02:00,12.7329998
5547,17/02/2017 03:00,12.23999977
5548,17/02/2017 04:00,13.9989996
5549,17/02/2017 05:00,12.94400024
5550,17/02/2017 06:00,11.81799984
5551,17/02/2017 07:00,10.69299984
5552,17/02/2017 08:00,9.637999535
5553,17/02/2017 09:00,8.300999641
5554,17/02/2017 10:00,8.512000084
5555,17/02/2017 11:00,7.52699995
5556,17/02/2017 12:00,7.809000015
5557,17/02/2017 13:00,6.894000053
5558,17/02/2017 14:00,7.597000122
5559,17/02/2017 15:00,7.668000221
5560,17/02/2017 16:00,7.105000019
5561,17/02/2017 17:00,6.752999783
5562,17/02/2017 18:00,7.034999847
5563,17/02/2017 19:00,7.597000122
5564,17/02/2017 20:00,8.581999779
5565,17/02/2017 21:00,8.300999641
5566,17/02/2017 22:00,7.386000156
5567,17/02/2017 23:00,7.456999779
5568,18/02/2017 00:00,6.964000225
5569,18/02/2017 01:00,7.456999779
5570,18/02/2017 02:00,6.894000053
5571,18/02/2017 03:00,7.105000019
5572,18/02/2017 04:00,6.683000088
5573,18/02/2017 05:00,6.752999783
5574,18/02/2017 06:00,6.612999916
5575,18/02/2017 07:00,7.034999847
5576,18/02/2017 08:00,6.752999783
5577,18/02/2017 09:00,6.823999882
5578,18/02/2017 10:00,7.597000122
5579,18/02/2017 11:00,8.581999779
5580,18/02/2017 12:00,9.918999672
5581,18/02/2017 13:00,9.777999878
5582,18/02/2017 14:00,13.01399994
5583,18/02/2017 15:00,13.22500038
5584,18/02/2017 16:00,11.74800014
5585,18/02/2017 17:00,11.32600021
5586,18/02/2017 18:00,11.32600021
5587,18/02/2017 19:00,10.62199974
5588,18/02/2017 20:00,9.425999641
5589,18/02/2017 21:00,9.215000153
5590,18/02/2017 22:00,9.777999878
5591,18/02/2017 23:00,9.286000252
5592,19/02/2017 00:00,9.00399971
5593,19/02/2017 01:00,9.425999641
5594,19/02/2017 02:00,8.86400032
5595,19/02/2017 03:00,9.145000458
5596,19/02/2017 04:00,9.215000153
5597,19/02/2017 05:00,9.215000153
5598,19/02/2017 06:00,9.848999977
5599,19/02/2017 07:00,10.55200005
5600,19/02/2017 08:00,11.67800045
5601,19/02/2017 09:00,11.5369997
5602,19/02/2017 10:00,12.38099957
5603,19/02/2017 11:00,12.94400024
5604,19/02/2017 12:00,12.59200001
5605,19/02/2017 13:00,12.94400024
5606,19/02/2017 14:00,13.01399994
5607,19/02/2017 15:00,11.88899994
5608,19/02/2017 16:00,11.67800045
5609,19/02/2017 17:00,11.67800045
5610,19/02/2017 18:00,11.39599991
5611,19/02/2017 19:00,13.64700031
5612,19/02/2017 20:00,14.84300041
5613,19/02/2017 21:00,14.35099983
5614,19/02/2017 22:00,14.21000004
5615,19/02/2017 23:00,14.35099983
5616,20/02/2017 00:00,14.27999973
5617,20/02/2017 01:00,14.14000034
5618,20/02/2017 02:00,14.27999973
5619,20/02/2017 03:00,14.49100018
5620,20/02/2017 04:00,14.70300007
5621,20/02/2017 05:00,15.0539999
5622,20/02/2017 06:00,13.08500004
5623,20/02/2017 07:00,11.18500042
5624,20/02/2017 08:00,9.425999641
5625,20/02/2017 09:00,7.245999813
5626,20/02/2017 10:00,6.40199995
5627,20/02/2017 11:00,6.119999886
5628,20/02/2017 12:00,5.276000023
5629,20/02/2017 13:00,6.261000156
5630,20/02/2017 14:00,5.697999954
5631,20/02/2017 15:00,6.050000191
5632,20/02/2017 16:00,4.994999886
5633,20/02/2017 17:00,4.712999821
5634,20/02/2017 18:00,5.205999851
5635,20/02/2017 19:00,4.221000195
5636,20/02/2017 20:00,4.572999954
5637,20/02/2017 21:00,3.938999891
5638,20/02/2017 22:00,4.150000095
5639,20/02/2017 23:00,3.657999992
5640,21/02/2017 00:00,3.165999889
5641,21/02/2017 01:00,2.743999958
5642,21/02/2017 02:00,2.109999895
5643,21/02/2017 03:00,1.899000049
5644,21/02/2017 04:00,2.039999962
5645,21/02/2017 05:00,2.039999962
5646,21/02/2017 06:00,2.039999962
5647,21/02/2017 07:00,1.547999978
5648,21/02/2017 08:00,1.054999948
5649,21/02/2017 09:00,1.758999944
5650,21/02/2017 10:00,2.532000065
5651,21/02/2017 11:00,3.095000029
5652,21/02/2017 12:00,3.51699996
5653,21/02/2017 13:00,4.501999855
5654,21/02/2017 14:00,4.923999786
5655,21/02/2017 15:00,5.205999851
5656,21/02/2017 16:00,4.994999886
5657,21/02/2017 17:00,4.854000092
5658,21/02/2017 18:00,6.050000191
5659,21/02/2017 19:00,5.768000126
5660,21/02/2017 20:00,3.305999994
5661,21/02/2017 21:00,2.039999962
5662,21/02/2017 22:00,1.476999998
5663,21/02/2017 23:00,1.828999996
5664,22/02/2017 00:00,1.126000047
5665,22/02/2017 01:00,1.899000049
5666,22/02/2017 02:00,1.126000047
5667,22/02/2017 03:00,0.915000021
5668,22/02/2017 04:00,2.461999893
5669,22/02/2017 05:00,2.743999958
5670,22/02/2017 06:00,4.150000095
5671,22/02/2017 07:00,2.602999926
5672,22/02/2017 08:00,0
5673,22/02/2017 09:00,1.337000012
5674,22/02/2017 10:00,1.899000049
5675,22/02/2017 11:00,2.250999928
5676,22/02/2017 12:00,1.828999996
5677,22/02/2017 13:00,3.095000029
5678,22/02/2017 14:00,3.588000059
5679,22/02/2017 15:00,2.602999926
5680,22/02/2017 16:00,3.588000059
5681,22/02/2017 17:00,2.884000063
5682,22/02/2017 18:00,4.994999886
5683,22/02/2017 19:00,6.190999985
5684,22/02/2017 20:00,6.612999916
5685,22/02/2017 21:00,3.305999994
5686,22/02/2017 22:00,4.150000095
5687,22/02/2017 23:00,4.854000092
5688,23/02/2017 00:00,5.205999851
5689,23/02/2017 01:00,5.486999989
5690,23/02/2017 02:00,4.150000095
5691,23/02/2017 03:00,2.461999893
5692,23/02/2017 04:00,2.461999893
5693,23/02/2017 05:00,3.377000093
5694,23/02/2017 06:00,3.447000027
5695,23/02/2017 07:00,3.938999891
5696,23/02/2017 08:00,4.010000229
5697,23/02/2017 09:00,3.727999926
5698,23/02/2017 10:00,4.643000126
5699,23/02/2017 11:00,5.55700016
5700,23/02/2017 12:00,7.315999985
5701,23/02/2017 13:00,8.37100029
5702,23/02/2017 14:00,8.090000153
5703,23/02/2017 15:00,8.300999641
5704,23/02/2017 16:00,10.27099991
5705,23/02/2017 17:00,9.918999672
5706,23/02/2017 18:00,10.27099991
5707,23/02/2017 19:00,8.442000389
5708,23/02/2017 20:00,8.090000153
5709,23/02/2017 21:00,8.581999779
5710,23/02/2017 22:00,8.159999847
5711,23/02/2017 23:00,8.300999641
5712,24/02/2017 00:00,9.215000153
5713,24/02/2017 01:00,9.074999809
5714,24/02/2017 02:00,8.86400032
5715,24/02/2017 03:00,9.215000153
5716,24/02/2017 04:00,8.934000015
5717,24/02/2017 05:00,10.06000042
5718,24/02/2017 06:00,9.567000389
5719,24/02/2017 07:00,9.496999741
5720,24/02/2017 08:00,9.777999878
5721,24/02/2017 09:00,11.25599957
5722,24/02/2017 10:00,11.95899963
5723,24/02/2017 11:00,12.38099957
5724,24/02/2017 12:00,11.60700035
5725,24/02/2017 13:00,11.32600021
5726,24/02/2017 14:00,11.88899994
5727,24/02/2017 15:00,12.31099987
5728,24/02/2017 16:00,11.39599991
5729,24/02/2017 17:00,12.02900028
5730,24/02/2017 18:00,11.88899994
5731,24/02/2017 19:00,10.97399998
5732,24/02/2017 20:00,10.48200035
5733,24/02/2017 21:00,10.19999981
5734,24/02/2017 22:00,9.777999878
5735,24/02/2017 23:00,10.13000011
5736,25/02/2017 00:00,9.777999878
5737,25/02/2017 01:00,9.074999809
5738,25/02/2017 02:00,9.777999878
5739,25/02/2017 03:00,8.934000015
5740,25/02/2017 04:00,8.442000389
5741,25/02/2017 05:00,8.652999878
5742,25/02/2017 06:00,8.37100029
5743,25/02/2017 07:00,8.581999779
5744,25/02/2017 08:00,9.145000458
5745,25/02/2017 09:00,9.567000389
5746,25/02/2017 10:00,12.31099987
5747,25/02/2017 11:00,11.88899994
5748,25/02/2017 12:00,12.38099957
5749,25/02/2017 13:00,12.59200001
5750,25/02/2017 14:00,14.06900024
5751,25/02/2017 15:00,13.64700031
5752,25/02/2017 16:00,13.50699997
5753,25/02/2017 17:00,13.50699997
5754,25/02/2017 18:00,12.38099957
5755,25/02/2017 19:00,11.74800014
5756,25/02/2017 20:00,10.90400028
5757,25/02/2017 21:00,11.46700001
5758,25/02/2017 22:00,10.97399998
5759,25/02/2017 23:00,10.90400028
5760,26/02/2017 00:00,11.46700001
5761,26/02/2017 01:00,11.04399967
5762,26/02/2017 02:00,11.32600021
5763,26/02/2017 03:00,10.76299953
5764,26/02/2017 04:00,10.90400028
5765,26/02/2017 05:00,10.19999981
5766,26/02/2017 06:00,9.777999878
5767,26/02/2017 07:00,9.848999977
5768,26/02/2017 08:00,10.62199974
5769,26/02/2017 09:00,12.23999977
5770,26/02/2017 10:00,11.32600021
5771,26/02/2017 11:00,12.31099987
5772,26/02/2017 12:00,11.88899994
5773,26/02/2017 13:00,12.02900028
5774,26/02/2017 14:00,13.29599953
5775,26/02/2017 15:00,13.9289999
5776,26/02/2017 16:00,12.80300045
5777,26/02/2017 17:00,12.6619997
5778,26/02/2017 18:00,13.08500004
5779,26/02/2017 19:00,12.02900028
5780,26/02/2017 20:00,10.97399998
5781,26/02/2017 21:00,10.90400028
5782,26/02/2017 22:00,11.46700001
5783,26/02/2017 23:00,11.39599991
5784,27/02/2017 00:00,10.90400028
5785,27/02/2017 01:00,10.97399998
5786,27/02/2017 02:00,10.83300018
5787,27/02/2017 03:00,10.3409996
5788,27/02/2017 04:00,10.3409996
5789,27/02/2017 05:00,9.777999878
5790,27/02/2017 06:00,9.215000153
5791,27/02/2017 07:00,8.442000389
5792,27/02/2017 08:00,9.215000153
5793,27/02/2017 09:00,8.722999573
5794,27/02/2017 10:00,9.00399971
5795,27/02/2017 11:00,10.13000011
5796,27/02/2017 12:00,11.11499977
5797,27/02/2017 13:00,12.17000008
5798,27/02/2017 14:00,14.49100018
5799,27/02/2017 15:00,14.35099983
5800,27/02/2017 16:00,14.70300007
5801,27/02/2017 17:00,13.64700031
5802,27/02/2017 18:00,13.71800041
5803,27/02/2017 19:00,12.80300045
5804,27/02/2017 20:00,11.60700035
5805,27/02/2017 21:00,11.67800045
5806,27/02/2017 22:00,10.13000011
5807,27/02/2017 23:00,9.496999741
5808,28/02/2017 00:00,9.567000389
5809,28/02/2017 01:00,9.567000389
5810,28/02/2017 02:00,9.00399971
5811,28/02/2017 03:00,9.074999809
5812,28/02/2017 04:00,8.581999779
5813,28/02/2017 05:00,8.230999947
5814,28/02/2017 06:00,8.300999641
5815,28/02/2017 07:00,8.020000458
5816,28/02/2017 08:00,8.652999878
5817,28/02/2017 09:00,7.809000015
5818,28/02/2017 10:00,9.355999947
5819,28/02/2017 11:00,10.48200035
5820,28/02/2017 12:00,11.18500042
5821,28/02/2017 13:00,11.67800045
5822,28/02/2017 14:00,13.9989996
5823,28/02/2017 15:00,14.70300007
5824,28/02/2017 16:00,14.35099983
5825,28/02/2017 17:00,14.35099983
5826,28/02/2017 18:00,13.15499973
5827,28/02/2017 19:00,12.52200031
5828,28/02/2017 20:00,12.02900028
5829,28/02/2017 21:00,12.8739996
5830,28/02/2017 22:00,13.08500004
5831,28/02/2017 23:00,13.15499973
5832,01/03/2017 00:00,12.7329998
5833,01/03/2017 01:00,11.88899994
5834,01/03/2017 02:00,11.46700001
5835,01/03/2017 03:00,12.02900028
5836,01/03/2017 04:00,12.80300045
5837,01/03/2017 05:00,12.59200001
5838,01/03/2017 06:00,10.3409996
5839,01/03/2017 07:00,8.581999779
5840,01/03/2017 08:00,8.442000389
5841,01/03/2017 09:00,8.652999878
5842,01/03/2017 10:00,9.00399971
5843,01/03/2017 11:00,9.215000153
5844,01/03/2017 12:00,8.86400032
5845,01/03/2017 13:00,9.425999641
5846,01/03/2017 14:00,9.355999947
5847,01/03/2017 15:00,8.652999878
5848,01/03/2017 16:00,9.286000252
5849,01/03/2017 17:00,9.00399971
5850,01/03/2017 18:00,8.020000458
5851,01/03/2017 19:00,8.934000015
5852,01/03/2017 20:00,8.512000084
5853,01/03/2017 21:00,6.612999916
5854,01/03/2017 22:00,7.809000015
5855,01/03/2017 23:00,7.668000221
5856,02/03/2017 00:00,7.175000191
5857,02/03/2017 01:00,6.823999882
5858,02/03/2017 02:00,6.190999985
5859,02/03/2017 03:00,7.315999985
5860,02/03/2017 04:00,6.541999817
5861,02/03/2017 05:00,7.105000019
5862,02/03/2017 06:00,6.40199995
5863,02/03/2017 07:00,6.261000156
5864,02/03/2017 08:00,9.355999947
5865,02/03/2017 09:00,7.948999882
5866,02/03/2017 10:00,9.708000183
5867,02/03/2017 11:00,9.425999641
5868,02/03/2017 12:00,9.918999672
5869,02/03/2017 13:00,9.286000252
5870,02/03/2017 14:00,13.36600018
5871,02/03/2017 15:00,11.81799984
5872,02/03/2017 16:00,11.39599991
5873,02/03/2017 17:00,11.81799984
5874,02/03/2017 18:00,11.95899963
5875,02/03/2017 19:00,10.69299984
5876,02/03/2017 20:00,9.215000153
5877,02/03/2017 21:00,9.074999809
5878,02/03/2017 22:00,9.355999947
5879,02/03/2017 23:00,9.286000252
5880,03/03/2017 00:00,9.00399971
5881,03/03/2017 01:00,8.722999573
5882,03/03/2017 02:00,7.034999847
5883,03/03/2017 03:00,7.597000122
5884,03/03/2017 04:00,8.159999847
5885,03/03/2017 05:00,7.737999916
5886,03/03/2017 06:00,7.386000156
5887,03/03/2017 07:00,7.948999882
5888,03/03/2017 08:00,8.090000153
5889,03/03/2017 09:00,6.964000225
5890,03/03/2017 10:00,8.652999878
5891,03/03/2017 11:00,9.215000153
5892,03/03/2017 12:00,10.76299953
5893,03/03/2017 13:00,11.81799984
5894,03/03/2017 14:00,12.17000008
5895,03/03/2017 15:00,11.88899994
5896,03/03/2017 16:00,12.7329998
5897,03/03/2017 17:00,13.71800041
5898,03/03/2017 18:00,13.9989996
5899,03/03/2017 19:00,12.23999977
5900,03/03/2017 20:00,13.22500038
5901,03/03/2017 21:00,12.38099957
5902,03/03/2017 22:00,11.74800014
5903,03/03/2017 23:00,11.46700001
5904,04/03/2017 00:00,11.88899994
5905,04/03/2017 01:00,11.32600021
5906,04/03/2017 02:00,11.32600021
5907,04/03/2017 03:00,11.39599991
5908,04/03/2017 04:00,11.5369997
5909,04/03/2017 05:00,11.39599991
5910,04/03/2017 06:00,11.18500042
5911,04/03/2017 07:00,10.90400028
5912,04/03/2017 08:00,10.55200005
5913,04/03/2017 09:00,10.83300018
5914,04/03/2017 10:00,12.38099957
5915,04/03/2017 11:00,12.38099957
5916,04/03/2017 12:00,13.01399994
5917,04/03/2017 13:00,12.38099957
5918,04/03/2017 14:00,13.43599987
5919,04/03/2017 15:00,13.08500004
5920,04/03/2017 16:00,13.8579998
5921,04/03/2017 17:00,13.78800011
5922,04/03/2017 18:00,9.98900032
5923,04/03/2017 19:00,9.708000183
5924,04/03/2017 20:00,8.86400032
5925,04/03/2017 21:00,8.722999573
5926,04/03/2017 22:00,8.512000084
5927,04/03/2017 23:00,8.442000389
5928,05/03/2017 00:00,9.00399971
5929,05/03/2017 01:00,8.722999573
5930,05/03/2017 02:00,6.612999916
5931,05/03/2017 03:00,9.355999947
5932,05/03/2017 04:00,9.777999878
5933,05/03/2017 05:00,10.55200005
5934,05/03/2017 06:00,10.69299984
5935,05/03/2017 07:00,9.98900032
5936,05/03/2017 08:00,10.83300018
5937,05/03/2017 09:00,11.88899994
5938,05/03/2017 10:00,13.15499973
5939,05/03/2017 11:00,14.70300007
5940,05/03/2017 12:00,14.49100018
5941,05/03/2017 13:00,12.38099957
5942,05/03/2017 14:00,12.59200001
5943,05/03/2017 15:00,13.01399994
5944,05/03/2017 16:00,11.67800045
5945,05/03/2017 17:00,12.8739996
5946,05/03/2017 18:00,12.80300045
5947,05/03/2017 19:00,12.45100021
5948,05/03/2017 20:00,12.17000008
5949,05/03/2017 21:00,11.39599991
5950,05/03/2017 22:00,12.6619997
5951,05/03/2017 23:00,12.10000038
5952,06/03/2017 00:00,7.668000221
5953,06/03/2017 01:00,5.768000126
5954,06/03/2017 02:00,4.923999786
5955,06/03/2017 03:00,5.416999817
5956,06/03/2017 04:00,6.40199995
5957,06/03/2017 05:00,7.386000156
5958,06/03/2017 06:00,7.105000019
5959,06/03/2017 07:00,8.581999779
5960,06/03/2017 08:00,6.894000053
5961,06/03/2017 09:00,6.472000122
5962,06/03/2017 10:00,8.090000153
5963,06/03/2017 11:00,8.37100029
5964,06/03/2017 12:00,8.652999878
5965,06/03/2017 13:00,9.00399971
5966,06/03/2017 14:00,10.27099991
5967,06/03/2017 15:00,10.19999981
5968,06/03/2017 16:00,11.67800045
5969,06/03/2017 17:00,12.23999977
5970,06/03/2017 18:00,11.39599991
5971,06/03/2017 19:00,11.18500042
5972,06/03/2017 20:00,10.90400028
5973,06/03/2017 21:00,10.19999981
5974,06/03/2017 22:00,10.3409996
5975,06/03/2017 23:00,9.496999741
5976,07/03/2017 00:00,10.19999981
5977,07/03/2017 01:00,9.918999672
5978,07/03/2017 02:00,9.848999977
5979,07/03/2017 03:00,9.286000252
5980,07/03/2017 04:00,9.777999878
5981,07/03/2017 05:00,9.215000153
5982,07/03/2017 06:00,8.722999573
5983,07/03/2017 07:00,8.652999878
5984,07/03/2017 08:00,10.27099991
5985,07/03/2017 09:00,8.581999779
5986,07/03/2017 10:00,11.32600021
5987,07/03/2017 11:00,12.45100021
5988,07/03/2017 12:00,12.38099957
5989,07/03/2017 13:00,13.50699997
5990,07/03/2017 14:00,15.47599983
5991,07/03/2017 15:00,13.29599953
5992,07/03/2017 16:00,12.52200031
5993,07/03/2017 17:00,13.08500004
5994,07/03/2017 18:00,13.22500038
5995,07/03/2017 19:00,11.88899994
5996,07/03/2017 20:00,11.81799984
5997,07/03/2017 21:00,9.215000153
5998,07/03/2017 22:00,7.245999813
5999,07/03/2017 23:00,8.442000389
6000,08/03/2017 00:00,8.442000389
6001,08/03/2017 01:00,10.19999981
6002,08/03/2017 02:00,9.425999641
6003,08/03/2017 03:00,10.27099991
6004,08/03/2017 04:00,9.777999878
6005,08/03/2017 05:00,8.86400032
6006,08/03/2017 06:00,9.637999535
6007,08/03/2017 07:00,9.708000183
6008,08/03/2017 08:00,10.13000011
6009,08/03/2017 09:00,9.777999878
6010,08/03/2017 10:00,12.7329998
6011,08/03/2017 11:00,12.23999977
6012,08/03/2017 12:00,10.48200035
6013,08/03/2017 13:00,10.55200005
6014,08/03/2017 14:00,12.23999977
6015,08/03/2017 15:00,11.46700001
6016,08/03/2017 16:00,10.90400028
6017,08/03/2017 17:00,12.23999977
6018,08/03/2017 18:00,12.80300045
6019,08/03/2017 19:00,12.02900028
6020,08/03/2017 20:00,12.02900028
6021,08/03/2017 21:00,11.95899963
6022,08/03/2017 22:00,11.81799984
6023,08/03/2017 23:00,10.83300018
6024,09/03/2017 00:00,9.567000389
6025,09/03/2017 01:00,9.074999809
6026,09/03/2017 02:00,11.39599991
6027,09/03/2017 03:00,9.918999672
6028,09/03/2017 04:00,10.27099991
6029,09/03/2017 05:00,9.637999535
6030,09/03/2017 06:00,10.19999981
6031,09/03/2017 07:00,10.48200035
6032,09/03/2017 08:00,11.88899994
6033,09/03/2017 09:00,12.23999977
6034,09/03/2017 10:00,14.35099983
6035,09/03/2017 11:00,13.78800011
6036,09/03/2017 12:00,13.9289999
6037,09/03/2017 13:00,14.49100018
6038,09/03/2017 14:00,14.27999973
6039,09/03/2017 15:00,14.14000034
6040,09/03/2017 16:00,15.75800037
6041,09/03/2017 17:00,15.0539999
6042,09/03/2017 18:00,14.91399956
6043,09/03/2017 19:00,14.84300041
6044,09/03/2017 20:00,13.64700031
6045,09/03/2017 21:00,14.27999973
6046,09/03/2017 22:00,14.14000034
6047,09/03/2017 23:00,12.31099987
6048,10/03/2017 00:00,12.17000008
6049,10/03/2017 01:00,12.17000008
6050,10/03/2017 02:00,12.52200031
6051,10/03/2017 03:00,12.52200031
6052,10/03/2017 04:00,12.02900028
6053,10/03/2017 05:00,11.88899994
6054,10/03/2017 06:00,10.97399998
6055,10/03/2017 07:00,10.97399998
6056,10/03/2017 08:00,11.18500042
6057,10/03/2017 09:00,12.59200001
6058,10/03/2017 10:00,13.57699966
6059,10/03/2017 11:00,13.8579998
6060,10/03/2017 12:00,15.19499969
6061,10/03/2017 13:00,16.10899925
6062,10/03/2017 14:00,15.68700027
6063,10/03/2017 15:00,16.32099915
6064,10/03/2017 16:00,17.09399986
6065,10/03/2017 17:00,15.33600044
6066,10/03/2017 18:00,14.98400021
6067,10/03/2017 19:00,14.63199997
6068,10/03/2017 20:00,13.71800041
6069,10/03/2017 21:00,13.08500004
6070,10/03/2017 22:00,11.95899963
6071,10/03/2017 23:00,10.83300018
6072,11/03/2017 00:00,10.13000011
6073,11/03/2017 01:00,10.62199974
6074,11/03/2017 02:00,9.98900032
6075,11/03/2017 03:00,10.13000011
6076,11/03/2017 04:00,9.286000252
6077,11/03/2017 05:00,8.722999573
6078,11/03/2017 06:00,8.512000084
6079,11/03/2017 07:00,8.442000389
6080,11/03/2017 08:00,8.581999779
6081,11/03/2017 09:00,9.074999809
6082,11/03/2017 10:00,10.90400028
6083,11/03/2017 11:00,11.67800045
6084,11/03/2017 12:00,12.23999977
6085,11/03/2017 13:00,13.64700031
6086,11/03/2017 14:00,15.61699963
6087,11/03/2017 15:00,13.9989996
6088,11/03/2017 16:00,13.9989996
6089,11/03/2017 17:00,13.43599987
6090,11/03/2017 18:00,13.50699997
6091,11/03/2017 19:00,12.31099987
6092,11/03/2017 20:00,10.90400028
6093,11/03/2017 21:00,10.48200035
6094,11/03/2017 22:00,10.19999981
6095,11/03/2017 23:00,9.848999977
6096,12/03/2017 00:00,9.848999977
6097,12/03/2017 01:00,10.48200035
6098,12/03/2017 02:00,11.11499977
6099,12/03/2017 03:00,10.13000011
6100,12/03/2017 04:00,10.13000011
6101,12/03/2017 05:00,10.97399998
6102,12/03/2017 06:00,10.76299953
6103,12/03/2017 07:00,11.32600021
6104,12/03/2017 08:00,10.3409996
6105,12/03/2017 09:00,10.55200005
6106,12/03/2017 10:00,10.62199974
6107,12/03/2017 11:00,11.25599957
6108,12/03/2017 12:00,12.23999977
6109,12/03/2017 13:00,12.45100021
6110,12/03/2017 14:00,10.27099991
6111,12/03/2017 15:00,11.5369997
6112,12/03/2017 16:00,7.386000156
6113,12/03/2017 17:00,6.752999783
6114,12/03/2017 18:00,7.386000156
6115,12/03/2017 19:00,6.330999851
6116,12/03/2017 20:00,5.768000126
6117,12/03/2017 21:00,7.879000187
6118,12/03/2017 22:00,7.597000122
6119,12/03/2017 23:00,6.612999916
6120,13/03/2017 00:00,7.315999985
6121,13/03/2017 01:00,5.627999783
6122,13/03/2017 02:00,4.572999954
6123,13/03/2017 03:00,7.105000019
6124,13/03/2017 04:00,6.964000225
6125,13/03/2017 05:00,4.150000095
6126,13/03/2017 06:00,2.039999962
6127,13/03/2017 07:00,2.673000097
6128,13/03/2017 08:00,2.250999928
6129,13/03/2017 09:00,2.602999926
6130,13/03/2017 10:00,1.687999964
6131,13/03/2017 11:00,1.406999946
6132,13/03/2017 12:00,0.773999989
6133,13/03/2017 13:00,1.337000012
6134,13/03/2017 14:00,3.868999958
6135,13/03/2017 15:00,3.447000027
6136,13/03/2017 16:00,0.985000014
6137,13/03/2017 17:00,3.236000061
6138,13/03/2017 18:00,2.813999891
6139,13/03/2017 19:00,5.346000195
6140,13/03/2017 20:00,5.55700016
6141,13/03/2017 21:00,5.55700016
6142,13/03/2017 22:00,6.050000191
6143,13/03/2017 23:00,5.979000092
6144,14/03/2017 00:00,6.823999882
6145,14/03/2017 01:00,6.964000225
6146,14/03/2017 02:00,6.050000191
6147,14/03/2017 03:00,5.627999783
6148,14/03/2017 04:00,6.683000088
6149,14/03/2017 05:00,6.261000156
6150,14/03/2017 06:00,7.175000191
6151,14/03/2017 07:00,7.315999985
6152,14/03/2017 08:00,7.809000015
6153,14/03/2017 09:00,7.52699995
6154,14/03/2017 10:00,9.918999672
6155,14/03/2017 11:00,8.230999947
6156,14/03/2017 12:00,8.934000015
6157,14/03/2017 13:00,10.41100025
6158,14/03/2017 14:00,10.97399998
6159,14/03/2017 15:00,10.13000011
6160,14/03/2017 16:00,9.215000153
6161,14/03/2017 17:00,9.425999641
6162,14/03/2017 18:00,10.27099991
6163,14/03/2017 19:00,10.55200005
6164,14/03/2017 20:00,10.3409996
6165,14/03/2017 21:00,10.13000011
6166,14/03/2017 22:00,8.652999878
6167,14/03/2017 23:00,9.145000458
6168,15/03/2017 00:00,8.090000153
6169,15/03/2017 01:00,7.386000156
6170,15/03/2017 02:00,7.597000122
6171,15/03/2017 03:00,6.683000088
6172,15/03/2017 04:00,7.456999779
6173,15/03/2017 05:00,7.034999847
6174,15/03/2017 06:00,7.597000122
6175,15/03/2017 07:00,7.245999813
6176,15/03/2017 08:00,6.683000088
6177,15/03/2017 09:00,7.105000019
6178,15/03/2017 10:00,7.879000187
6179,15/03/2017 11:00,7.456999779
6180,15/03/2017 12:00,7.668000221
6181,15/03/2017 13:00,7.948999882
6182,15/03/2017 14:00,8.512000084
6183,15/03/2017 15:00,8.300999641
6184,15/03/2017 16:00,7.948999882
6185,15/03/2017 17:00,8.020000458
6186,15/03/2017 18:00,7.737999916
6187,15/03/2017 19:00,8.020000458
6188,15/03/2017 20:00,8.722999573
6189,15/03/2017 21:00,10.27099991
6190,15/03/2017 22:00,9.848999977
6191,15/03/2017 23:00,9.496999741
6192,16/03/2017 00:00,9.286000252
6193,16/03/2017 01:00,9.286000252
6194,16/03/2017 02:00,8.86400032
6195,16/03/2017 03:00,8.934000015
6196,16/03/2017 04:00,8.442000389
6197,16/03/2017 05:00,9.00399971
6198,16/03/2017 06:00,9.215000153
6199,16/03/2017 07:00,9.215000153
6200,16/03/2017 08:00,8.86400032
6201,16/03/2017 09:00,8.37100029
6202,16/03/2017 10:00,8.512000084
6203,16/03/2017 11:00,8.86400032
6204,16/03/2017 12:00,9.215000153
6205,16/03/2017 13:00,10.06000042
6206,16/03/2017 14:00,10.48200035
6207,16/03/2017 15:00,9.98900032
6208,16/03/2017 16:00,9.708000183
6209,16/03/2017 17:00,9.074999809
6210,16/03/2017 18:00,9.637999535
6211,16/03/2017 19:00,10.06000042
6212,16/03/2017 20:00,10.48200035
6213,16/03/2017 21:00,10.27099991
6214,16/03/2017 22:00,10.13000011
6215,16/03/2017 23:00,10.13000011
6216,17/03/2017 00:00,9.918999672
6217,17/03/2017 01:00,9.777999878
6218,17/03/2017 02:00,9.145000458
6219,17/03/2017 03:00,8.230999947
6220,17/03/2017 04:00,8.652999878
6221,17/03/2017 05:00,8.020000458
6222,17/03/2017 06:00,6.823999882
6223,17/03/2017 07:00,7.105000019
6224,17/03/2017 08:00,7.105000019
6225,17/03/2017 09:00,7.175000191
6226,17/03/2017 10:00,7.456999779
6227,17/03/2017 11:00,7.456999779
6228,17/03/2017 12:00,7.737999916
6229,17/03/2017 13:00,8.300999641
6230,17/03/2017 14:00,8.300999641
6231,17/03/2017 15:00,8.722999573
6232,17/03/2017 16:00,9.496999741
6233,17/03/2017 17:00,9.567000389
6234,17/03/2017 18:00,10.06000042
6235,17/03/2017 19:00,11.32600021
6236,17/03/2017 20:00,11.11499977
6237,17/03/2017 21:00,10.90400028
6238,17/03/2017 22:00,9.496999741
6239,17/03/2017 23:00,9.777999878
6240,18/03/2017 00:00,9.708000183
6241,18/03/2017 01:00,9.848999977
6242,18/03/2017 02:00,9.98900032
6243,18/03/2017 03:00,9.425999641
6244,18/03/2017 04:00,9.98900032
6245,18/03/2017 05:00,9.567000389
6246,18/03/2017 06:00,9.708000183
6247,18/03/2017 07:00,10.76299953
6248,18/03/2017 08:00,10.06000042
6249,18/03/2017 09:00,9.777999878
6250,18/03/2017 10:00,9.215000153
6251,18/03/2017 11:00,9.848999977
6252,18/03/2017 12:00,10.27099991
6253,18/03/2017 13:00,9.496999741
6254,18/03/2017 14:00,9.00399971
6255,18/03/2017 15:00,9.215000153
6256,18/03/2017 16:00,8.934000015
6257,18/03/2017 17:00,8.722999573
6258,18/03/2017 18:00,9.00399971
6259,18/03/2017 19:00,9.496999741
6260,18/03/2017 20:00,9.777999878
6261,18/03/2017 21:00,9.425999641
6262,18/03/2017 22:00,8.159999847
6263,18/03/2017 23:00,8.37100029
6264,19/03/2017 00:00,8.512000084
6265,19/03/2017 01:00,8.020000458
6266,19/03/2017 02:00,7.737999916
6267,19/03/2017 03:00,7.668000221
6268,19/03/2017 04:00,7.456999779
6269,19/03/2017 05:00,7.245999813
6270,19/03/2017 06:00,6.752999783
6271,19/03/2017 07:00,5.768000126
6272,19/03/2017 08:00,6.330999851
6273,19/03/2017 09:00,3.588000059
6274,19/03/2017 10:00,5.486999989
6275,19/03/2017 11:00,4.923999786
6276,19/03/2017 12:00,5.90899992
6277,19/03/2017 13:00,5.839000225
6278,19/03/2017 14:00,5.90899992
6279,19/03/2017 15:00,5.627999783
6280,19/03/2017 16:00,5.697999954
6281,19/03/2017 17:00,5.839000225
6282,19/03/2017 18:00,5.697999954
6283,19/03/2017 19:00,2.884000063
6284,19/03/2017 20:00,2.250999928
6285,19/03/2017 21:00,5.065000057
6286,19/03/2017 22:00,5.768000126
6287,19/03/2017 23:00,5.90899992
6288,20/03/2017 00:00,5.768000126
6289,20/03/2017 01:00,5.55700016
6290,20/03/2017 02:00,3.868999958
6291,20/03/2017 03:00,5.839000225
6292,20/03/2017 04:00,7.245999813
6293,20/03/2017 05:00,6.823999882
6294,20/03/2017 06:00,6.752999783
6295,20/03/2017 07:00,7.456999779
6296,20/03/2017 08:00,7.668000221
6297,20/03/2017 09:00,8.934000015
6298,20/03/2017 10:00,7.879000187
6299,20/03/2017 11:00,6.330999851
6300,20/03/2017 12:00,7.315999985
6301,20/03/2017 13:00,8.090000153
6302,20/03/2017 14:00,6.752999783
6303,20/03/2017 15:00,6.683000088
6304,20/03/2017 16:00,8.090000153
6305,20/03/2017 17:00,7.668000221
6306,20/03/2017 18:00,7.668000221
6307,20/03/2017 19:00,7.737999916
6308,20/03/2017 20:00,8.512000084
6309,20/03/2017 21:00,7.879000187
6310,20/03/2017 22:00,7.456999779
6311,20/03/2017 23:00,8.37100029
6312,21/03/2017 00:00,7.809000015
6313,21/03/2017 01:00,8.442000389
6314,21/03/2017 02:00,6.752999783
6315,21/03/2017 03:00,6.964000225
6316,21/03/2017 04:00,7.597000122
6317,21/03/2017 05:00,7.597000122
6318,21/03/2017 06:00,7.034999847
6319,21/03/2017 07:00,6.964000225
6320,21/03/2017 08:00,6.472000122
6321,21/03/2017 09:00,7.737999916
6322,21/03/2017 10:00,7.879000187
6323,21/03/2017 11:00,7.809000015
6324,21/03/2017 12:00,8.020000458
6325,21/03/2017 13:00,9.215000153
6326,21/03/2017 14:00,10.27099991
6327,21/03/2017 15:00,10.48200035
6328,21/03/2017 16:00,10.13000011
6329,21/03/2017 17:00,9.708000183
6330,21/03/2017 18:00,10.55200005
6331,21/03/2017 19:00,10.62199974
6332,21/03/2017 20:00,11.32600021
6333,21/03/2017 21:00,9.355999947
6334,21/03/2017 22:00,8.86400032
6335,21/03/2017 23:00,8.722999573
6336,22/03/2017 00:00,8.159999847
6337,22/03/2017 01:00,8.300999641
6338,22/03/2017 02:00,6.472000122
6339,22/03/2017 03:00,6.190999985
6340,22/03/2017 04:00,4.854000092
6341,22/03/2017 05:00,3.727999926
6342,22/03/2017 06:00,3.938999891
6343,22/03/2017 07:00,4.78399992
6344,22/03/2017 08:00,4.854000092
6345,22/03/2017 09:00,5.276000023
6346,22/03/2017 10:00,4.43200016
6347,22/03/2017 11:00,3.588000059
6348,22/03/2017 12:00,3.868999958
6349,22/03/2017 13:00,2.813999891
6350,22/03/2017 14:00,3.727999926
6351,22/03/2017 15:00,1.687999964
6352,22/03/2017 16:00,1.547999978
6353,22/03/2017 17:00,1.758999944
6354,22/03/2017 18:00,4.501999855
6355,22/03/2017 19:00,4.854000092
6356,22/03/2017 20:00,5.346000195
6357,22/03/2017 21:00,6.119999886
6358,22/03/2017 22:00,6.683000088
6359,22/03/2017 23:00,8.020000458
6360,23/03/2017 00:00,8.86400032
6361,23/03/2017 01:00,9.215000153
6362,23/03/2017 02:00,8.652999878
6363,23/03/2017 03:00,9.848999977
6364,23/03/2017 04:00,10.06000042
6365,23/03/2017 05:00,7.52699995
6366,23/03/2017 06:00,9.215000153
6367,23/03/2017 07:00,8.86400032
6368,23/03/2017 08:00,8.159999847
6369,23/03/2017 09:00,8.652999878
6370,23/03/2017 10:00,7.597000122
6371,23/03/2017 11:00,8.37100029
6372,23/03/2017 12:00,7.386000156
6373,23/03/2017 13:00,8.020000458
6374,23/03/2017 14:00,7.948999882
6375,23/03/2017 15:00,8.090000153
6376,23/03/2017 16:00,7.315999985
6377,23/03/2017 17:00,6.472000122
6378,23/03/2017 18:00,7.105000019
6379,23/03/2017 19:00,7.034999847
6380,23/03/2017 20:00,6.050000191
6381,23/03/2017 21:00,7.52699995
6382,23/03/2017 22:00,5.205999851
6383,23/03/2017 23:00,4.290999889
6384,24/03/2017 00:00,5.205999851
6385,24/03/2017 01:00,3.799000025
6386,24/03/2017 02:00,4.572999954
6387,24/03/2017 03:00,5.416999817
6388,24/03/2017 04:00,5.839000225
6389,24/03/2017 05:00,5.979000092
6390,24/03/2017 06:00,6.472000122
6391,24/03/2017 07:00,6.683000088
6392,24/03/2017 08:00,6.541999817
6393,24/03/2017 09:00,5.697999954
6394,24/03/2017 10:00,5.346000195
6395,24/03/2017 11:00,6.612999916
6396,24/03/2017 12:00,7.456999779
6397,24/03/2017 13:00,7.175000191
6398,24/03/2017 14:00,6.119999886
6399,24/03/2017 15:00,5.90899992
6400,24/03/2017 16:00,4.501999855
6401,24/03/2017 17:00,5.627999783
6402,24/03/2017 18:00,7.879000187
6403,24/03/2017 19:00,9.496999741
6404,24/03/2017 20:00,9.074999809
6405,24/03/2017 21:00,8.86400032
6406,24/03/2017 22:00,8.722999573
6407,24/03/2017 23:00,9.355999947
6408,25/03/2017 00:00,9.777999878
6409,25/03/2017 01:00,9.567000389
6410,25/03/2017 02:00,9.918999672
6411,25/03/2017 03:00,9.98900032
6412,25/03/2017 04:00,10.06000042
6413,25/03/2017 05:00,10.13000011
6414,25/03/2017 06:00,9.777999878
6415,25/03/2017 07:00,9.777999878
6416,25/03/2017 08:00,8.86400032
6417,25/03/2017 09:00,7.315999985
6418,25/03/2017 10:00,7.456999779
6419,25/03/2017 11:00,8.159999847
6420,25/03/2017 12:00,8.86400032
6421,25/03/2017 13:00,9.777999878
6422,25/03/2017 14:00,9.98900032
6423,25/03/2017 15:00,10.27099991
6424,25/03/2017 16:00,9.215000153
6425,25/03/2017 17:00,9.215000153
6426,25/03/2017 18:00,10.69299984
6427,25/03/2017 19:00,10.69299984
6428,25/03/2017 20:00,10.76299953
6429,25/03/2017 21:00,11.04399967
6430,25/03/2017 22:00,10.27099991
6431,25/03/2017 23:00,10.13000011
6432,26/03/2017 00:00,10.19999981
6433,26/03/2017 01:00,9.848999977
6434,26/03/2017 02:00,10.19999981
6435,26/03/2017 03:00,10.06000042
6436,26/03/2017 04:00,10.19999981
6437,26/03/2017 05:00,9.637999535
6438,26/03/2017 06:00,9.777999878
6439,26/03/2017 07:00,11.04399967
6440,26/03/2017 08:00,9.918999672
6441,26/03/2017 09:00,9.355999947
6442,26/03/2017 10:00,9.918999672
6443,26/03/2017 11:00,9.918999672
6444,26/03/2017 12:00,10.13000011
6445,26/03/2017 13:00,9.918999672
6446,26/03/2017 14:00,10.62199974
6447,26/03/2017 15:00,11.32600021
6448,26/03/2017 16:00,10.97399998
6449,26/03/2017 17:00,10.83300018
6450,26/03/2017 18:00,10.83300018
6451,26/03/2017 19:00,11.67800045
6452,26/03/2017 20:00,11.88899994
6453,26/03/2017 21:00,11.46700001
6454,26/03/2017 22:00,11.67800045
6455,26/03/2017 23:00,11.46700001
6456,27/03/2017 00:00,10.83300018
6457,27/03/2017 01:00,11.11499977
6458,27/03/2017 02:00,10.55200005
6459,27/03/2017 03:00,11.5369997
6460,27/03/2017 04:00,11.25599957
6461,27/03/2017 05:00,10.90400028
6462,27/03/2017 06:00,10.62199974
6463,27/03/2017 07:00,11.18500042
6464,27/03/2017 08:00,12.59200001
6465,27/03/2017 09:00,13.64700031
6466,27/03/2017 10:00,14.98400021
6467,27/03/2017 11:00,14.35099983
6468,27/03/2017 12:00,13.15499973
6469,27/03/2017 13:00,13.15499973
6470,27/03/2017 14:00,15.0539999
6471,27/03/2017 15:00,15.0539999
6472,27/03/2017 16:00,17.23500061
6473,27/03/2017 17:00,17.30500031
6474,27/03/2017 18:00,17.51600075
6475,27/03/2017 19:00,15.82800007
6476,27/03/2017 20:00,13.9989996
6477,27/03/2017 21:00,14.21000004
6478,27/03/2017 22:00,13.78800011
6479,27/03/2017 23:00,13.8579998
6480,28/03/2017 00:00,13.78800011
6481,28/03/2017 01:00,13.08500004
6482,28/03/2017 02:00,13.78800011
6483,28/03/2017 03:00,13.08500004
6484,28/03/2017 04:00,12.17000008
6485,28/03/2017 05:00,13.29599953
6486,28/03/2017 06:00,13.43599987
6487,28/03/2017 07:00,13.9289999
6488,28/03/2017 08:00,13.9289999
6489,28/03/2017 09:00,15.61699963
6490,28/03/2017 10:00,16.46100044
6491,28/03/2017 11:00,15.82800007
6492,28/03/2017 12:00,14.49100018
6493,28/03/2017 13:00,14.84300041
6494,28/03/2017 14:00,14.35099983
6495,28/03/2017 15:00,14.21000004
6496,28/03/2017 16:00,14.77299976
6497,28/03/2017 17:00,14.84300041
6498,28/03/2017 18:00,13.64700031
6499,28/03/2017 19:00,13.29599953
6500,28/03/2017 20:00,13.9989996
6501,28/03/2017 21:00,13.9289999
6502,28/03/2017 22:00,12.38099957
6503,28/03/2017 23:00,10.41100025
6504,29/03/2017 00:00,10.97399998
6505,29/03/2017 01:00,9.98900032
6506,29/03/2017 02:00,10.76299953
6507,29/03/2017 03:00,11.46700001
6508,29/03/2017 04:00,11.5369997
6509,29/03/2017 05:00,11.60700035
6510,29/03/2017 06:00,11.04399967
6511,29/03/2017 07:00,9.567000389
6512,29/03/2017 08:00,9.496999741
6513,29/03/2017 09:00,9.637999535
6514,29/03/2017 10:00,10.90400028
6515,29/03/2017 11:00,11.60700035
6516,29/03/2017 12:00,12.23999977
6517,29/03/2017 13:00,13.43599987
6518,29/03/2017 14:00,13.64700031
6519,29/03/2017 15:00,15.0539999
6520,29/03/2017 16:00,15.40600014
6521,29/03/2017 17:00,13.64700031
6522,29/03/2017 18:00,13.29599953
6523,29/03/2017 19:00,14.49100018
6524,29/03/2017 20:00,13.29599953
6525,29/03/2017 21:00,13.08500004
6526,29/03/2017 22:00,12.23999977
6527,29/03/2017 23:00,11.67800045
6528,30/03/2017 00:00,10.3409996
6529,30/03/2017 01:00,9.918999672
6530,30/03/2017 02:00,9.918999672
6531,30/03/2017 03:00,9.708000183
6532,30/03/2017 04:00,9.425999641
6533,30/03/2017 05:00,9.355999947
6534,30/03/2017 06:00,8.512000084
6535,30/03/2017 07:00,8.86400032
6536,30/03/2017 08:00,8.300999641
6537,30/03/2017 09:00,9.00399971
6538,30/03/2017 10:00,5.065000057
6539,30/03/2017 11:00,7.105000019
6540,30/03/2017 12:00,5.55700016
6541,30/03/2017 13:00,5.90899992
6542,30/03/2017 14:00,4.221000195
6543,30/03/2017 15:00,4.643000126
6544,30/03/2017 16:00,6.119999886
6545,30/03/2017 17:00,7.386000156
6546,30/03/2017 18:00,3.165999889
6547,30/03/2017 19:00,3.236000061
6548,30/03/2017 20:00,3.305999994
6549,30/03/2017 21:00,3.236000061
6550,30/03/2017 22:00,4.010000229
6551,30/03/2017 23:00,4.010000229
6552,31/03/2017 00:00,6.752999783
6553,31/03/2017 01:00,6.752999783
6554,31/03/2017 02:00,6.752999783
6555,31/03/2017 03:00,6.752999783
6556,31/03/2017 04:00,6.752999783
6557,31/03/2017 05:00,6.752999783
6558,31/03/2017 06:00,6.752999783
6559,31/03/2017 07:00,6.752999783
6560,31/03/2017 08:00,6.752999783
6561,31/03/2017 09:00,6.752999783
6562,31/03/2017 10:00,6.752999783
6563,31/03/2017 11:00,6.752999783
6564,31/03/2017 12:00,6.752999783
6565,31/03/2017 13:00,6.752999783
6566,31/03/2017 14:00,6.752999783
6567,31/03/2017 15:00,6.752999783
6568,31/03/2017 16:00,6.752999783
6569,31/03/2017 17:00,6.752999783
6570,31/03/2017 18:00,6.752999783
6571,31/03/2017 19:00,6.752999783
6572,31/03/2017 20:00,6.752999783
6573,31/03/2017 21:00,6.752999783
6574,31/03/2017 22:00,6.752999783
6575,31/03/2017 23:00,6.752999783
6576,01/04/2017 00:00,10.69299984
6577,01/04/2017 01:00,11.46700001
6578,01/04/2017 02:00,11.88899994
6579,01/04/2017 03:00,11.32600021
6580,01/04/2017 04:00,11.81799984
6581,01/04/2017 05:00,11.18500042
6582,01/04/2017 06:00,9.145000458
6583,01/04/2017 07:00,9.215000153
6584,01/04/2017 08:00,9.637999535
6585,01/04/2017 09:00,10.76299953
6586,01/04/2017 10:00,12.38099957
6587,01/04/2017 11:00,12.10000038
6588,01/04/2017 12:00,12.31099987
6589,01/04/2017 13:00,12.17000008
6590,01/04/2017 14:00,12.8739996
6591,01/04/2017 15:00,13.36600018
6592,01/04/2017 16:00,14.63199997
6593,01/04/2017 17:00,14.70300007
6594,01/04/2017 18:00,14.84300041
6595,01/04/2017 19:00,13.50699997
6596,01/04/2017 20:00,13.78800011
6597,01/04/2017 21:00,13.71800041
6598,01/04/2017 22:00,12.7329998
6599,01/04/2017 23:00,12.59200001
6600,02/04/2017 00:00,13.08500004
6601,02/04/2017 01:00,13.01399994
6602,02/04/2017 02:00,13.08500004
6603,02/04/2017 03:00,12.02900028
6604,02/04/2017 04:00,12.94400024
6605,02/04/2017 05:00,12.59200001
6606,02/04/2017 06:00,12.17000008
6607,02/04/2017 07:00,13.01399994
6608,02/04/2017 08:00,13.9989996
6609,02/04/2017 09:00,11.81799984
6610,02/04/2017 10:00,13.64700031
6611,02/04/2017 11:00,13.43599987
6612,02/04/2017 12:00,14.14000034
6613,02/04/2017 13:00,14.91399956
6614,02/04/2017 14:00,17.09399986
6615,02/04/2017 15:00,18.78300095
6616,02/04/2017 16:00,19.48600006
6617,02/04/2017 17:00,20.32999992
6618,02/04/2017 18:00,18.21999931
6619,02/04/2017 19:00,17.30500031
6620,02/04/2017 20:00,16.74300003
6621,02/04/2017 21:00,14.84300041
6622,02/04/2017 22:00,14.56200027
6623,02/04/2017 23:00,14.06900024
6624,03/04/2017 00:00,14.06900024
6625,03/04/2017 01:00,14.77299976
6626,03/04/2017 02:00,14.84300041
6627,03/04/2017 03:00,13.01399994
6628,03/04/2017 04:00,13.29599953
6629,03/04/2017 05:00,12.7329998
6630,03/04/2017 06:00,13.50699997
6631,03/04/2017 07:00,13.08500004
6632,03/04/2017 08:00,13.78800011
6633,03/04/2017 09:00,13.9289999
6634,03/04/2017 10:00,15.61699963
6635,03/04/2017 11:00,15.47599983
6636,03/04/2017 12:00,16.53199959
6637,03/04/2017 13:00,16.67200089
6638,03/04/2017 14:00,18.71199989
6639,03/04/2017 15:00,19.90800095
6640,03/04/2017 16:00,18.99399948
6641,03/04/2017 17:00,17.65699959
6642,03/04/2017 18:00,17.30500031
6643,03/04/2017 19:00,16.88299942
6644,03/04/2017 20:00,16.32099915
6645,03/04/2017 21:00,15.96899986
6646,03/04/2017 22:00,15.125
6647,03/04/2017 23:00,14.56200027
6648,04/04/2017 00:00,14.35099983
6649,04/04/2017 01:00,13.71800041
6650,04/04/2017 02:00,14.63199997
6651,04/04/2017 03:00,14.14000034
6652,04/04/2017 04:00,13.01399994
6653,04/04/2017 05:00,12.80300045
6654,04/04/2017 06:00,12.31099987
6655,04/04/2017 07:00,12.31099987
6656,04/04/2017 08:00,12.38099957
6657,04/04/2017 09:00,12.45100021
6658,04/04/2017 10:00,12.6619997
6659,04/04/2017 11:00,13.22500038
6660,04/04/2017 12:00,13.8579998
6661,04/04/2017 13:00,14.70300007
6662,04/04/2017 14:00,15.47599983
6663,04/04/2017 15:00,15.89799976
6664,04/04/2017 16:00,17.44599915
6665,04/04/2017 17:00,16.88299942
6666,04/04/2017 18:00,16.53199959
6667,04/04/2017 19:00,17.58699989
6668,04/04/2017 20:00,14.77299976
6669,04/04/2017 21:00,10.69299984
6670,04/04/2017 22:00,13.78800011
6671,04/04/2017 23:00,13.57699966
6672,05/04/2017 00:00,12.38099957
6673,05/04/2017 01:00,12.02900028
6674,05/04/2017 02:00,13.01399994
6675,05/04/2017 03:00,15.0539999
6676,05/04/2017 04:00,14.84300041
6677,05/04/2017 05:00,15.54699993
6678,05/04/2017 06:00,15.125
6679,05/04/2017 07:00,15.61699963
6680,05/04/2017 08:00,15.33600044
6681,05/04/2017 09:00,16.10899925
6682,05/04/2017 10:00,17.02400017
6683,05/04/2017 11:00,17.23500061
6684,05/04/2017 12:00,17.30500031
6685,05/04/2017 13:00,15.75800037
6686,05/04/2017 14:00,16.88299942
6687,05/04/2017 15:00,17.23500061
6688,05/04/2017 16:00,17.37599945
6689,05/04/2017 17:00,17.44599915
6690,05/04/2017 18:00,17.51600075
6691,05/04/2017 19:00,16.03899956
6692,05/04/2017 20:00,16.53199959
6693,05/04/2017 21:00,16.60199928
6694,05/04/2017 22:00,16.03899956
6695,05/04/2017 23:00,15.68700027
6696,06/04/2017 00:00,15.0539999
6697,06/04/2017 01:00,13.71800041
6698,06/04/2017 02:00,9.708000183
6699,06/04/2017 03:00,7.597000122
6700,06/04/2017 04:00,7.809000015
6701,06/04/2017 05:00,8.090000153
6702,06/04/2017 06:00,7.809000015
6703,06/04/2017 07:00,6.683000088
6704,06/04/2017 08:00,6.823999882
6705,06/04/2017 09:00,6.330999851
6706,06/04/2017 10:00,6.40199995
6707,06/04/2017 11:00,10.41100025
6708,06/04/2017 12:00,12.8739996
6709,06/04/2017 13:00,13.71800041
6710,06/04/2017 14:00,13.78800011
6711,06/04/2017 15:00,13.64700031
6712,06/04/2017 16:00,12.38099957
6713,06/04/2017 17:00,12.38099957
6714,06/04/2017 18:00,12.52200031
6715,06/04/2017 19:00,12.31099987
6716,06/04/2017 20:00,12.17000008
6717,06/04/2017 21:00,12.02900028
6718,06/04/2017 22:00,11.81799984
6719,06/04/2017 23:00,11.67800045
6720,07/04/2017 00:00,12.02900028
6721,07/04/2017 01:00,11.74800014
6722,07/04/2017 02:00,12.23999977
6723,07/04/2017 03:00,9.777999878
6724,07/04/2017 04:00,12.7329998
6725,07/04/2017 05:00,11.81799984
6726,07/04/2017 06:00,10.97399998
6727,07/04/2017 07:00,11.67800045
6728,07/04/2017 08:00,13.01399994
6729,07/04/2017 09:00,12.52200031
6730,07/04/2017 10:00,13.78800011
6731,07/04/2017 11:00,12.59200001
6732,07/04/2017 12:00,12.7329998
6733,07/04/2017 13:00,14.14000034
6734,07/04/2017 14:00,14.06900024
6735,07/04/2017 15:00,14.14000034
6736,07/04/2017 16:00,14.06900024
6737,07/04/2017 17:00,14.91399956
6738,07/04/2017 18:00,14.21000004
6739,07/04/2017 19:00,14.70300007
6740,07/04/2017 20:00,14.84300041
6741,07/04/2017 21:00,14.21000004
6742,07/04/2017 22:00,14.35099983
6743,07/04/2017 23:00,13.9989996
6744,08/04/2017 00:00,14.70300007
6745,08/04/2017 01:00,14.27999973
6746,08/04/2017 02:00,14.56200027
6747,08/04/2017 03:00,15.40600014
6748,08/04/2017 04:00,13.50699997
6749,08/04/2017 05:00,12.45100021
6750,08/04/2017 06:00,12.80300045
6751,08/04/2017 07:00,12.38099957
6752,08/04/2017 08:00,12.7329998
6753,08/04/2017 09:00,14.42099953
6754,08/04/2017 10:00,14.06900024
6755,08/04/2017 11:00,14.21000004
6756,08/04/2017 12:00,14.35099983
6757,08/04/2017 13:00,14.77299976
6758,08/04/2017 14:00,15.89799976
6759,08/04/2017 15:00,16.88299942
6760,08/04/2017 16:00,16.67200089
6761,08/04/2017 17:00,16.25
6762,08/04/2017 18:00,15.40600014
6763,08/04/2017 19:00,13.71800041
6764,08/04/2017 20:00,12.94400024
6765,08/04/2017 21:00,8.86400032
6766,08/04/2017 22:00,7.456999779
6767,08/04/2017 23:00,7.245999813
6768,09/04/2017 00:00,6.261000156
6769,09/04/2017 01:00,6.330999851
6770,09/04/2017 02:00,6.261000156
6771,09/04/2017 03:00,7.809000015
6772,09/04/2017 04:00,7.105000019
6773,09/04/2017 05:00,7.52699995
6774,09/04/2017 06:00,7.456999779
6775,09/04/2017 07:00,7.52699995
6776,09/04/2017 08:00,7.456999779
6777,09/04/2017 09:00,8.37100029
6778,09/04/2017 10:00,8.934000015
6779,09/04/2017 11:00,9.00399971
6780,09/04/2017 12:00,8.793000221
6781,09/04/2017 13:00,8.86400032
6782,09/04/2017 14:00,9.145000458
6783,09/04/2017 15:00,9.00399971
6784,09/04/2017 16:00,8.442000389
6785,09/04/2017 17:00,8.090000153
6786,09/04/2017 18:00,7.737999916
6787,09/04/2017 19:00,7.456999779
6788,09/04/2017 20:00,7.175000191
6789,09/04/2017 21:00,6.752999783
6790,09/04/2017 22:00,3.588000059
6791,09/04/2017 23:00,4.150000095
6792,10/04/2017 00:00,4.854000092
6793,10/04/2017 01:00,5.346000195
6794,10/04/2017 02:00,6.330999851
6795,10/04/2017 03:00,3.51699996
6796,10/04/2017 04:00,5.416999817
6797,10/04/2017 05:00,6.612999916
6798,10/04/2017 06:00,6.894000053
6799,10/04/2017 07:00,6.330999851
6800,10/04/2017 08:00,7.105000019
6801,10/04/2017 09:00,7.034999847
6802,10/04/2017 10:00,7.52699995
6803,10/04/2017 11:00,9.215000153
6804,10/04/2017 12:00,9.145000458
6805,10/04/2017 13:00,10.62199974
6806,10/04/2017 14:00,10.13000011
6807,10/04/2017 15:00,8.159999847
6808,10/04/2017 16:00,4.361999989
6809,10/04/2017 17:00,3.868999958
6810,10/04/2017 18:00,2.532000065
6811,10/04/2017 19:00,2.109999895
6812,10/04/2017 20:00,4.712999821
6813,10/04/2017 21:00,6.119999886
6814,10/04/2017 22:00,8.020000458
6815,10/04/2017 23:00,8.652999878
6816,11/04/2017 00:00,8.159999847
6817,11/04/2017 01:00,8.86400032
6818,11/04/2017 02:00,7.245999813
6819,11/04/2017 03:00,8.512000084
6820,11/04/2017 04:00,9.496999741
6821,11/04/2017 05:00,9.567000389
6822,11/04/2017 06:00,9.074999809
6823,11/04/2017 07:00,9.215000153
6824,11/04/2017 08:00,10.13000011
6825,11/04/2017 09:00,8.86400032
6826,11/04/2017 10:00,11.5369997
6827,11/04/2017 11:00,12.52200031
6828,11/04/2017 12:00,12.38099957
6829,11/04/2017 13:00,12.94400024
6830,11/04/2017 14:00,13.43599987
6831,11/04/2017 15:00,13.64700031
6832,11/04/2017 16:00,12.6619997
6833,11/04/2017 17:00,13.36600018
6834,11/04/2017 18:00,13.50699997
6835,11/04/2017 19:00,12.6619997
6836,11/04/2017 20:00,12.6619997
6837,11/04/2017 21:00,12.23999977
6838,11/04/2017 22:00,12.59200001
6839,11/04/2017 23:00,13.22500038
6840,12/04/2017 00:00,13.29599953
6841,12/04/2017 01:00,13.22500038
6842,12/04/2017 02:00,13.36600018
6843,12/04/2017 03:00,13.29599953
6844,12/04/2017 04:00,13.22500038
6845,12/04/2017 05:00,13.36600018
6846,12/04/2017 06:00,12.94400024
6847,12/04/2017 07:00,11.32600021
6848,12/04/2017 08:00,14.14000034
6849,12/04/2017 09:00,13.78800011
6850,12/04/2017 10:00,13.50699997
6851,12/04/2017 11:00,13.43599987
6852,12/04/2017 12:00,14.14000034
6853,12/04/2017 13:00,15.61699963
6854,12/04/2017 14:00,16.88299942
6855,12/04/2017 15:00,16.81299973
6856,12/04/2017 16:00,17.16500092
6857,12/04/2017 17:00,17.44599915
6858,12/04/2017 18:00,16.95400047
6859,12/04/2017 19:00,15.89799976
6860,12/04/2017 20:00,15.68700027
6861,12/04/2017 21:00,14.91399956
6862,12/04/2017 22:00,14.49100018
6863,12/04/2017 23:00,14.63199997
6864,13/04/2017 00:00,13.78800011
6865,13/04/2017 01:00,13.9989996
6866,13/04/2017 02:00,13.43599987
6867,13/04/2017 03:00,13.15499973
6868,13/04/2017 04:00,12.94400024
6869,13/04/2017 05:00,12.94400024
6870,13/04/2017 06:00,13.36600018
6871,13/04/2017 07:00,13.9289999
6872,13/04/2017 08:00,13.64700031
6873,13/04/2017 09:00,16.67200089
6874,13/04/2017 10:00,17.58699989
6875,13/04/2017 11:00,16.95400047
6876,13/04/2017 12:00,17.16500092
6877,13/04/2017 13:00,17.37599945
6878,13/04/2017 14:00,19.76799965
6879,13/04/2017 15:00,20.11899948
6880,13/04/2017 16:00,21.87800026
6881,13/04/2017 17:00,21.38500023
6882,13/04/2017 18:00,21.0340004
6883,13/04/2017 19:00,19.20499992
6884,13/04/2017 20:00,18.29000092
6885,13/04/2017 21:00,17.37599945
6886,13/04/2017 22:00,17.44599915
6887,13/04/2017 23:00,17.02400017
6888,14/04/2017 00:00,16.25
6889,14/04/2017 01:00,16.10899925
6890,14/04/2017 02:00,15.47599983
6891,14/04/2017 03:00,15.61699963
6892,14/04/2017 04:00,15.125
6893,14/04/2017 05:00,15.40600014
6894,14/04/2017 06:00,14.49100018
6895,14/04/2017 07:00,16.95400047
6896,14/04/2017 08:00,17.30500031
6897,14/04/2017 09:00,17.02400017
6898,14/04/2017 10:00,17.16500092
6899,14/04/2017 11:00,15.125
6900,14/04/2017 12:00,16.10899925
6901,14/04/2017 13:00,16.81299973
6902,14/04/2017 14:00,18.92300034
6903,14/04/2017 15:00,19.90800095
6904,14/04/2017 16:00,19.41600037
6905,14/04/2017 17:00,19.76799965
6906,14/04/2017 18:00,21.38500023
6907,14/04/2017 19:00,19.97900009
6908,14/04/2017 20:00,19.13400078
6909,14/04/2017 21:00,18.78300095
6910,14/04/2017 22:00,18.07900047
6911,14/04/2017 23:00,17.65699959
6912,15/04/2017 00:00,18.43099976
6913,15/04/2017 01:00,18.00900078
6914,15/04/2017 02:00,18.21999931
6915,15/04/2017 03:00,18.36100006
6916,15/04/2017 04:00,18.85300064
6917,15/04/2017 05:00,18.99399948
6918,15/04/2017 06:00,18.14999962
6919,15/04/2017 07:00,19.97900009
6920,15/04/2017 08:00,20.32999992
6921,15/04/2017 09:00,19.27499962
6922,15/04/2017 10:00,20.26000023
6923,15/04/2017 11:00,19.41600037
6924,15/04/2017 12:00,21.17399979
6925,15/04/2017 13:00,23.1439991
6926,15/04/2017 14:00,24.69199944
6927,15/04/2017 15:00,25.39500046
6928,15/04/2017 16:00,25.5359993
6929,15/04/2017 17:00,25.4659996
6930,15/04/2017 18:00,24.05900002
6931,15/04/2017 19:00,22.51099968
6932,15/04/2017 20:00,22.65200043
6933,15/04/2017 21:00,22.51099968
6934,15/04/2017 22:00,21.73699951
6935,15/04/2017 23:00,21.17399979
6936,16/04/2017 00:00,20.82299995
6937,16/04/2017 01:00,20.89299965
6938,16/04/2017 02:00,20.82299995
6939,16/04/2017 03:00,20.75200081
6940,16/04/2017 04:00,18.50099945
6941,16/04/2017 05:00,19.06399918
6942,16/04/2017 06:00,19.48600006
6943,16/04/2017 07:00,18.78300095
6944,16/04/2017 08:00,19.90800095
6945,16/04/2017 09:00,19.41600037
6946,16/04/2017 10:00,22.65200043
6947,16/04/2017 11:00,23.4260006
6948,16/04/2017 12:00,22.0890007
6949,16/04/2017 13:00,22.22999954
6950,16/04/2017 14:00,23.63699913
6951,16/04/2017 15:00,22.44099998
6952,16/04/2017 16:00,22.22999954
6953,16/04/2017 17:00,22.22999954
6954,16/04/2017 18:00,22.58099937
6955,16/04/2017 19:00,21.45599937
6956,16/04/2017 20:00,22.65200043
6957,16/04/2017 21:00,21.87800026
6958,16/04/2017 22:00,18.21999931
6959,16/04/2017 23:00,16.60199928
6960,17/04/2017 00:00,17.58699989
6961,17/04/2017 01:00,15.61699963
6962,17/04/2017 02:00,13.43599987
6963,17/04/2017 03:00,12.45100021
6964,17/04/2017 04:00,8.512000084
6965,17/04/2017 05:00,8.300999641
6966,17/04/2017 06:00,12.52200031
6967,17/04/2017 07:00,14.56200027
6968,17/04/2017 08:00,13.36600018
6969,17/04/2017 09:00,12.80300045
6970,17/04/2017 10:00,14.84300041
6971,17/04/2017 11:00,15.33600044
6972,17/04/2017 12:00,15.75800037
6973,17/04/2017 13:00,17.51600075
6974,17/04/2017 14:00,18.99399948
6975,17/04/2017 15:00,19.20499992
6976,17/04/2017 16:00,19.55599976
6977,17/04/2017 17:00,20.32999992
6978,17/04/2017 18:00,20.68199921
6979,17/04/2017 19:00,21.17399979
6980,17/04/2017 20:00,20.61199951
6981,17/04/2017 21:00,20.11899948
6982,17/04/2017 22:00,20.32999992
6983,17/04/2017 23:00,19.62700081
6984,18/04/2017 00:00,19.20499992
6985,18/04/2017 01:00,18.6420002
6986,18/04/2017 02:00,18.50099945
6987,18/04/2017 03:00,17.79800034
6988,18/04/2017 04:00,16.81299973
6989,18/04/2017 05:00,17.09399986
6990,18/04/2017 06:00,17.02400017
6991,18/04/2017 07:00,16.53199959
6992,18/04/2017 08:00,17.02400017
6993,18/04/2017 09:00,16.10899925
6994,18/04/2017 10:00,16.25
6995,18/04/2017 11:00,16.67200089
6996,18/04/2017 12:00,17.09399986
6997,18/04/2017 13:00,17.72699928
6998,18/04/2017 14:00,19.41600037
6999,18/04/2017 15:00,19.97900009
7000,18/04/2017 16:00,20.47100067
7001,18/04/2017 17:00,21.45599937
7002,18/04/2017 18:00,21.66699982
7003,18/04/2017 19:00,20.61199951
7004,18/04/2017 20:00,19.27499962
7005,18/04/2017 21:00,18.21999931
7006,18/04/2017 22:00,20.47100067
7007,18/04/2017 23:00,19.41600037
7008,19/04/2017 00:00,18.50099945
7009,19/04/2017 01:00,17.44599915
7010,19/04/2017 02:00,17.09399986
7011,19/04/2017 03:00,17.30500031
7012,19/04/2017 04:00,16.53199959
7013,19/04/2017 05:00,16.18000031
7014,19/04/2017 06:00,15.54699993
7015,19/04/2017 07:00,16.32099915
7016,19/04/2017 08:00,16.32099915
7017,19/04/2017 09:00,16.74300003
7018,19/04/2017 10:00,17.23500061
7019,19/04/2017 11:00,17.65699959
7020,19/04/2017 12:00,18.07900047
7021,19/04/2017 13:00,19.27499962
7022,19/04/2017 14:00,19.76799965
7023,19/04/2017 15:00,20.54100037
7024,19/04/2017 16:00,21.45599937
7025,19/04/2017 17:00,20.40099907
7026,19/04/2017 18:00,19.62700081
7027,19/04/2017 19:00,19.76799965
7028,19/04/2017 20:00,19.90800095
7029,19/04/2017 21:00,20.89299965
7030,19/04/2017 22:00,19.13400078
7031,19/04/2017 23:00,17.16500092
7032,20/04/2017 00:00,15.26500034
7033,20/04/2017 01:00,16.10899925
7034,20/04/2017 02:00,13.36600018
7035,20/04/2017 03:00,13.36600018
7036,20/04/2017 04:00,15.125
7037,20/04/2017 05:00,15.0539999
7038,20/04/2017 06:00,11.5369997
7039,20/04/2017 07:00,11.25599957
7040,20/04/2017 08:00,13.50699997
7041,20/04/2017 09:00,14.06900024
7042,20/04/2017 10:00,15.54699993
7043,20/04/2017 11:00,15.33600044
7044,20/04/2017 12:00,15.0539999
7045,20/04/2017 13:00,16.32099915
7046,20/04/2017 14:00,17.65699959
7047,20/04/2017 15:00,16.46100044
7048,20/04/2017 16:00,17.30500031
7049,20/04/2017 17:00,17.23500061
7050,20/04/2017 18:00,18.36100006
7051,20/04/2017 19:00,17.37599945
7052,20/04/2017 20:00,17.23500061
7053,20/04/2017 21:00,18.00900078
7054,20/04/2017 22:00,17.44599915
7055,20/04/2017 23:00,18.36100006
7056,21/04/2017 00:00,16.95400047
7057,21/04/2017 01:00,17.51600075
7058,21/04/2017 02:00,17.23500061
7059,21/04/2017 03:00,17.23500061
7060,21/04/2017 04:00,16.95400047
7061,21/04/2017 05:00,17.02400017
7062,21/04/2017 06:00,16.18000031
7063,21/04/2017 07:00,15.89799976
7064,21/04/2017 08:00,16.67200089
7065,21/04/2017 09:00,16.46100044
7066,21/04/2017 10:00,16.88299942
7067,21/04/2017 11:00,16.25
7068,21/04/2017 12:00,15.82800007
7069,21/04/2017 13:00,16.25
7070,21/04/2017 14:00,15.54699993
7071,21/04/2017 15:00,16.39100075
7072,21/04/2017 16:00,16.53199959
7073,21/04/2017 17:00,16.53199959
7074,21/04/2017 18:00,16.60199928
7075,21/04/2017 19:00,17.09399986
7076,21/04/2017 20:00,16.25
7077,21/04/2017 21:00,16.03899956
7078,21/04/2017 22:00,15.40600014
7079,21/04/2017 23:00,14.42099953
7080,22/04/2017 00:00,14.35099983
7081,22/04/2017 01:00,14.35099983
7082,22/04/2017 02:00,13.50699997
7083,22/04/2017 03:00,12.17000008
7084,22/04/2017 04:00,11.88899994
7085,22/04/2017 05:00,13.64700031
7086,22/04/2017 06:00,11.46700001
7087,22/04/2017 07:00,13.64700031
7088,22/04/2017 08:00,16.95400047
7089,22/04/2017 09:00,16.25
7090,22/04/2017 10:00,18.14999962
7091,22/04/2017 11:00,17.44599915
7092,22/04/2017 12:00,16.74300003
7093,22/04/2017 13:00,16.88299942
7094,22/04/2017 14:00,18.92300034
7095,22/04/2017 15:00,19.06399918
7096,22/04/2017 16:00,20.96299934
7097,22/04/2017 17:00,21.10400009
7098,22/04/2017 18:00,19.62700081
7099,22/04/2017 19:00,17.79800034
7100,22/04/2017 20:00,16.46100044
7101,22/04/2017 21:00,16.81299973
7102,22/04/2017 22:00,16.46100044
7103,22/04/2017 23:00,16.10899925
7104,23/04/2017 00:00,16.18000031
7105,23/04/2017 01:00,15.96899986
7106,23/04/2017 02:00,15.19499969
7107,23/04/2017 03:00,15.68700027
7108,23/04/2017 04:00,15.61699963
7109,23/04/2017 05:00,15.19499969
7110,23/04/2017 06:00,15.125
7111,23/04/2017 07:00,16.60199928
7112,23/04/2017 08:00,18.5720005
7113,23/04/2017 09:00,17.44599915
7114,23/04/2017 10:00,18.29000092
7115,23/04/2017 11:00,18.85300064
7116,23/04/2017 12:00,19.62700081
7117,23/04/2017 13:00,19.6970005
7118,23/04/2017 14:00,21.52599907
7119,23/04/2017 15:00,22.44099998
7120,23/04/2017 16:00,23.77700043
7121,23/04/2017 17:00,23.35499954
7122,23/04/2017 18:00,22.93300056
7123,23/04/2017 19:00,20.54100037
7124,23/04/2017 20:00,19.06399918
7125,23/04/2017 21:00,18.07900047
7126,23/04/2017 22:00,17.44599915
7127,23/04/2017 23:00,17.30500031
7128,24/04/2017 00:00,17.58699989
7129,24/04/2017 01:00,16.88299942
7130,24/04/2017 02:00,17.37599945
7131,24/04/2017 03:00,15.26500034
7132,24/04/2017 04:00,15.0539999
7133,24/04/2017 05:00,14.42099953
7134,24/04/2017 06:00,14.77299976
7135,24/04/2017 07:00,15.89799976
7136,24/04/2017 08:00,16.74300003
7137,24/04/2017 09:00,17.37599945
7138,24/04/2017 10:00,18.85300064
7139,24/04/2017 11:00,19.27499962
7140,24/04/2017 12:00,19.6970005
7141,24/04/2017 13:00,20.47100067
7142,24/04/2017 14:00,22.58099937
7143,24/04/2017 15:00,23.0739994
7144,24/04/2017 16:00,25.11400032
7145,24/04/2017 17:00,24.90299988
7146,24/04/2017 18:00,23.1439991
7147,24/04/2017 19:00,22.22999954
7148,24/04/2017 20:00,20.68199921
7149,24/04/2017 21:00,20.19000053
7150,24/04/2017 22:00,20.68199921
7151,24/04/2017 23:00,18.71199989
7152,25/04/2017 00:00,18.5720005
7153,25/04/2017 01:00,19.90800095
7154,25/04/2017 02:00,18.85300064
7155,25/04/2017 03:00,17.86800003
7156,25/04/2017 04:00,18.14999962
7157,25/04/2017 05:00,18.00900078
7158,25/04/2017 06:00,17.51600075
7159,25/04/2017 07:00,16.88299942
7160,25/04/2017 08:00,17.65699959
7161,25/04/2017 09:00,17.79800034
7162,25/04/2017 10:00,17.79800034
7163,25/04/2017 11:00,18.85300064
7164,25/04/2017 12:00,18.6420002
7165,25/04/2017 13:00,18.5720005
7166,25/04/2017 14:00,17.02400017
7167,25/04/2017 15:00,16.74300003
7168,25/04/2017 16:00,18.5720005
7169,25/04/2017 17:00,16.10899925
7170,25/04/2017 18:00,14.63199997
7171,25/04/2017 19:00,9.848999977
7172,25/04/2017 20:00,9.777999878
7173,25/04/2017 21:00,11.46700001
7174,25/04/2017 22:00,10.62199974
7175,25/04/2017 23:00,8.230999947
7176,26/04/2017 00:00,11.67800045
7177,26/04/2017 01:00,11.88899994
7178,26/04/2017 02:00,11.81799984
7179,26/04/2017 03:00,11.67800045
7180,26/04/2017 04:00,12.23999977
7181,26/04/2017 05:00,12.45100021
7182,26/04/2017 06:00,13.43599987
7183,26/04/2017 07:00,11.95899963
7184,26/04/2017 08:00,11.67800045
7185,26/04/2017 09:00,11.67800045
7186,26/04/2017 10:00,12.23999977
7187,26/04/2017 11:00,13.22500038
7188,26/04/2017 12:00,14.35099983
7189,26/04/2017 13:00,14.84300041
7190,26/04/2017 14:00,14.70300007
7191,26/04/2017 15:00,14.42099953
7192,26/04/2017 16:00,14.70300007
7193,26/04/2017 17:00,14.21000004
7194,26/04/2017 18:00,13.64700031
7195,26/04/2017 19:00,13.64700031
7196,26/04/2017 20:00,12.94400024
7197,26/04/2017 21:00,12.31099987
7198,26/04/2017 22:00,12.31099987
7199,26/04/2017 23:00,12.6619997
7200,27/04/2017 00:00,12.59200001
7201,27/04/2017 01:00,13.36600018
7202,27/04/2017 02:00,13.29599953
7203,27/04/2017 03:00,13.71800041
7204,27/04/2017 04:00,13.36600018
7205,27/04/2017 05:00,13.08500004
7206,27/04/2017 06:00,13.22500038
7207,27/04/2017 07:00,12.59200001
7208,27/04/2017 08:00,15.0539999
7209,27/04/2017 09:00,13.36600018
7210,27/04/2017 10:00,14.63199997
7211,27/04/2017 11:00,16.67200089
7212,27/04/2017 12:00,16.39100075
7213,27/04/2017 13:00,16.25
7214,27/04/2017 14:00,17.44599915
7215,27/04/2017 15:00,16.18000031
7216,27/04/2017 16:00,17.16500092
7217,27/04/2017 17:00,16.95400047
7218,27/04/2017 18:00,16.95400047
7219,27/04/2017 19:00,16.10899925
7220,27/04/2017 20:00,15.75800037
7221,27/04/2017 21:00,15.0539999
7222,27/04/2017 22:00,14.35099983
7223,27/04/2017 23:00,13.43599987
7224,28/04/2017 00:00,13.9289999
7225,28/04/2017 01:00,13.9289999
7226,28/04/2017 02:00,13.71800041
7227,28/04/2017 03:00,13.50699997
7228,28/04/2017 04:00,13.9989996
7229,28/04/2017 05:00,13.50699997
7230,28/04/2017 06:00,13.50699997
7231,28/04/2017 07:00,14.77299976
7232,28/04/2017 08:00,13.29599953
7233,28/04/2017 09:00,13.01399994
7234,28/04/2017 10:00,13.29599953
7235,28/04/2017 11:00,13.08500004
7236,28/04/2017 12:00,13.78800011
7237,28/04/2017 13:00,15.125
7238,28/04/2017 14:00,16.03899956
7239,28/04/2017 15:00,16.88299942
7240,28/04/2017 16:00,18.14999962
7241,28/04/2017 17:00,17.44599915
7242,28/04/2017 18:00,19.34499931
7243,28/04/2017 19:00,18.36100006
7244,28/04/2017 20:00,17.23500061
7245,28/04/2017 21:00,17.37599945
7246,28/04/2017 22:00,17.86800003
7247,28/04/2017 23:00,16.95400047
7248,29/04/2017 00:00,17.02400017
7249,29/04/2017 01:00,16.74300003
7250,29/04/2017 02:00,16.95400047
7251,29/04/2017 03:00,16.46100044
7252,29/04/2017 04:00,16.60199928
7253,29/04/2017 05:00,16.39100075
7254,29/04/2017 06:00,16.60199928
7255,29/04/2017 07:00,17.86800003
7256,29/04/2017 08:00,16.18000031
7257,29/04/2017 09:00,16.81299973
7258,29/04/2017 10:00,16.67200089
7259,29/04/2017 11:00,16.74300003
7260,29/04/2017 12:00,18.6420002
7261,29/04/2017 13:00,19.55599976
7262,29/04/2017 14:00,20.11899948
7263,29/04/2017 15:00,20.54100037
7264,29/04/2017 16:00,21.52599907
7265,29/04/2017 17:00,21.17399979
7266,29/04/2017 18:00,22.0189991
7267,29/04/2017 19:00,19.83799934
7268,29/04/2017 20:00,18.78300095
7269,29/04/2017 21:00,18.71199989
7270,29/04/2017 22:00,18.14999962
7271,29/04/2017 23:00,18.78300095
7272,30/04/2017 00:00,17.30500031
7273,30/04/2017 01:00,18.43099976
7274,30/04/2017 02:00,17.51600075
7275,30/04/2017 03:00,16.81299973
7276,30/04/2017 04:00,17.02400017
7277,30/04/2017 05:00,16.88299942
7278,30/04/2017 06:00,15.68700027
7279,30/04/2017 07:00,19.06399918
7280,30/04/2017 08:00,18.14999962
7281,30/04/2017 09:00,19.06399918
7282,30/04/2017 10:00,19.90800095
7283,30/04/2017 11:00,18.6420002
7284,30/04/2017 12:00,19.48600006
7285,30/04/2017 13:00,20.54100037
7286,30/04/2017 14:00,22.37000084
7287,30/04/2017 15:00,23.91799927
7288,30/04/2017 16:00,25.11400032
7289,30/04/2017 17:00,24.34000015
7290,30/04/2017 18:00,23.91799927
7291,30/04/2017 19:00,20.75200081
7292,30/04/2017 20:00,20.40099907
7293,30/04/2017 21:00,20.04899979
7294,30/04/2017 22:00,19.62700081
7295,30/04/2017 23:00,19.34499931
7296,01/05/2017 00:00,19.20499992
7297,01/05/2017 01:00,19.27499962
7298,01/05/2017 02:00,19.27499962
7299,01/05/2017 03:00,18.71199989
7300,01/05/2017 04:00,18.14999962
7301,01/05/2017 05:00,17.65699959
7302,01/05/2017 06:00,16.60199928
7303,01/05/2017 07:00,16.03899956
7304,01/05/2017 08:00,15.75800037
7305,01/05/2017 09:00,16.74300003
7306,01/05/2017 10:00,17.37599945
7307,01/05/2017 11:00,18.07900047
7308,01/05/2017 12:00,18.92300034
7309,01/05/2017 13:00,18.78300095
7310,01/05/2017 14:00,20.19000053
7311,01/05/2017 15:00,19.48600006
7312,01/05/2017 16:00,16.18000031
7313,01/05/2017 17:00,18.07900047
7314,01/05/2017 18:00,17.23500061
7315,01/05/2017 19:00,15.54699993
7316,01/05/2017 20:00,14.42099953
7317,01/05/2017 21:00,15.40600014
7318,01/05/2017 22:00,14.98400021
7319,01/05/2017 23:00,15.125
7320,02/05/2017 00:00,14.70300007
7321,02/05/2017 01:00,13.64700031
7322,02/05/2017 02:00,12.7329998
7323,02/05/2017 03:00,12.17000008
7324,02/05/2017 04:00,12.31099987
7325,02/05/2017 05:00,12.17000008
7326,02/05/2017 06:00,11.46700001
7327,02/05/2017 07:00,11.32600021
7328,02/05/2017 08:00,6.823999882
7329,02/05/2017 09:00,9.074999809
7330,02/05/2017 10:00,10.55200005
7331,02/05/2017 11:00,8.512000084
7332,02/05/2017 12:00,10.06000042
7333,02/05/2017 13:00,9.425999641
7334,02/05/2017 14:00,7.315999985
7335,02/05/2017 15:00,9.286000252
7336,02/05/2017 16:00,9.00399971
7337,02/05/2017 17:00,9.496999741
7338,02/05/2017 18:00,9.567000389
7339,02/05/2017 19:00,11.11499977
7340,02/05/2017 20:00,11.39599991
7341,02/05/2017 21:00,11.88899994
7342,02/05/2017 22:00,11.67800045
7343,02/05/2017 23:00,12.52200031
7344,03/05/2017 00:00,11.81799984
7345,03/05/2017 01:00,11.67800045
7346,03/05/2017 02:00,11.67800045
7347,03/05/2017 03:00,11.39599991
7348,03/05/2017 04:00,11.32600021
7349,03/05/2017 05:00,11.25599957
7350,03/05/2017 06:00,10.90400028
7351,03/05/2017 07:00,11.46700001
7352,03/05/2017 08:00,12.02900028
7353,03/05/2017 09:00,12.02900028
7354,03/05/2017 10:00,11.81799984
7355,03/05/2017 11:00,12.59200001
7356,03/05/2017 12:00,13.15499973
7357,03/05/2017 13:00,13.43599987
7358,03/05/2017 14:00,14.35099983
7359,03/05/2017 15:00,14.49100018
7360,03/05/2017 16:00,14.63199997
7361,03/05/2017 17:00,14.27999973
7362,03/05/2017 18:00,13.57699966
7363,03/05/2017 19:00,13.36600018
7364,03/05/2017 20:00,13.08500004
7365,03/05/2017 21:00,12.6619997
7366,03/05/2017 22:00,12.7329998
7367,03/05/2017 23:00,12.94400024
7368,04/05/2017 00:00,12.7329998
7369,04/05/2017 01:00,9.286000252
7370,04/05/2017 02:00,10.97399998
7371,04/05/2017 03:00,10.13000011
7372,04/05/2017 04:00,12.23999977
7373,04/05/2017 05:00,12.8739996
7374,04/05/2017 06:00,9.637999535
7375,04/05/2017 07:00,9.074999809
7376,04/05/2017 08:00,13.08500004
7377,04/05/2017 09:00,12.94400024
7378,04/05/2017 10:00,13.8579998
7379,04/05/2017 11:00,14.49100018
7380,04/05/2017 12:00,14.77299976
7381,04/05/2017 13:00,14.91399956
7382,04/05/2017 14:00,15.19499969
7383,04/05/2017 15:00,15.26500034
7384,04/05/2017 16:00,15.96899986
7385,04/05/2017 17:00,15.61699963
7386,04/05/2017 18:00,15.0539999
7387,04/05/2017 19:00,16.18000031
7388,04/05/2017 20:00,17.02400017
7389,04/05/2017 21:00,17.09399986
7390,04/05/2017 22:00,16.95400047
7391,04/05/2017 23:00,17.16500092
7392,05/05/2017 00:00,16.81299973
7393,05/05/2017 01:00,16.46100044
7394,05/05/2017 02:00,16.53199959
7395,05/05/2017 03:00,16.18000031
7396,05/05/2017 04:00,14.84300041
7397,05/05/2017 05:00,13.9289999
7398,05/05/2017 06:00,15.82800007
7399,05/05/2017 07:00,16.39100075
7400,05/05/2017 08:00,18.21999931
7401,05/05/2017 09:00,16.60199928
7402,05/05/2017 10:00,16.74300003
7403,05/05/2017 11:00,17.30500031
7404,05/05/2017 12:00,17.79800034
7405,05/05/2017 13:00,18.85300064
7406,05/05/2017 14:00,19.62700081
7407,05/05/2017 15:00,19.62700081
7408,05/05/2017 16:00,19.06399918
7409,05/05/2017 17:00,19.97900009
7410,05/05/2017 18:00,20.26000023
7411,05/05/2017 19:00,18.78300095
7412,05/05/2017 20:00,18.07900047
7413,05/05/2017 21:00,17.16500092
7414,05/05/2017 22:00,16.67200089
7415,05/05/2017 23:00,16.81299973
7416,06/05/2017 00:00,16.10899925
7417,06/05/2017 01:00,16.10899925
7418,06/05/2017 02:00,15.61699963
7419,06/05/2017 03:00,15.47599983
7420,06/05/2017 04:00,15.82800007
7421,06/05/2017 05:00,15.47599983
7422,06/05/2017 06:00,16.03899956
7423,06/05/2017 07:00,16.25
7424,06/05/2017 08:00,15.54699993
7425,06/05/2017 09:00,15.82800007
7426,06/05/2017 10:00,16.81299973
7427,06/05/2017 11:00,17.58699989
7428,06/05/2017 12:00,19.62700081
7429,06/05/2017 13:00,19.76799965
7430,06/05/2017 14:00,20.11899948
7431,06/05/2017 15:00,19.41600037
7432,06/05/2017 16:00,19.6970005
7433,06/05/2017 17:00,19.76799965
7434,06/05/2017 18:00,14.77299976
7435,06/05/2017 19:00,15.33600044
7436,06/05/2017 20:00,15.75800037
7437,06/05/2017 21:00,15.61699963
7438,06/05/2017 22:00,15.68700027
7439,06/05/2017 23:00,17.02400017
7440,07/05/2017 00:00,16.32099915
7441,07/05/2017 01:00,16.95400047
7442,07/05/2017 02:00,14.63199997
7443,07/05/2017 03:00,14.56200027
7444,07/05/2017 04:00,14.21000004
7445,07/05/2017 05:00,13.78800011
7446,07/05/2017 06:00,15.82800007
7447,07/05/2017 07:00,17.02400017
7448,07/05/2017 08:00,18.00900078
7449,07/05/2017 09:00,18.43099976
7450,07/05/2017 10:00,18.00900078
7451,07/05/2017 11:00,18.21999931
7452,07/05/2017 12:00,18.78300095
7453,07/05/2017 13:00,18.78300095
7454,07/05/2017 14:00,19.41600037
7455,07/05/2017 15:00,19.06399918
7456,07/05/2017 16:00,18.78300095
7457,07/05/2017 17:00,19.27499962
7458,07/05/2017 18:00,18.5720005
7459,07/05/2017 19:00,17.86800003
7460,07/05/2017 20:00,17.44599915
7461,07/05/2017 21:00,17.65699959
7462,07/05/2017 22:00,17.37599945
7463,07/05/2017 23:00,16.74300003
7464,08/05/2017 00:00,17.02400017
7465,08/05/2017 01:00,16.10899925
7466,08/05/2017 02:00,15.82800007
7467,08/05/2017 03:00,15.68700027
7468,08/05/2017 04:00,15.96899986
7469,08/05/2017 05:00,13.43599987
7470,08/05/2017 06:00,14.49100018
7471,08/05/2017 07:00,13.57699966
7472,08/05/2017 08:00,12.52200031
7473,08/05/2017 09:00,13.36600018
7474,08/05/2017 10:00,14.49100018
7475,08/05/2017 11:00,14.21000004
7476,08/05/2017 12:00,15.26500034
7477,08/05/2017 13:00,15.33600044
7478,08/05/2017 14:00,15.54699993
7479,08/05/2017 15:00,17.16500092
7480,08/05/2017 16:00,16.88299942
7481,08/05/2017 17:00,16.74300003
7482,08/05/2017 18:00,13.57699966
7483,08/05/2017 19:00,12.6619997
7484,08/05/2017 20:00,12.94400024
7485,08/05/2017 21:00,15.75800037
7486,08/05/2017 22:00,15.89799976
7487,08/05/2017 23:00,15.40600014
7488,09/05/2017 00:00,14.21000004
7489,09/05/2017 01:00,12.52200031
7490,09/05/2017 02:00,11.74800014
7491,09/05/2017 03:00,10.69299984
7492,09/05/2017 04:00,11.32600021
7493,09/05/2017 05:00,10.97399998
7494,09/05/2017 06:00,10.69299984
7495,09/05/2017 07:00,11.25599957
7496,09/05/2017 08:00,11.81799984
7497,09/05/2017 09:00,12.10000038
7498,09/05/2017 10:00,12.31099987
7499,09/05/2017 11:00,13.29599953
7500,09/05/2017 12:00,13.8579998
7501,09/05/2017 13:00,14.56200027
7502,09/05/2017 14:00,16.60199928
7503,09/05/2017 15:00,18.71199989
7504,09/05/2017 16:00,20.32999992
7505,09/05/2017 17:00,19.83799934
7506,09/05/2017 18:00,19.48600006
7507,09/05/2017 19:00,18.5720005
7508,09/05/2017 20:00,18.07900047
7509,09/05/2017 21:00,18.14999962
7510,09/05/2017 22:00,17.65699959
7511,09/05/2017 23:00,17.44599915
7512,10/05/2017 00:00,18.00900078
7513,10/05/2017 01:00,17.79800034
7514,10/05/2017 02:00,17.58699989
7515,10/05/2017 03:00,17.58699989
7516,10/05/2017 04:00,17.23500061
7517,10/05/2017 05:00,16.88299942
7518,10/05/2017 06:00,16.88299942
7519,10/05/2017 07:00,17.86800003
7520,10/05/2017 08:00,17.93799973
7521,10/05/2017 09:00,17.51600075
7522,10/05/2017 10:00,17.86800003
7523,10/05/2017 11:00,19.20499992
7524,10/05/2017 12:00,18.78300095
7525,10/05/2017 13:00,20.47100067
7526,10/05/2017 14:00,21.87800026
7527,10/05/2017 15:00,22.58099937
7528,10/05/2017 16:00,23.4260006
7529,10/05/2017 17:00,21.87800026
7530,10/05/2017 18:00,21.66699982
7531,10/05/2017 19:00,20.47100067
7532,10/05/2017 20:00,20.11899948
7533,10/05/2017 21:00,21.17399979
7534,10/05/2017 22:00,20.32999992
7535,10/05/2017 23:00,20.32999992
7536,11/05/2017 00:00,20.11899948
7537,11/05/2017 01:00,19.55599976
7538,11/05/2017 02:00,19.6970005
7539,11/05/2017 03:00,19.41600037
7540,11/05/2017 04:00,20.04899979
7541,11/05/2017 05:00,19.90800095
7542,11/05/2017 06:00,19.20499992
7543,11/05/2017 07:00,20.32999992
7544,11/05/2017 08:00,20.54100037
7545,11/05/2017 09:00,20.68199921
7546,11/05/2017 10:00,22.51099968
7547,11/05/2017 11:00,22.22999954
7548,11/05/2017 12:00,22.44099998
7549,11/05/2017 13:00,22.65200043
7550,11/05/2017 14:00,25.18400002
7551,11/05/2017 15:00,23.28499985
7552,11/05/2017 16:00,21.10400009
7553,11/05/2017 17:00,17.30500031
7554,11/05/2017 18:00,18.21999931
7555,11/05/2017 19:00,18.43099976
7556,11/05/2017 20:00,18.78300095
7557,11/05/2017 21:00,18.21999931
7558,11/05/2017 22:00,14.35099983
7559,11/05/2017 23:00,14.70300007
7560,12/05/2017 00:00,17.44599915
7561,12/05/2017 01:00,17.65699959
7562,12/05/2017 02:00,14.98400021
7563,12/05/2017 03:00,9.708000183
7564,12/05/2017 04:00,8.512000084
7565,12/05/2017 05:00,7.52699995
7566,12/05/2017 06:00,12.7329998
7567,12/05/2017 07:00,14.56200027
7568,12/05/2017 08:00,13.78800011
7569,12/05/2017 09:00,11.74800014
7570,12/05/2017 10:00,15.61699963
7571,12/05/2017 11:00,15.61699963
7572,12/05/2017 12:00,16.53199959
7573,12/05/2017 13:00,17.93799973
7574,12/05/2017 14:00,19.6970005
7575,12/05/2017 15:00,21.80800056
7576,12/05/2017 16:00,22.86300087
7577,12/05/2017 17:00,21.80800056
7578,12/05/2017 18:00,21.52599907
7579,12/05/2017 19:00,19.48600006
7580,12/05/2017 20:00,18.85300064
7581,12/05/2017 21:00,18.6420002
7582,12/05/2017 22:00,17.72699928
7583,12/05/2017 23:00,17.44599915
7584,13/05/2017 00:00,16.95400047
7585,13/05/2017 01:00,16.88299942
7586,13/05/2017 02:00,15.82800007
7587,13/05/2017 03:00,15.89799976
7588,13/05/2017 04:00,16.03899956
7589,13/05/2017 05:00,15.89799976
7590,13/05/2017 06:00,16.25
7591,13/05/2017 07:00,17.23500061
7592,13/05/2017 08:00,18.6420002
7593,13/05/2017 09:00,17.02400017
7594,13/05/2017 10:00,16.60199928
7595,13/05/2017 11:00,18.21999931
7596,13/05/2017 12:00,18.29000092
7597,13/05/2017 13:00,20.54100037
7598,13/05/2017 14:00,21.17399979
7599,13/05/2017 15:00,23.84799957
7600,13/05/2017 16:00,23.91799927
7601,13/05/2017 17:00,24.05900002
7602,13/05/2017 18:00,23.91799927
7603,13/05/2017 19:00,22.1590004
7604,13/05/2017 20:00,21.0340004
7605,13/05/2017 21:00,21.52599907
7606,13/05/2017 22:00,20.82299995
7607,13/05/2017 23:00,20.61199951
7608,14/05/2017 00:00,20.47100067
7609,14/05/2017 01:00,20.11899948
7610,14/05/2017 02:00,17.51600075
7611,14/05/2017 03:00,16.46100044
7612,14/05/2017 04:00,15.82800007
7613,14/05/2017 05:00,15.68700027
7614,14/05/2017 06:00,16.46100044
7615,14/05/2017 07:00,16.81299973
7616,14/05/2017 08:00,17.23500061
7617,14/05/2017 09:00,17.02400017
7618,14/05/2017 10:00,17.93799973
7619,14/05/2017 11:00,18.43099976
7620,14/05/2017 12:00,18.5720005
7621,14/05/2017 13:00,18.85300064
7622,14/05/2017 14:00,19.27499962
7623,14/05/2017 15:00,19.06399918
7624,14/05/2017 16:00,18.00900078
7625,14/05/2017 17:00,17.16500092
7626,14/05/2017 18:00,15.96899986
7627,14/05/2017 19:00,15.96899986
7628,14/05/2017 20:00,16.46100044
7629,14/05/2017 21:00,16.18000031
7630,14/05/2017 22:00,15.75800037
7631,14/05/2017 23:00,15.89799976
7632,15/05/2017 00:00,15.125
7633,15/05/2017 01:00,14.27999973
7634,15/05/2017 02:00,13.71800041
7635,15/05/2017 03:00,13.50699997
7636,15/05/2017 04:00,13.29599953
7637,15/05/2017 05:00,13.43599987
7638,15/05/2017 06:00,14.49100018
7639,15/05/2017 07:00,15.26500034
7640,15/05/2017 08:00,15.54699993
7641,15/05/2017 09:00,14.70300007
7642,15/05/2017 10:00,14.56200027
7643,15/05/2017 11:00,15.68700027
7644,15/05/2017 12:00,17.23500061
7645,15/05/2017 13:00,12.6619997
7646,15/05/2017 14:00,14.63199997
7647,15/05/2017 15:00,13.08500004
7648,15/05/2017 16:00,16.10899925
7649,15/05/2017 17:00,14.70300007
7650,15/05/2017 18:00,14.84300041
7651,15/05/2017 19:00,13.9989996
7652,15/05/2017 20:00,13.29599953
7653,15/05/2017 21:00,13.01399994
7654,15/05/2017 22:00,13.08500004
7655,15/05/2017 23:00,12.94400024
7656,16/05/2017 00:00,13.43599987
7657,16/05/2017 01:00,13.43599987
7658,16/05/2017 02:00,13.9289999
7659,16/05/2017 03:00,13.9289999
7660,16/05/2017 04:00,13.15499973
7661,16/05/2017 05:00,13.36600018
7662,16/05/2017 06:00,13.22500038
7663,16/05/2017 07:00,13.9289999
7664,16/05/2017 08:00,14.91399956
7665,16/05/2017 09:00,14.70300007
7666,16/05/2017 10:00,14.98400021
7667,16/05/2017 11:00,16.03899956
7668,16/05/2017 12:00,16.46100044
7669,16/05/2017 13:00,17.65699959
7670,16/05/2017 14:00,19.62700081
7671,16/05/2017 15:00,20.82299995
7672,16/05/2017 16:00,21.87800026
7673,16/05/2017 17:00,20.82299995
7674,16/05/2017 18:00,20.54100037
7675,16/05/2017 19:00,18.50099945
7676,16/05/2017 20:00,18.92300034
7677,16/05/2017 21:00,18.6420002
7678,16/05/2017 22:00,18.21999931
7679,16/05/2017 23:00,18.14999962
7680,17/05/2017 00:00,17.30500031
7681,17/05/2017 01:00,16.95400047
7682,17/05/2017 02:00,16.74300003
7683,17/05/2017 03:00,16.60199928
7684,17/05/2017 04:00,15.89799976
7685,17/05/2017 05:00,16.25
7686,17/05/2017 06:00,15.68700027
7687,17/05/2017 07:00,17.86800003
7688,17/05/2017 08:00,19.90800095
7689,17/05/2017 09:00,19.48600006
7690,17/05/2017 10:00,19.90800095
7691,17/05/2017 11:00,18.99399948
7692,17/05/2017 12:00,18.14999962
7693,17/05/2017 13:00,19.20499992
7694,17/05/2017 14:00,21.45599937
7695,17/05/2017 15:00,22.79199982
7696,17/05/2017 16:00,23.4260006
7697,17/05/2017 17:00,22.72200012
7698,17/05/2017 18:00,21.31500053
7699,17/05/2017 19:00,20.82299995
7700,17/05/2017 20:00,19.97900009
7701,17/05/2017 21:00,19.06399918
7702,17/05/2017 22:00,18.99399948
7703,17/05/2017 23:00,18.21999931
7704,18/05/2017 00:00,18.00900078
7705,18/05/2017 01:00,17.44599915
7706,18/05/2017 02:00,17.23500061
7707,18/05/2017 03:00,16.53199959
7708,18/05/2017 04:00,17.16500092
7709,18/05/2017 05:00,16.81299973
7710,18/05/2017 06:00,16.32099915
7711,18/05/2017 07:00,16.39100075
7712,18/05/2017 08:00,16.67200089
7713,18/05/2017 09:00,17.37599945
7714,18/05/2017 10:00,18.92300034
7715,18/05/2017 11:00,20.47100067
7716,18/05/2017 12:00,21.38500023
7717,18/05/2017 13:00,21.80800056
7718,18/05/2017 14:00,23.98800087
7719,18/05/2017 15:00,23.4260006
7720,18/05/2017 16:00,25.18400002
7721,18/05/2017 17:00,24.34000015
7722,18/05/2017 18:00,22.0189991
7723,18/05/2017 19:00,21.52599907
7724,18/05/2017 20:00,20.32999992
7725,18/05/2017 21:00,19.41600037
7726,18/05/2017 22:00,18.71199989
7727,18/05/2017 23:00,18.50099945
7728,19/05/2017 00:00,18.36100006
7729,19/05/2017 01:00,18.21999931
7730,19/05/2017 02:00,18.29000092
7731,19/05/2017 03:00,18.00900078
7732,19/05/2017 04:00,16.67200089
7733,19/05/2017 05:00,16.74300003
7734,19/05/2017 06:00,16.25
7735,19/05/2017 07:00,15.75800037
7736,19/05/2017 08:00,16.18000031
7737,19/05/2017 09:00,17.65699959
7738,19/05/2017 10:00,17.58699989
7739,19/05/2017 11:00,18.07900047
7740,19/05/2017 12:00,18.71199989
7741,19/05/2017 13:00,19.97900009
7742,19/05/2017 14:00,20.19000053
7743,19/05/2017 15:00,19.76799965
7744,19/05/2017 16:00,19.27499962
7745,19/05/2017 17:00,19.62700081
7746,19/05/2017 18:00,19.6970005
7747,19/05/2017 19:00,19.62700081
7748,19/05/2017 20:00,18.5720005
7749,19/05/2017 21:00,17.65699959
7750,19/05/2017 22:00,17.58699989
7751,19/05/2017 23:00,17.23500061
7752,20/05/2017 00:00,17.02400017
7753,20/05/2017 01:00,17.02400017
7754,20/05/2017 02:00,16.88299942
7755,20/05/2017 03:00,16.18000031
7756,20/05/2017 04:00,17.16500092
7757,20/05/2017 05:00,16.10899925
7758,20/05/2017 06:00,16.60199928
7759,20/05/2017 07:00,16.32099915
7760,20/05/2017 08:00,17.23500061
7761,20/05/2017 09:00,20.11899948
7762,20/05/2017 10:00,20.54100037
7763,20/05/2017 11:00,21.38500023
7764,20/05/2017 12:00,21.45599937
7765,20/05/2017 13:00,22.1590004
7766,20/05/2017 14:00,22.86300087
7767,20/05/2017 15:00,24.27000046
7768,20/05/2017 16:00,24.12899971
7769,20/05/2017 17:00,21.59700012
7770,20/05/2017 18:00,22.0189991
7771,20/05/2017 19:00,21.73699951
7772,20/05/2017 20:00,20.47100067
7773,20/05/2017 21:00,20.54100037
7774,20/05/2017 22:00,20.19000053
7775,20/05/2017 23:00,20.11899948
7776,21/05/2017 00:00,19.62700081
7777,21/05/2017 01:00,19.34499931
7778,21/05/2017 02:00,19.41600037
7779,21/05/2017 03:00,17.93799973
7780,21/05/2017 04:00,16.67200089
7781,21/05/2017 05:00,16.88299942
7782,21/05/2017 06:00,15.47599983
7783,21/05/2017 07:00,16.67200089
7784,21/05/2017 08:00,17.86800003
7785,21/05/2017 09:00,17.72699928
7786,21/05/2017 10:00,18.50099945
7787,21/05/2017 11:00,19.41600037
7788,21/05/2017 12:00,20.19000053
7789,21/05/2017 13:00,21.31500053
7790,21/05/2017 14:00,22.44099998
7791,21/05/2017 15:00,23.49600029
7792,21/05/2017 16:00,23.70700073
7793,21/05/2017 17:00,22.44099998
7794,21/05/2017 18:00,22.1590004
7795,21/05/2017 19:00,21.66699982
7796,21/05/2017 20:00,20.75200081
7797,21/05/2017 21:00,19.76799965
7798,21/05/2017 22:00,19.27499962
7799,21/05/2017 23:00,18.71199989
7800,22/05/2017 00:00,18.00900078
7801,22/05/2017 01:00,17.58699989
7802,22/05/2017 02:00,17.30500031
7803,22/05/2017 03:00,16.60199928
7804,22/05/2017 04:00,15.96899986
7805,22/05/2017 05:00,16.25
7806,22/05/2017 06:00,15.61699963
7807,22/05/2017 07:00,15.89799976
7808,22/05/2017 08:00,16.81299973
7809,22/05/2017 09:00,17.30500031
7810,22/05/2017 10:00,18.07900047
7811,22/05/2017 11:00,18.99399948
7812,22/05/2017 12:00,19.41600037
7813,22/05/2017 13:00,21.80800056
7814,22/05/2017 14:00,23.98800087
7815,22/05/2017 15:00,24.90299988
7816,22/05/2017 16:00,25.39500046
7817,22/05/2017 17:00,24.4810009
7818,22/05/2017 18:00,24.27000046
7819,22/05/2017 19:00,14.35099983
7820,22/05/2017 20:00,16.32099915
7821,22/05/2017 21:00,18.29000092
7822,22/05/2017 22:00,19.41600037
7823,22/05/2017 23:00,18.5720005
7824,23/05/2017 00:00,18.29000092
7825,23/05/2017 01:00,18.21999931
7826,23/05/2017 02:00,18.85300064
7827,23/05/2017 03:00,19.62700081
7828,23/05/2017 04:00,19.34499931
7829,23/05/2017 05:00,18.21999931
7830,23/05/2017 06:00,14.35099983
7831,23/05/2017 07:00,15.82800007
7832,23/05/2017 08:00,11.95899963
7833,23/05/2017 09:00,10.97399998
7834,23/05/2017 10:00,10.3409996
7835,23/05/2017 11:00,10.27099991
7836,23/05/2017 12:00,14.35099983
7837,23/05/2017 13:00,12.94400024
7838,23/05/2017 14:00,10.48200035
7839,23/05/2017 15:00,11.46700001
7840,23/05/2017 16:00,9.918999672
7841,23/05/2017 17:00,13.15499973
7842,23/05/2017 18:00,14.63199997
7843,23/05/2017 19:00,14.49100018
7844,23/05/2017 20:00,13.78800011
7845,23/05/2017 21:00,14.35099983
7846,23/05/2017 22:00,13.22500038
7847,23/05/2017 23:00,12.38099957
7848,24/05/2017 00:00,12.59200001
7849,24/05/2017 01:00,13.36600018
7850,24/05/2017 02:00,13.57699966
7851,24/05/2017 03:00,13.71800041
7852,24/05/2017 04:00,13.50699997
7853,24/05/2017 05:00,12.02900028
7854,24/05/2017 06:00,13.36600018
7855,24/05/2017 07:00,14.27999973
7856,24/05/2017 08:00,14.35099983
7857,24/05/2017 09:00,14.91399956
7858,24/05/2017 10:00,15.0539999
7859,24/05/2017 11:00,16.25
7860,24/05/2017 12:00,17.16500092
7861,24/05/2017 13:00,17.16500092
7862,24/05/2017 14:00,18.92300034
7863,24/05/2017 15:00,20.47100067
7864,24/05/2017 16:00,19.27499962
7865,24/05/2017 17:00,17.72699928
7866,24/05/2017 18:00,18.36100006
7867,24/05/2017 19:00,17.65699959
7868,24/05/2017 20:00,17.09399986
7869,24/05/2017 21:00,16.74300003
7870,24/05/2017 22:00,16.81299973
7871,24/05/2017 23:00,16.10899925
7872,25/05/2017 00:00,16.10899925
7873,25/05/2017 01:00,16.25
7874,25/05/2017 02:00,15.75800037
7875,25/05/2017 03:00,14.77299976
7876,25/05/2017 04:00,15.19499969
7877,25/05/2017 05:00,14.21000004
7878,25/05/2017 06:00,13.9289999
7879,25/05/2017 07:00,17.23500061
7880,25/05/2017 08:00,16.74300003
7881,25/05/2017 09:00,16.74300003
7882,25/05/2017 10:00,17.51600075
7883,25/05/2017 11:00,18.00900078
7884,25/05/2017 12:00,19.34499931
7885,25/05/2017 13:00,18.71199989
7886,25/05/2017 14:00,20.19000053
7887,25/05/2017 15:00,20.96299934
7888,25/05/2017 16:00,22.72200012
7889,25/05/2017 17:00,21.94799995
7890,25/05/2017 18:00,21.0340004
7891,25/05/2017 19:00,19.97900009
7892,25/05/2017 20:00,18.71199989
7893,25/05/2017 21:00,18.21999931
7894,25/05/2017 22:00,17.86800003
7895,25/05/2017 23:00,16.95400047
7896,26/05/2017 00:00,17.51600075
7897,26/05/2017 01:00,17.72699928
7898,26/05/2017 02:00,17.65699959
7899,26/05/2017 03:00,17.65699959
7900,26/05/2017 04:00,16.46100044
7901,26/05/2017 05:00,17.23500061
7902,26/05/2017 06:00,17.23500061
7903,26/05/2017 07:00,18.36100006
7904,26/05/2017 08:00,17.65699959
7905,26/05/2017 09:00,16.95400047
7906,26/05/2017 10:00,18.36100006
7907,26/05/2017 11:00,18.92300034
7908,26/05/2017 12:00,20.26000023
7909,26/05/2017 13:00,20.89299965
7910,26/05/2017 14:00,22.79199982
7911,26/05/2017 15:00,24.4810009
7912,26/05/2017 16:00,24.5510006
7913,26/05/2017 17:00,25.04400063
7914,26/05/2017 18:00,22.58099937
7915,26/05/2017 19:00,20.61199951
7916,26/05/2017 20:00,19.76799965
7917,26/05/2017 21:00,19.76799965
7918,26/05/2017 22:00,19.97900009
7919,26/05/2017 23:00,19.55599976
7920,27/05/2017 00:00,19.34499931
7921,27/05/2017 01:00,18.99399948
7922,27/05/2017 02:00,18.6420002
7923,27/05/2017 03:00,18.00900078
7924,27/05/2017 04:00,18.43099976
7925,27/05/2017 05:00,17.86800003
7926,27/05/2017 06:00,18.07900047
7927,27/05/2017 07:00,19.97900009
7928,27/05/2017 08:00,21.52599907
7929,27/05/2017 09:00,20.61199951
7930,27/05/2017 10:00,21.24500084
7931,27/05/2017 11:00,21.87800026
7932,27/05/2017 12:00,20.54100037
7933,27/05/2017 13:00,21.31500053
7934,27/05/2017 14:00,23.00300026
7935,27/05/2017 15:00,24.90299988
7936,27/05/2017 16:00,25.6060009
7937,27/05/2017 17:00,25.81699944
7938,27/05/2017 18:00,23.84799957
7939,27/05/2017 19:00,20.89299965
7940,27/05/2017 20:00,20.75200081
7941,27/05/2017 21:00,20.68199921
7942,27/05/2017 22:00,20.40099907
7943,27/05/2017 23:00,20.40099907
7944,28/05/2017 00:00,20.11899948
7945,28/05/2017 01:00,19.6970005
7946,28/05/2017 02:00,19.76799965
7947,28/05/2017 03:00,19.41600037
7948,28/05/2017 04:00,18.6420002
7949,28/05/2017 05:00,18.71199989
7950,28/05/2017 06:00,19.20499992
7951,28/05/2017 07:00,19.97900009
7952,28/05/2017 08:00,21.24500084
7953,28/05/2017 09:00,21.73699951
7954,28/05/2017 10:00,22.51099968
7955,28/05/2017 11:00,23.1439991
7956,28/05/2017 12:00,22.29999924
7957,28/05/2017 13:00,22.86300087
7958,28/05/2017 14:00,24.4810009
7959,28/05/2017 15:00,25.5359993
7960,28/05/2017 16:00,25.74699974
7961,28/05/2017 17:00,24.5510006
7962,28/05/2017 18:00,23.77700043
7963,28/05/2017 19:00,22.0890007
7964,28/05/2017 20:00,21.66699982
7965,28/05/2017 21:00,20.40099907
7966,28/05/2017 22:00,19.41600037
7967,28/05/2017 23:00,18.92300034
7968,29/05/2017 00:00,18.14999962
7969,29/05/2017 01:00,17.86800003
7970,29/05/2017 02:00,17.44599915
7971,29/05/2017 03:00,17.16500092
7972,29/05/2017 04:00,16.74300003
7973,29/05/2017 05:00,16.60199928
7974,29/05/2017 06:00,17.02400017
7975,29/05/2017 07:00,18.43099976
7976,29/05/2017 08:00,19.48600006
7977,29/05/2017 09:00,18.71199989
7978,29/05/2017 10:00,20.26000023
7979,29/05/2017 11:00,20.32999992
7980,29/05/2017 12:00,21.73699951
7981,29/05/2017 13:00,21.66699982
7982,29/05/2017 14:00,24.34000015
7983,29/05/2017 15:00,24.90299988
7984,29/05/2017 16:00,24.90299988
7985,29/05/2017 17:00,26.09900093
7986,29/05/2017 18:00,25.18400002
7987,29/05/2017 19:00,22.0189991
7988,29/05/2017 20:00,20.82299995
7989,29/05/2017 21:00,19.97900009
7990,29/05/2017 22:00,19.90800095
7991,29/05/2017 23:00,19.41600037
7992,30/05/2017 00:00,18.92300034
7993,30/05/2017 01:00,18.92300034
7994,30/05/2017 02:00,19.20499992
7995,30/05/2017 03:00,18.99399948
7996,30/05/2017 04:00,18.36100006
7997,30/05/2017 05:00,19.34499931
7998,30/05/2017 06:00,19.76799965
7999,30/05/2017 07:00,19.41600037
8000,30/05/2017 08:00,20.26000023
8001,30/05/2017 09:00,21.87800026
8002,30/05/2017 10:00,22.0189991
8003,30/05/2017 11:00,21.87800026
8004,30/05/2017 12:00,21.73699951
8005,30/05/2017 13:00,22.0890007
8006,30/05/2017 14:00,20.89299965
8007,30/05/2017 15:00,22.29999924
8008,30/05/2017 16:00,22.58099937
8009,30/05/2017 17:00,21.94799995
8010,30/05/2017 18:00,21.24500084
8011,30/05/2017 19:00,21.31500053
8012,30/05/2017 20:00,21.31500053
8013,30/05/2017 21:00,21.38500023
8014,30/05/2017 22:00,21.45599937
8015,30/05/2017 23:00,21.17399979
8016,31/05/2017 00:00,20.96299934
8017,31/05/2017 01:00,20.96299934
8018,31/05/2017 02:00,20.96299934
8019,31/05/2017 03:00,20.96299934
8020,31/05/2017 04:00,20.96299934
8021,31/05/2017 05:00,20.96299934
8022,31/05/2017 06:00,20.96299934
8023,31/05/2017 07:00,20.96299934
8024,31/05/2017 08:00,20.96299934
8025,31/05/2017 09:00,20.96299934
8026,31/05/2017 10:00,20.96299934
8027,31/05/2017 11:00,20.96299934
8028,31/05/2017 12:00,20.96299934
8029,31/05/2017 13:00,20.96299934
8030,31/05/2017 14:00,20.96299934
8031,31/05/2017 15:00,20.96299934
8032,31/05/2017 16:00,20.96299934
8033,31/05/2017 17:00,20.96299934
8034,31/05/2017 18:00,20.96299934
8035,31/05/2017 19:00,20.96299934
8036,31/05/2017 20:00,20.96299934
8037,31/05/2017 21:00,20.96299934
8038,31/05/2017 22:00,20.96299934
8039,31/05/2017 23:00,20.96299934
8040,01/06/2017 00:00,21.52599907
8041,01/06/2017 01:00,21.52599907
8042,01/06/2017 02:00,22.0189991
8043,01/06/2017 03:00,22.1590004
8044,01/06/2017 04:00,22.0189991
8045,01/06/2017 05:00,21.87800026
8046,01/06/2017 06:00,21.24500084
8047,01/06/2017 07:00,22.51099968
8048,01/06/2017 08:00,20.61199951
8049,01/06/2017 09:00,21.73699951
8050,01/06/2017 10:00,22.0189991
8051,01/06/2017 11:00,22.72200012
8052,01/06/2017 12:00,22.93300056
8053,01/06/2017 13:00,23.49600029
8054,01/06/2017 14:00,23.70700073
8055,01/06/2017 15:00,24.83200073
8056,01/06/2017 16:00,25.04400063
8057,01/06/2017 17:00,25.18400002
8058,01/06/2017 18:00,24.1989994
8059,01/06/2017 19:00,23.1439991
8060,01/06/2017 20:00,23.00300026
8061,01/06/2017 21:00,22.0189991
8062,01/06/2017 22:00,21.94799995
8063,01/06/2017 23:00,15.61699963
8064,02/06/2017 00:00,17.72699928
8065,02/06/2017 01:00,18.00900078
8066,02/06/2017 02:00,17.23500061
8067,02/06/2017 03:00,17.30500031
8068,02/06/2017 04:00,16.18000031
8069,02/06/2017 05:00,16.46100044
8070,02/06/2017 06:00,16.67200089
8071,02/06/2017 07:00,17.09399986
8072,02/06/2017 08:00,16.88299942
8073,02/06/2017 09:00,17.30500031
8074,02/06/2017 10:00,18.43099976
8075,02/06/2017 11:00,19.06399918
8076,02/06/2017 12:00,19.20499992
8077,02/06/2017 13:00,20.04899979
8078,02/06/2017 14:00,20.68199921
8079,02/06/2017 15:00,21.0340004
8080,02/06/2017 16:00,21.52599907
8081,02/06/2017 17:00,21.52599907
8082,02/06/2017 18:00,20.96299934
8083,02/06/2017 19:00,19.90800095
8084,02/06/2017 20:00,19.48600006
8085,02/06/2017 21:00,18.92300034
8086,02/06/2017 22:00,18.50099945
8087,02/06/2017 23:00,17.86800003
8088,03/06/2017 00:00,17.93799973
8089,03/06/2017 01:00,17.37599945
8090,03/06/2017 02:00,17.58699989
8091,03/06/2017 03:00,17.16500092
8092,03/06/2017 04:00,16.60199928
8093,03/06/2017 05:00,16.10899925
8094,03/06/2017 06:00,15.96899986
8095,03/06/2017 07:00,16.60199928
8096,03/06/2017 08:00,16.60199928
8097,03/06/2017 09:00,17.58699989
8098,03/06/2017 10:00,17.65699959
8099,03/06/2017 11:00,18.43099976
8100,03/06/2017 12:00,18.6420002
8101,03/06/2017 13:00,19.34499931
8102,03/06/2017 14:00,20.32999992
8103,03/06/2017 15:00,20.68199921
8104,03/06/2017 16:00,20.82299995
8105,03/06/2017 17:00,19.97900009
8106,03/06/2017 18:00,19.55599976
8107,03/06/2017 19:00,19.62700081
8108,03/06/2017 20:00,19.41600037
8109,03/06/2017 21:00,18.71199989
8110,03/06/2017 22:00,18.29000092
8111,03/06/2017 23:00,17.79800034
8112,04/06/2017 00:00,16.60199928
8113,04/06/2017 01:00,15.68700027
8114,04/06/2017 02:00,14.98400021
8115,04/06/2017 03:00,14.56200027
8116,04/06/2017 04:00,13.9989996
8117,04/06/2017 05:00,13.43599987
8118,04/06/2017 06:00,13.15499973
8119,04/06/2017 07:00,13.22500038
8120,04/06/2017 08:00,14.21000004
8121,04/06/2017 09:00,14.84300041
8122,04/06/2017 10:00,15.40600014
8123,04/06/2017 11:00,16.10899925
8124,04/06/2017 12:00,16.53199959
8125,04/06/2017 13:00,17.02400017
8126,04/06/2017 14:00,18.21999931
8127,04/06/2017 15:00,19.76799965
8128,04/06/2017 16:00,18.21999931
8129,04/06/2017 17:00,17.86800003
8130,04/06/2017 18:00,17.51600075
8131,04/06/2017 19:00,17.37599945
8132,04/06/2017 20:00,16.60199928
8133,04/06/2017 21:00,16.67200089
8134,04/06/2017 22:00,15.75800037
8135,04/06/2017 23:00,15.40600014
8136,05/06/2017 00:00,14.84300041
8137,05/06/2017 01:00,14.49100018
8138,05/06/2017 02:00,14.49100018
8139,05/06/2017 03:00,13.29599953
8140,05/06/2017 04:00,13.29599953
8141,05/06/2017 05:00,13.29599953
8142,05/06/2017 06:00,12.45100021
8143,05/06/2017 07:00,13.08500004
8144,05/06/2017 08:00,12.23999977
8145,05/06/2017 09:00,11.04399967
8146,05/06/2017 10:00,7.245999813
8147,05/06/2017 11:00,7.456999779
8148,05/06/2017 12:00,6.261000156
8149,05/06/2017 13:00,6.612999916
8150,05/06/2017 14:00,7.668000221
8151,05/06/2017 15:00,6.261000156
8152,05/06/2017 16:00,9.425999641
8153,05/06/2017 17:00,9.848999977
8154,05/06/2017 18:00,9.98900032
8155,05/06/2017 19:00,10.13000011
8156,05/06/2017 20:00,7.948999882
8157,05/06/2017 21:00,10.3409996
8158,05/06/2017 22:00,10.97399998
8159,05/06/2017 23:00,11.25599957
8160,06/06/2017 00:00,11.74800014
8161,06/06/2017 01:00,12.52200031
8162,06/06/2017 02:00,13.50699997
8163,06/06/2017 03:00,14.06900024
8164,06/06/2017 04:00,15.0539999
8165,06/06/2017 05:00,14.49100018
8166,06/06/2017 06:00,13.29599953
8167,06/06/2017 07:00,10.90400028
8168,06/06/2017 08:00,13.01399994
8169,06/06/2017 09:00,13.29599953
8170,06/06/2017 10:00,13.22500038
8171,06/06/2017 11:00,13.29599953
8172,06/06/2017 12:00,14.84300041
8173,06/06/2017 13:00,13.8579998
8174,06/06/2017 14:00,13.9989996
8175,06/06/2017 15:00,13.9289999
8176,06/06/2017 16:00,14.63199997
8177,06/06/2017 17:00,13.71800041
8178,06/06/2017 18:00,14.35099983
8179,06/06/2017 19:00,14.49100018
8180,06/06/2017 20:00,14.98400021
8181,06/06/2017 21:00,14.21000004
8182,06/06/2017 22:00,14.14000034
8183,06/06/2017 23:00,15.89799976
8184,07/06/2017 00:00,15.54699993
8185,07/06/2017 01:00,15.19499969
8186,07/06/2017 02:00,14.91399956
8187,07/06/2017 03:00,14.91399956
8188,07/06/2017 04:00,15.0539999
8189,07/06/2017 05:00,15.75800037
8190,07/06/2017 06:00,15.61699963
8191,07/06/2017 07:00,16.25
8192,07/06/2017 08:00,16.10899925
8193,07/06/2017 09:00,16.39100075
8194,07/06/2017 10:00,17.65699959
8195,07/06/2017 11:00,17.51600075
8196,07/06/2017 12:00,17.86800003
8197,07/06/2017 13:00,18.85300064
8198,07/06/2017 14:00,20.47100067
8199,07/06/2017 15:00,21.73699951
8200,07/06/2017 16:00,21.10400009
8201,07/06/2017 17:00,21.10400009
8202,07/06/2017 18:00,22.44099998
8203,07/06/2017 19:00,19.55599976
8204,07/06/2017 20:00,19.20499992
8205,07/06/2017 21:00,18.99399948
8206,07/06/2017 22:00,18.5720005
8207,07/06/2017 23:00,18.29000092
8208,08/06/2017 00:00,17.86800003
8209,08/06/2017 01:00,18.00900078
8210,08/06/2017 02:00,17.51600075
8211,08/06/2017 03:00,17.23500061
8212,08/06/2017 04:00,17.86800003
8213,08/06/2017 05:00,17.65699959
8214,08/06/2017 06:00,18.07900047
8215,08/06/2017 07:00,18.14999962
8216,08/06/2017 08:00,20.11899948
8217,08/06/2017 09:00,19.48600006
8218,08/06/2017 10:00,19.55599976
8219,08/06/2017 11:00,19.27499962
8220,08/06/2017 12:00,20.61199951
8221,08/06/2017 13:00,21.38500023
8222,08/06/2017 14:00,22.22999954
8223,08/06/2017 15:00,22.0890007
8224,08/06/2017 16:00,23.1439991
8225,08/06/2017 17:00,22.1590004
8226,08/06/2017 18:00,20.61199951
8227,08/06/2017 19:00,20.40099907
8228,08/06/2017 20:00,19.62700081
8229,08/06/2017 21:00,19.6970005
8230,08/06/2017 22:00,19.06399918
8231,08/06/2017 23:00,18.85300064
8232,09/06/2017 00:00,18.43099976
8233,09/06/2017 01:00,18.85300064
8234,09/06/2017 02:00,19.27499962
8235,09/06/2017 03:00,19.55599976
8236,09/06/2017 04:00,19.13400078
8237,09/06/2017 05:00,19.48600006
8238,09/06/2017 06:00,18.92300034
8239,09/06/2017 07:00,19.20499992
8240,09/06/2017 08:00,21.45599937
8241,09/06/2017 09:00,19.83799934
8242,09/06/2017 10:00,20.54100037
8243,09/06/2017 11:00,19.55599976
8244,09/06/2017 12:00,20.82299995
8245,09/06/2017 13:00,21.66699982
8246,09/06/2017 14:00,21.52599907
8247,09/06/2017 15:00,21.73699951
8248,09/06/2017 16:00,17.65699959
8249,09/06/2017 17:00,19.13400078
8250,09/06/2017 18:00,20.19000053
8251,09/06/2017 19:00,19.48600006
8252,09/06/2017 20:00,19.55599976
8253,09/06/2017 21:00,19.48600006
8254,09/06/2017 22:00,19.62700081
8255,09/06/2017 23:00,14.63199997
8256,10/06/2017 00:00,13.50699997
8257,10/06/2017 01:00,14.35099983
8258,10/06/2017 02:00,17.65699959
8259,10/06/2017 03:00,18.14999962
8260,10/06/2017 04:00,11.88899994
8261,10/06/2017 05:00,15.26500034
8262,10/06/2017 06:00,11.88899994
8263,10/06/2017 07:00,12.38099957
8264,10/06/2017 08:00,15.26500034
8265,10/06/2017 09:00,17.16500092
8266,10/06/2017 10:00,17.23500061
8267,10/06/2017 11:00,17.30500031
8268,10/06/2017 12:00,14.70300007
8269,10/06/2017 13:00,18.43099976
8270,10/06/2017 14:00,19.27499962
8271,10/06/2017 15:00,14.70300007
8272,10/06/2017 16:00,13.43599987
8273,10/06/2017 17:00,11.5369997
8274,10/06/2017 18:00,13.78800011
8275,10/06/2017 19:00,15.0539999
8276,10/06/2017 20:00,15.19499969
8277,10/06/2017 21:00,16.25
8278,10/06/2017 22:00,17.02400017
8279,10/06/2017 23:00,16.81299973
8280,11/06/2017 00:00,16.39100075
8281,11/06/2017 01:00,17.02400017
8282,11/06/2017 02:00,16.60199928
8283,11/06/2017 03:00,16.46100044
8284,11/06/2017 04:00,15.89799976
8285,11/06/2017 05:00,15.125
8286,11/06/2017 06:00,14.98400021
8287,11/06/2017 07:00,12.80300045
8288,11/06/2017 08:00,14.42099953
8289,11/06/2017 09:00,15.0539999
8290,11/06/2017 10:00,15.26500034
8291,11/06/2017 11:00,15.75800037
8292,11/06/2017 12:00,16.32099915
8293,11/06/2017 13:00,16.81299973
8294,11/06/2017 14:00,18.00900078
8295,11/06/2017 15:00,17.72699928
8296,11/06/2017 16:00,17.65699959
8297,11/06/2017 17:00,18.71199989
8298,11/06/2017 18:00,17.58699989
8299,11/06/2017 19:00,17.65699959
8300,11/06/2017 20:00,17.37599945
8301,11/06/2017 21:00,16.95400047
8302,11/06/2017 22:00,16.25
8303,11/06/2017 23:00,16.25
8304,12/06/2017 00:00,15.33600044
8305,12/06/2017 01:00,15.0539999
8306,12/06/2017 02:00,14.27999973
8307,12/06/2017 03:00,13.8579998
8308,12/06/2017 04:00,14.21000004
8309,12/06/2017 05:00,14.63199997
8310,12/06/2017 06:00,14.70300007
8311,12/06/2017 07:00,14.42099953
8312,12/06/2017 08:00,14.77299976
8313,12/06/2017 09:00,14.77299976
8314,12/06/2017 10:00,14.70300007
8315,12/06/2017 11:00,15.33600044
8316,12/06/2017 12:00,15.61699963
8317,12/06/2017 13:00,15.40600014
8318,12/06/2017 14:00,15.75800037
8319,12/06/2017 15:00,15.68700027
8320,12/06/2017 16:00,15.75800037
8321,12/06/2017 17:00,15.40600014
8322,12/06/2017 18:00,15.54699993
8323,12/06/2017 19:00,15.68700027
8324,12/06/2017 20:00,15.19499969
8325,12/06/2017 21:00,15.33600044
8326,12/06/2017 22:00,15.26500034
8327,12/06/2017 23:00,14.70300007
8328,13/06/2017 00:00,14.56200027
8329,13/06/2017 01:00,14.63199997
8330,13/06/2017 02:00,14.42099953
8331,13/06/2017 03:00,14.35099983
8332,13/06/2017 04:00,14.35099983
8333,13/06/2017 05:00,14.14000034
8334,13/06/2017 06:00,14.14000034
8335,13/06/2017 07:00,13.9289999
8336,13/06/2017 08:00,13.9989996
8337,13/06/2017 09:00,14.14000034
8338,13/06/2017 10:00,13.36600018
8339,13/06/2017 11:00,13.9289999
8340,13/06/2017 12:00,13.64700031
8341,13/06/2017 13:00,14.27999973
8342,13/06/2017 14:00,14.49100018
8343,13/06/2017 15:00,14.56200027
8344,13/06/2017 16:00,14.63199997
8345,13/06/2017 17:00,14.56200027
8346,13/06/2017 18:00,14.63199997
8347,13/06/2017 19:00,14.77299976
8348,13/06/2017 20:00,14.70300007
8349,13/06/2017 21:00,15.125
8350,13/06/2017 22:00,14.63199997
8351,13/06/2017 23:00,15.125
8352,14/06/2017 00:00,14.35099983
8353,14/06/2017 01:00,14.35099983
8354,14/06/2017 02:00,14.14000034
8355,14/06/2017 03:00,13.71800041
8356,14/06/2017 04:00,14.14000034
8357,14/06/2017 05:00,13.9289999
8358,14/06/2017 06:00,14.49100018
8359,14/06/2017 07:00,14.63199997
8360,14/06/2017 08:00,14.49100018
8361,14/06/2017 09:00,15.19499969
8362,14/06/2017 10:00,15.33600044
8363,14/06/2017 11:00,15.47599983
8364,14/06/2017 12:00,16.10899925
8365,14/06/2017 13:00,16.74300003
8366,14/06/2017 14:00,17.02400017
8367,14/06/2017 15:00,16.81299973
8368,14/06/2017 16:00,17.37599945
8369,14/06/2017 17:00,17.65699959
8370,14/06/2017 18:00,17.93799973
8371,14/06/2017 19:00,17.79800034
8372,14/06/2017 20:00,17.02400017
8373,14/06/2017 21:00,17.16500092
8374,14/06/2017 22:00,17.30500031
8375,14/06/2017 23:00,16.74300003
8376,15/06/2017 00:00,17.02400017
8377,15/06/2017 01:00,16.74300003
8378,15/06/2017 02:00,16.74300003
8379,15/06/2017 03:00,16.39100075
8380,15/06/2017 04:00,15.75800037
8381,15/06/2017 05:00,15.75800037
8382,15/06/2017 06:00,16.10899925
8383,15/06/2017 07:00,16.95400047
8384,15/06/2017 08:00,17.72699928
8385,15/06/2017 09:00,17.37599945
8386,15/06/2017 10:00,17.44599915
8387,15/06/2017 11:00,17.93799973
8388,15/06/2017 12:00,18.07900047
8389,15/06/2017 13:00,19.76799965
8390,15/06/2017 14:00,19.62700081
8391,15/06/2017 15:00,20.32999992
8392,15/06/2017 16:00,20.54100037
8393,15/06/2017 17:00,20.19000053
8394,15/06/2017 18:00,19.76799965
8395,15/06/2017 19:00,18.71199989
8396,15/06/2017 20:00,18.21999931
8397,15/06/2017 21:00,17.72699928
8398,15/06/2017 22:00,18.43099976
8399,15/06/2017 23:00,18.29000092
8400,16/06/2017 00:00,18.21999931
8401,16/06/2017 01:00,17.37599945
8402,16/06/2017 02:00,16.95400047
8403,16/06/2017 03:00,16.60199928
8404,16/06/2017 04:00,17.16500092
8405,16/06/2017 05:00,16.81299973
8406,16/06/2017 06:00,16.03899956
8407,16/06/2017 07:00,16.60199928
8408,16/06/2017 08:00,16.67200089
8409,16/06/2017 09:00,16.46100044
8410,16/06/2017 10:00,17.30500031
8411,16/06/2017 11:00,17.30500031
8412,16/06/2017 12:00,17.44599915
8413,16/06/2017 13:00,17.51600075
8414,16/06/2017 14:00,18.71199989
8415,16/06/2017 15:00,20.40099907
8416,16/06/2017 16:00,19.90800095
8417,16/06/2017 17:00,19.20499992
8418,16/06/2017 18:00,19.76799965
8419,16/06/2017 19:00,18.50099945
8420,16/06/2017 20:00,17.58699989
8421,16/06/2017 21:00,17.30500031
8422,16/06/2017 22:00,16.81299973
8423,16/06/2017 23:00,16.03899956
8424,17/06/2017 00:00,16.03899956
8425,17/06/2017 01:00,15.61699963
8426,17/06/2017 02:00,15.125
8427,17/06/2017 03:00,15.0539999
8428,17/06/2017 04:00,14.77299976
8429,17/06/2017 05:00,14.35099983
8430,17/06/2017 06:00,14.63199997
8431,17/06/2017 07:00,15.0539999
8432,17/06/2017 08:00,16.03899956
8433,17/06/2017 09:00,16.10899925
8434,17/06/2017 10:00,16.25
8435,17/06/2017 11:00,17.30500031
8436,17/06/2017 12:00,17.44599915
8437,17/06/2017 13:00,17.86800003
8438,17/06/2017 14:00,20.04899979
8439,17/06/2017 15:00,20.96299934
8440,17/06/2017 16:00,20.32999992
8441,17/06/2017 17:00,19.55599976
8442,17/06/2017 18:00,19.62700081
8443,17/06/2017 19:00,18.92300034
8444,17/06/2017 20:00,18.00900078
8445,17/06/2017 21:00,18.00900078
8446,17/06/2017 22:00,17.51600075
8447,17/06/2017 23:00,17.02400017
8448,18/06/2017 00:00,16.53199959
8449,18/06/2017 01:00,16.18000031
8450,18/06/2017 02:00,15.96899986
8451,18/06/2017 03:00,15.75800037
8452,18/06/2017 04:00,15.33600044
8453,18/06/2017 05:00,15.19499969
8454,18/06/2017 06:00,15.33600044
8455,18/06/2017 07:00,15.0539999
8456,18/06/2017 08:00,16.10899925
8457,18/06/2017 09:00,16.25
8458,18/06/2017 10:00,17.16500092
8459,18/06/2017 11:00,17.30500031
8460,18/06/2017 12:00,17.86800003
8461,18/06/2017 13:00,18.21999931
8462,18/06/2017 14:00,19.27499962
8463,18/06/2017 15:00,20.68199921
8464,18/06/2017 16:00,21.17399979
8465,18/06/2017 17:00,19.97900009
8466,18/06/2017 18:00,20.11899948
8467,18/06/2017 19:00,19.27499962
8468,18/06/2017 20:00,18.00900078
8469,18/06/2017 21:00,17.51600075
8470,18/06/2017 22:00,17.30500031
8471,18/06/2017 23:00,17.30500031
8472,19/06/2017 00:00,16.74300003
8473,19/06/2017 01:00,16.88299942
8474,19/06/2017 02:00,17.02400017
8475,19/06/2017 03:00,17.02400017
8476,19/06/2017 04:00,17.58699989
8477,19/06/2017 05:00,18.14999962
8478,19/06/2017 06:00,17.37599945
8479,19/06/2017 07:00,18.07900047
8480,19/06/2017 08:00,18.50099945
8481,19/06/2017 09:00,17.93799973
8482,19/06/2017 10:00,18.6420002
8483,19/06/2017 11:00,18.92300034
8484,19/06/2017 12:00,19.13400078
8485,19/06/2017 13:00,20.32999992
8486,19/06/2017 14:00,19.62700081
8487,19/06/2017 15:00,20.19000053
8488,19/06/2017 16:00,20.47100067
8489,19/06/2017 17:00,19.48600006
8490,19/06/2017 18:00,19.76799965
8491,19/06/2017 19:00,18.92300034
8492,19/06/2017 20:00,19.06399918
8493,19/06/2017 21:00,18.6420002
8494,19/06/2017 22:00,18.21999931
8495,19/06/2017 23:00,18.07900047
8496,20/06/2017 00:00,18.21999931
8497,20/06/2017 01:00,18.07900047
8498,20/06/2017 02:00,18.00900078
8499,20/06/2017 03:00,17.86800003
8500,20/06/2017 04:00,17.86800003
8501,20/06/2017 05:00,18.29000092
8502,20/06/2017 06:00,18.99399948
8503,20/06/2017 07:00,19.41600037
8504,20/06/2017 08:00,20.11899948
8505,20/06/2017 09:00,19.27499962
8506,20/06/2017 10:00,20.19000053
8507,20/06/2017 11:00,21.24500084
8508,20/06/2017 12:00,21.80800056
8509,20/06/2017 13:00,21.87800026
8510,20/06/2017 14:00,22.22999954
8511,20/06/2017 15:00,21.73699951
8512,20/06/2017 16:00,22.93300056
8513,20/06/2017 17:00,22.22999954
8514,20/06/2017 18:00,21.52599907
8515,20/06/2017 19:00,21.10400009
8516,20/06/2017 20:00,20.82299995
8517,20/06/2017 21:00,21.24500084
8518,20/06/2017 22:00,20.82299995
8519,20/06/2017 23:00,20.61199951
8520,21/06/2017 00:00,20.04899979
8521,21/06/2017 01:00,20.54100037
8522,21/06/2017 02:00,19.62700081
8523,21/06/2017 03:00,20.04899979
8524,21/06/2017 04:00,19.6970005
8525,21/06/2017 05:00,18.5720005
8526,21/06/2017 06:00,18.21999931
8527,21/06/2017 07:00,18.07900047
8528,21/06/2017 08:00,18.21999931
8529,21/06/2017 09:00,17.58699989
8530,21/06/2017 10:00,18.00900078
8531,21/06/2017 11:00,18.92300034
8532,21/06/2017 12:00,19.76799965
8533,21/06/2017 13:00,20.26000023
8534,21/06/2017 14:00,20.61199951
8535,21/06/2017 15:00,20.32999992
8536,21/06/2017 16:00,21.73699951
8537,21/06/2017 17:00,20.26000023
8538,21/06/2017 18:00,19.97900009
8539,21/06/2017 19:00,19.06399918
8540,21/06/2017 20:00,19.20499992
8541,21/06/2017 21:00,18.6420002
8542,21/06/2017 22:00,17.65699959
8543,21/06/2017 23:00,18.00900078
8544,22/06/2017 00:00,17.93799973
8545,22/06/2017 01:00,17.65699959
8546,22/06/2017 02:00,17.65699959
8547,22/06/2017 03:00,16.88299942
8548,22/06/2017 04:00,17.51600075
8549,22/06/2017 05:00,18.14999962
8550,22/06/2017 06:00,18.29000092
8551,22/06/2017 07:00,18.99399948
8552,22/06/2017 08:00,20.32999992
8553,22/06/2017 09:00,20.68199921
8554,22/06/2017 10:00,21.31500053
8555,22/06/2017 11:00,22.29999924
8556,22/06/2017 12:00,21.94799995
8557,22/06/2017 13:00,22.51099968
8558,22/06/2017 14:00,23.35499954
8559,22/06/2017 15:00,21.24500084
8560,22/06/2017 16:00,20.19000053
8561,22/06/2017 17:00,19.13400078
8562,22/06/2017 18:00,19.06399918
8563,22/06/2017 19:00,18.85300064
8564,22/06/2017 20:00,18.50099945
8565,22/06/2017 21:00,17.79800034
8566,22/06/2017 22:00,17.86800003
8567,22/06/2017 23:00,17.44599915
8568,23/06/2017 00:00,17.72699928
8569,23/06/2017 01:00,17.30500031
8570,23/06/2017 02:00,17.09399986
8571,23/06/2017 03:00,18.07900047
8572,23/06/2017 04:00,17.30500031
8573,23/06/2017 05:00,17.30500031
8574,23/06/2017 06:00,17.44599915
8575,23/06/2017 07:00,17.86800003
8576,23/06/2017 08:00,17.86800003
8577,23/06/2017 09:00,17.72699928
8578,23/06/2017 10:00,16.67200089
8579,23/06/2017 11:00,17.16500092
8580,23/06/2017 12:00,18.92300034
8581,23/06/2017 13:00,19.20499992
8582,23/06/2017 14:00,20.40099907
8583,23/06/2017 15:00,22.93300056
8584,23/06/2017 16:00,21.45599937
8585,23/06/2017 17:00,20.96299934
8586,23/06/2017 18:00,20.89299965
8587,23/06/2017 19:00,20.47100067
8588,23/06/2017 20:00,19.20499992
8589,23/06/2017 21:00,18.92300034
8590,23/06/2017 22:00,19.48600006
8591,23/06/2017 23:00,18.50099945
8592,24/06/2017 00:00,19.06399918
8593,24/06/2017 01:00,18.78300095
8594,24/06/2017 02:00,18.50099945
8595,24/06/2017 03:00,18.07900047
8596,24/06/2017 04:00,18.78300095
8597,24/06/2017 05:00,18.92300034
8598,24/06/2017 06:00,18.71199989
8599,24/06/2017 07:00,18.78300095
8600,24/06/2017 08:00,19.97900009
8601,24/06/2017 09:00,20.61199951
8602,24/06/2017 10:00,20.68199921
8603,24/06/2017 11:00,20.19000053
8604,24/06/2017 12:00,21.10400009
8605,24/06/2017 13:00,21.0340004
8606,24/06/2017 14:00,21.38500023
8607,24/06/2017 15:00,22.44099998
8608,24/06/2017 16:00,21.87800026
8609,24/06/2017 17:00,22.0890007
8610,24/06/2017 18:00,21.73699951
8611,24/06/2017 19:00,22.0890007
8612,24/06/2017 20:00,21.0340004
8613,24/06/2017 21:00,21.0340004
8614,24/06/2017 22:00,20.96299934
8615,24/06/2017 23:00,21.38500023
8616,25/06/2017 00:00,21.24500084
8617,25/06/2017 01:00,21.52599907
8618,25/06/2017 02:00,21.52599907
8619,25/06/2017 03:00,21.73699951
8620,25/06/2017 04:00,20.68199921
8621,25/06/2017 05:00,21.45599937
8622,25/06/2017 06:00,21.87800026
8623,25/06/2017 07:00,21.66699982
8624,25/06/2017 08:00,21.73699951
8625,25/06/2017 09:00,20.96299934
8626,25/06/2017 10:00,21.10400009
8627,25/06/2017 11:00,21.31500053
8628,25/06/2017 12:00,20.54100037
8629,25/06/2017 13:00,21.0340004
8630,25/06/2017 14:00,21.52599907
8631,25/06/2017 15:00,21.73699951
8632,25/06/2017 16:00,21.66699982
8633,25/06/2017 17:00,21.38500023
8634,25/06/2017 18:00,21.73699951
8635,25/06/2017 19:00,21.17399979
8636,25/06/2017 20:00,20.61199951
8637,25/06/2017 21:00,21.0340004
8638,25/06/2017 22:00,21.45599937
8639,25/06/2017 23:00,20.75200081
8640,26/06/2017 00:00,20.96299934
8641,26/06/2017 01:00,20.54100037
8642,26/06/2017 02:00,20.11899948
8643,26/06/2017 03:00,19.90800095
8644,26/06/2017 04:00,19.62700081
8645,26/06/2017 05:00,19.48600006
8646,26/06/2017 06:00,19.27499962
8647,26/06/2017 07:00,18.6420002
8648,26/06/2017 08:00,19.06399918
8649,26/06/2017 09:00,18.85300064
8650,26/06/2017 10:00,19.55599976
8651,26/06/2017 11:00,20.32999992
8652,26/06/2017 12:00,20.96299934
8653,26/06/2017 13:00,21.73699951
8654,26/06/2017 14:00,21.31500053
8655,26/06/2017 15:00,21.31500053
8656,26/06/2017 16:00,20.61199951
8657,26/06/2017 17:00,21.17399979
8658,26/06/2017 18:00,19.97900009
8659,26/06/2017 19:00,19.48600006
8660,26/06/2017 20:00,19.97900009
8661,26/06/2017 21:00,20.26000023
8662,26/06/2017 22:00,20.04899979
8663,26/06/2017 23:00,20.32999992
8664,27/06/2017 00:00,19.6970005
8665,27/06/2017 01:00,19.97900009
8666,27/06/2017 02:00,19.76799965
8667,27/06/2017 03:00,18.85300064
8668,27/06/2017 04:00,18.50099945
8669,27/06/2017 05:00,19.20499992
8670,27/06/2017 06:00,18.99399948
8671,27/06/2017 07:00,18.71199989
8672,27/06/2017 08:00,18.71199989
8673,27/06/2017 09:00,18.85300064
8674,27/06/2017 10:00,19.55599976
8675,27/06/2017 11:00,20.68199921
8676,27/06/2017 12:00,20.54100037
8677,27/06/2017 13:00,21.10400009
8678,27/06/2017 14:00,22.79199982
8679,27/06/2017 15:00,24.27000046
8680,27/06/2017 16:00,24.5510006
8681,27/06/2017 17:00,24.12899971
8682,27/06/2017 18:00,23.98800087
8683,27/06/2017 19:00,21.38500023
8684,27/06/2017 20:00,20.26000023
8685,27/06/2017 21:00,20.75200081
8686,27/06/2017 22:00,20.75200081
8687,27/06/2017 23:00,20.54100037
8688,28/06/2017 00:00,20.82299995
8689,28/06/2017 01:00,20.19000053
8690,28/06/2017 02:00,20.11899948
8691,28/06/2017 03:00,20.04899979
8692,28/06/2017 04:00,20.11899948
8693,28/06/2017 05:00,20.11899948
8694,28/06/2017 06:00,20.68199921
8695,28/06/2017 07:00,19.76799965
8696,28/06/2017 08:00,19.41600037
8697,28/06/2017 09:00,19.76799965
8698,28/06/2017 10:00,21.38500023
8699,28/06/2017 11:00,21.31500053
8700,28/06/2017 12:00,21.94799995
8701,28/06/2017 13:00,21.87800026
8702,28/06/2017 14:00,22.93300056
8703,28/06/2017 15:00,23.77700043
8704,28/06/2017 16:00,22.29999924
8705,28/06/2017 17:00,21.17399979
8706,28/06/2017 18:00,21.45599937
8707,28/06/2017 19:00,20.68199921
8708,28/06/2017 20:00,20.11899948
8709,28/06/2017 21:00,20.47100067
8710,28/06/2017 22:00,20.11899948
8711,28/06/2017 23:00,19.34499931
8712,29/06/2017 00:00,18.92300034
8713,29/06/2017 01:00,18.6420002
8714,29/06/2017 02:00,18.6420002
8715,29/06/2017 03:00,18.6420002
8716,29/06/2017 04:00,19.13400078
8717,29/06/2017 05:00,19.83799934
8718,29/06/2017 06:00,18.71199989
8719,29/06/2017 07:00,18.92300034
8720,29/06/2017 08:00,20.19000053
8721,29/06/2017 09:00,20.40099907
8722,29/06/2017 10:00,21.38500023
8723,29/06/2017 11:00,21.0340004
8724,29/06/2017 12:00,21.45599937
8725,29/06/2017 13:00,21.59700012
8726,29/06/2017 14:00,22.0890007
8727,29/06/2017 15:00,23.1439991
8728,29/06/2017 16:00,22.37000084
8729,29/06/2017 17:00,22.0890007
8730,29/06/2017 18:00,21.73699951
8731,29/06/2017 19:00,21.0340004
8732,29/06/2017 20:00,20.47100067
8733,29/06/2017 21:00,20.75200081
8734,29/06/2017 22:00,19.62700081
8735,29/06/2017 23:00,19.76799965
8736,30/06/2017 00:00,21.0340004
8737,30/06/2017 01:00,21.10400009
8738,30/06/2017 02:00,20.54100037
8739,30/06/2017 03:00,20.40099907
8740,30/06/2017 04:00,19.90800095
8741,30/06/2017 05:00,19.55599976
8742,30/06/2017 06:00,19.76799965
8743,30/06/2017 07:00,20.32999992
8744,30/06/2017 08:00,20.40099907
8745,30/06/2017 09:00,19.55599976
8746,30/06/2017 10:00,18.5720005
8747,30/06/2017 11:00,19.76799965
8748,30/06/2017 12:00,16.46100044
8749,30/06/2017 13:00,14.06900024
8750,30/06/2017 14:00,11.46700001
8751,30/06/2017 15:00,17.44599915
8752,30/06/2017 16:00,18.00900078
8753,30/06/2017 17:00,18.6420002
8754,30/06/2017 18:00,18.92300034
8755,30/06/2017 19:00,15.54699993
8756,30/06/2017 20:00,17.30500031
8757,30/06/2017 21:00,17.51600075
8758,30/06/2017 22:00,17.86800003
8759,30/06/2017 23:00,18.14999962
8760,01/07/2017 00:00,18.07900047
8761,01/07/2017 01:00,17.37599945
8762,01/07/2017 02:00,18.07900047
8763,01/07/2017 03:00,17.86800003
8764,01/07/2017 04:00,17.72699928
8765,01/07/2017 05:00,18.07900047
8766,01/07/2017 06:00,18.92300034
8767,01/07/2017 07:00,18.92300034
8768,01/07/2017 08:00,19.62700081
8769,01/07/2017 09:00,16.95400047
8770,01/07/2017 10:00,13.15499973
8771,01/07/2017 11:00,13.50699997
8772,01/07/2017 12:00,15.0539999
8773,01/07/2017 13:00,15.40600014
8774,01/07/2017 14:00,17.93799973
8775,01/07/2017 15:00,18.00900078
8776,01/07/2017 16:00,17.72699928
8777,01/07/2017 17:00,16.46100044
8778,01/07/2017 18:00,18.43099976
8779,01/07/2017 19:00,18.29000092
8780,01/07/2017 20:00,18.5720005
8781,01/07/2017 21:00,18.00900078
8782,01/07/2017 22:00,17.79800034
8783,01/07/2017 23:00,17.37599945
8784,02/07/2017 00:00,16.88299942
8785,02/07/2017 01:00,16.81299973
8786,02/07/2017 02:00,16.46100044
8787,02/07/2017 03:00,15.68700027
8788,02/07/2017 04:00,12.23999977
8789,02/07/2017 05:00,11.5369997
8790,02/07/2017 06:00,12.6619997
8791,02/07/2017 07:00,14.27999973
8792,02/07/2017 08:00,12.94400024
8793,02/07/2017 09:00,10.48200035
8794,02/07/2017 10:00,12.31099987
8795,02/07/2017 11:00,16.10899925
8796,02/07/2017 12:00,14.70300007
8797,02/07/2017 13:00,13.71800041
8798,02/07/2017 14:00,16.60199928
8799,02/07/2017 15:00,18.00900078
8800,02/07/2017 16:00,18.5720005
8801,02/07/2017 17:00,18.00900078
8802,02/07/2017 18:00,13.64700031
8803,02/07/2017 19:00,12.38099957
8804,02/07/2017 20:00,15.68700027
8805,02/07/2017 21:00,15.19499969
8806,02/07/2017 22:00,16.32099915
8807,02/07/2017 23:00,17.30500031
8808,03/07/2017 00:00,17.93799973
8809,03/07/2017 01:00,17.65699959
8810,03/07/2017 02:00,17.79800034
8811,03/07/2017 03:00,18.00900078
8812,03/07/2017 04:00,18.07900047
8813,03/07/2017 05:00,17.58699989
8814,03/07/2017 06:00,17.65699959
8815,03/07/2017 07:00,18.99399948
8816,03/07/2017 08:00,19.62700081
8817,03/07/2017 09:00,19.06399918
8818,03/07/2017 10:00,19.20499992
8819,03/07/2017 11:00,19.27499962
8820,03/07/2017 12:00,18.78300095
8821,03/07/2017 13:00,14.06900024
8822,03/07/2017 14:00,17.30500031
8823,03/07/2017 15:00,18.71199989
8824,03/07/2017 16:00,19.48600006
8825,03/07/2017 17:00,19.48600006
8826,03/07/2017 18:00,21.10400009
8827,03/07/2017 19:00,20.47100067
8828,03/07/2017 20:00,20.11899948
8829,03/07/2017 21:00,20.11899948
8830,03/07/2017 22:00,19.62700081
8831,03/07/2017 23:00,19.76799965
8832,04/07/2017 00:00,19.6970005
8833,04/07/2017 01:00,19.83799934
8834,04/07/2017 02:00,19.97900009
8835,04/07/2017 03:00,19.48600006
8836,04/07/2017 04:00,19.41600037
8837,04/07/2017 05:00,19.55599976
8838,04/07/2017 06:00,19.62700081
8839,04/07/2017 07:00,19.6970005
8840,04/07/2017 08:00,19.83799934
8841,04/07/2017 09:00,19.48600006
8842,04/07/2017 10:00,18.78300095
8843,04/07/2017 11:00,18.92300034
8844,04/07/2017 12:00,19.48600006
8845,04/07/2017 13:00,20.26000023
8846,04/07/2017 14:00,22.65200043
8847,04/07/2017 15:00,23.1439991
8848,04/07/2017 16:00,22.37000084
8849,04/07/2017 17:00,20.96299934
8850,04/07/2017 18:00,20.68199921
8851,04/07/2017 19:00,21.80800056
8852,04/07/2017 20:00,20.82299995
8853,04/07/2017 21:00,21.38500023
8854,04/07/2017 22:00,21.0340004
8855,04/07/2017 23:00,21.10400009
8856,05/07/2017 00:00,20.68199921
8857,05/07/2017 01:00,20.61199951
8858,05/07/2017 02:00,20.54100037
8859,05/07/2017 03:00,20.68199921
8860,05/07/2017 04:00,21.0340004
8861,05/07/2017 05:00,20.89299965
8862,05/07/2017 06:00,21.0340004
8863,05/07/2017 07:00,21.45599937
8864,05/07/2017 08:00,21.10400009
8865,05/07/2017 09:00,23.4260006
8866,05/07/2017 10:00,22.44099998
8867,05/07/2017 11:00,22.44099998
8868,05/07/2017 12:00,20.61199951
8869,05/07/2017 13:00,22.44099998
8870,05/07/2017 14:00,22.0890007
8871,05/07/2017 15:00,21.31500053
8872,05/07/2017 16:00,22.58099937
8873,05/07/2017 17:00,22.86300087
8874,05/07/2017 18:00,24.83200073
8875,05/07/2017 19:00,22.22999954
8876,05/07/2017 20:00,22.44099998
8877,05/07/2017 21:00,21.80800056
8878,05/07/2017 22:00,22.29999924
8879,05/07/2017 23:00,22.44099998
8880,06/07/2017 00:00,21.38500023
8881,06/07/2017 01:00,21.59700012
8882,06/07/2017 02:00,21.80800056
8883,06/07/2017 03:00,21.87800026
8884,06/07/2017 04:00,21.87800026
8885,06/07/2017 05:00,21.66699982
8886,06/07/2017 06:00,21.87800026
8887,06/07/2017 07:00,21.94799995
8888,06/07/2017 08:00,22.72200012
8889,06/07/2017 09:00,21.52599907
8890,06/07/2017 10:00,20.82299995
8891,06/07/2017 11:00,21.38500023
8892,06/07/2017 12:00,21.24500084
8893,06/07/2017 13:00,21.52599907
8894,06/07/2017 14:00,22.0189991
8895,06/07/2017 15:00,22.79199982
8896,06/07/2017 16:00,21.52599907
8897,06/07/2017 17:00,23.4260006
8898,06/07/2017 18:00,22.22999954
8899,06/07/2017 19:00,22.0189991
8900,06/07/2017 20:00,22.72200012
8901,06/07/2017 21:00,22.51099968
8902,06/07/2017 22:00,21.87800026
8903,06/07/2017 23:00,21.80800056
8904,07/07/2017 00:00,20.89299965
8905,07/07/2017 01:00,21.87800026
8906,07/07/2017 02:00,21.45599937
8907,07/07/2017 03:00,21.31500053
8908,07/07/2017 04:00,21.80800056
8909,07/07/2017 05:00,21.17399979
8910,07/07/2017 06:00,22.29999924
8911,07/07/2017 07:00,22.58099937
8912,07/07/2017 08:00,21.87800026
8913,07/07/2017 09:00,20.47100067
8914,07/07/2017 10:00,19.34499931
8915,07/07/2017 11:00,19.06399918
8916,07/07/2017 12:00,19.27499962
8917,07/07/2017 13:00,19.90800095
8918,07/07/2017 14:00,20.54100037
8919,07/07/2017 15:00,20.89299965
8920,07/07/2017 16:00,22.22999954
8921,07/07/2017 17:00,22.37000084
8922,07/07/2017 18:00,22.0189991
8923,07/07/2017 19:00,21.94799995
8924,07/07/2017 20:00,21.52599907
8925,07/07/2017 21:00,21.59700012
8926,07/07/2017 22:00,21.31500053
8927,07/07/2017 23:00,21.17399979
8928,08/07/2017 00:00,21.17399979
8929,08/07/2017 01:00,21.31500053
8930,08/07/2017 02:00,21.24500084
8931,08/07/2017 03:00,22.0890007
8932,08/07/2017 04:00,21.66699982
8933,08/07/2017 05:00,21.52599907
8934,08/07/2017 06:00,21.38500023
8935,08/07/2017 07:00,21.87800026
8936,08/07/2017 08:00,21.0340004
8937,08/07/2017 09:00,20.61199951
8938,08/07/2017 10:00,20.11899948
8939,08/07/2017 11:00,19.76799965
8940,08/07/2017 12:00,18.99399948
8941,08/07/2017 13:00,19.76799965
8942,08/07/2017 14:00,19.6970005
8943,08/07/2017 15:00,19.27499962
8944,08/07/2017 16:00,20.26000023
8945,08/07/2017 17:00,19.76799965
8946,08/07/2017 18:00,20.54100037
8947,08/07/2017 19:00,21.17399979
8948,08/07/2017 20:00,21.38500023
8949,08/07/2017 21:00,21.24500084
8950,08/07/2017 22:00,20.89299965
8951,08/07/2017 23:00,20.19000053
8952,09/07/2017 00:00,20.40099907
8953,09/07/2017 01:00,20.61199951
8954,09/07/2017 02:00,20.89299965
8955,09/07/2017 03:00,21.0340004
8956,09/07/2017 04:00,20.68199921
8957,09/07/2017 05:00,16.81299973
8958,09/07/2017 06:00,19.41600037
8959,09/07/2017 07:00,17.51600075
8960,09/07/2017 08:00,18.85300064
8961,09/07/2017 09:00,21.10400009
8962,09/07/2017 10:00,20.40099907
8963,09/07/2017 11:00,21.52599907
8964,09/07/2017 12:00,21.59700012
8965,09/07/2017 13:00,20.89299965
8966,09/07/2017 14:00,18.50099945
8967,09/07/2017 15:00,18.5720005
8968,09/07/2017 16:00,19.13400078
8969,09/07/2017 17:00,18.78300095
8970,09/07/2017 18:00,19.34499931
8971,09/07/2017 19:00,14.49100018
8972,09/07/2017 20:00,13.8579998
8973,09/07/2017 21:00,16.60199928
8974,09/07/2017 22:00,16.67200089
8975,09/07/2017 23:00,13.64700031
8976,10/07/2017 00:00,14.91399956
8977,10/07/2017 01:00,17.51600075
8978,10/07/2017 02:00,17.44599915
8979,10/07/2017 03:00,11.18500042
8980,10/07/2017 04:00,11.25599957
8981,10/07/2017 05:00,10.19999981
8982,10/07/2017 06:00,14.14000034
8983,10/07/2017 07:00,15.68700027
8984,10/07/2017 08:00,17.51600075
8985,10/07/2017 09:00,17.16500092
8986,10/07/2017 10:00,17.09399986
8987,10/07/2017 11:00,17.72699928
8988,10/07/2017 12:00,18.21999931
8989,10/07/2017 13:00,18.29000092
8990,10/07/2017 14:00,18.6420002
8991,10/07/2017 15:00,19.13400078
8992,10/07/2017 16:00,20.75200081
8993,10/07/2017 17:00,19.97900009
8994,10/07/2017 18:00,19.55599976
8995,10/07/2017 19:00,19.27499962
8996,10/07/2017 20:00,19.41600037
8997,10/07/2017 21:00,19.20499992
8998,10/07/2017 22:00,18.71199989
8999,10/07/2017 23:00,19.06399918
9000,11/07/2017 00:00,19.55599976
9001,11/07/2017 01:00,19.48600006
9002,11/07/2017 02:00,19.55599976
9003,11/07/2017 03:00,19.6970005
9004,11/07/2017 04:00,18.5720005
9005,11/07/2017 05:00,18.78300095
9006,11/07/2017 06:00,18.92300034
9007,11/07/2017 07:00,18.78300095
9008,11/07/2017 08:00,18.36100006
9009,11/07/2017 09:00,18.21999931
9010,11/07/2017 10:00,18.99399948
9011,11/07/2017 11:00,20.11899948
9012,11/07/2017 12:00,20.89299965
9013,11/07/2017 13:00,20.68199921
9014,11/07/2017 14:00,23.1439991
9015,11/07/2017 15:00,24.4810009
9016,11/07/2017 16:00,25.25499916
9017,11/07/2017 17:00,23.98800087
9018,11/07/2017 18:00,23.35499954
9019,11/07/2017 19:00,22.0890007
9020,11/07/2017 20:00,21.52599907
9021,11/07/2017 21:00,22.1590004
9022,11/07/2017 22:00,21.38500023
9023,11/07/2017 23:00,20.82299995
9024,12/07/2017 00:00,21.17399979
9025,12/07/2017 01:00,22.22999954
9026,12/07/2017 02:00,22.0890007
9027,12/07/2017 03:00,22.1590004
9028,12/07/2017 04:00,21.10400009
9029,12/07/2017 05:00,20.96299934
9030,12/07/2017 06:00,20.82299995
9031,12/07/2017 07:00,21.38500023
9032,12/07/2017 08:00,22.44099998
9033,12/07/2017 09:00,22.44099998
9034,12/07/2017 10:00,22.44099998
9035,12/07/2017 11:00,21.38500023
9036,12/07/2017 12:00,21.38500023
9037,12/07/2017 13:00,22.0890007
9038,12/07/2017 14:00,22.79199982
9039,12/07/2017 15:00,22.58099937
9040,12/07/2017 16:00,23.1439991
9041,12/07/2017 17:00,23.28499985
9042,12/07/2017 18:00,23.28499985
9043,12/07/2017 19:00,23.00300026
9044,12/07/2017 20:00,22.51099968
9045,12/07/2017 21:00,21.94799995
9046,12/07/2017 22:00,21.38500023
9047,12/07/2017 23:00,22.0890007
9048,13/07/2017 00:00,22.0890007
9049,13/07/2017 01:00,21.66699982
9050,13/07/2017 02:00,23.0739994
9051,13/07/2017 03:00,21.73699951
9052,13/07/2017 04:00,22.65200043
9053,13/07/2017 05:00,22.93300056
9054,13/07/2017 06:00,22.79199982
9055,13/07/2017 07:00,22.51099968
9056,13/07/2017 08:00,23.49600029
9057,13/07/2017 09:00,23.35499954
9058,13/07/2017 10:00,23.28499985
9059,13/07/2017 11:00,23.56599998
9060,13/07/2017 12:00,22.22999954
9061,13/07/2017 13:00,24.34000015
9062,13/07/2017 14:00,23.77700043
9063,13/07/2017 15:00,22.0890007
9064,13/07/2017 16:00,21.94799995
9065,13/07/2017 17:00,23.00300026
9066,13/07/2017 18:00,22.29999924
9067,13/07/2017 19:00,23.28499985
9068,13/07/2017 20:00,22.0189991
9069,13/07/2017 21:00,22.93300056
9070,13/07/2017 22:00,22.22999954
9071,13/07/2017 23:00,22.29999924
9072,14/07/2017 00:00,22.0189991
9073,14/07/2017 01:00,22.58099937
9074,14/07/2017 02:00,22.37000084
9075,14/07/2017 03:00,22.22999954
9076,14/07/2017 04:00,22.29999924
9077,14/07/2017 05:00,22.0189991
9078,14/07/2017 06:00,22.0189991
9079,14/07/2017 07:00,22.22999954
9080,14/07/2017 08:00,22.37000084
9081,14/07/2017 09:00,21.87800026
9082,14/07/2017 10:00,21.31500053
9083,14/07/2017 11:00,21.10400009
9084,14/07/2017 12:00,22.1590004
9085,14/07/2017 13:00,23.98800087
9086,14/07/2017 14:00,24.4810009
9087,14/07/2017 15:00,24.27000046
9088,14/07/2017 16:00,25.4659996
9089,14/07/2017 17:00,23.1439991
9090,14/07/2017 18:00,22.58099937
9091,14/07/2017 19:00,22.22999954
9092,14/07/2017 20:00,22.22999954
9093,14/07/2017 21:00,22.22999954
9094,14/07/2017 22:00,22.0189991
9095,14/07/2017 23:00,22.0189991
9096,15/07/2017 00:00,21.80800056
9097,15/07/2017 01:00,21.87800026
9098,15/07/2017 02:00,22.22999954
9099,15/07/2017 03:00,21.59700012
9100,15/07/2017 04:00,21.45599937
9101,15/07/2017 05:00,20.96299934
9102,15/07/2017 06:00,21.17399979
9103,15/07/2017 07:00,22.0890007
9104,15/07/2017 08:00,22.79199982
9105,15/07/2017 09:00,23.35499954
9106,15/07/2017 10:00,21.10400009
9107,15/07/2017 11:00,19.97900009
9108,15/07/2017 12:00,20.89299965
9109,15/07/2017 13:00,20.68199921
9110,15/07/2017 14:00,22.0890007
9111,15/07/2017 15:00,22.93300056
9112,15/07/2017 16:00,23.91799927
9113,15/07/2017 17:00,23.0739994
9114,15/07/2017 18:00,23.56599998
9115,15/07/2017 19:00,23.0739994
9116,15/07/2017 20:00,22.72200012
9117,15/07/2017 21:00,22.93300056
9118,15/07/2017 22:00,22.29999924
9119,15/07/2017 23:00,22.58099937
9120,16/07/2017 00:00,22.29999924
9121,16/07/2017 01:00,22.72200012
9122,16/07/2017 02:00,23.00300026
9123,16/07/2017 03:00,22.79199982
9124,16/07/2017 04:00,22.37000084
9125,16/07/2017 05:00,22.1590004
9126,16/07/2017 06:00,22.93300056
9127,16/07/2017 07:00,24.1989994
9128,16/07/2017 08:00,24.05900002
9129,16/07/2017 09:00,24.5510006
9130,16/07/2017 10:00,23.35499954
9131,16/07/2017 11:00,23.1439991
9132,16/07/2017 12:00,22.65200043
9133,16/07/2017 13:00,22.58099937
9134,16/07/2017 14:00,23.63699913
9135,16/07/2017 15:00,25.6060009
9136,16/07/2017 16:00,26.66200066
9137,16/07/2017 17:00,24.97299957
9138,16/07/2017 18:00,24.4810009
9139,16/07/2017 19:00,24.05900002
9140,16/07/2017 20:00,23.49600029
9141,16/07/2017 21:00,23.63699913
9142,16/07/2017 22:00,23.70700073
9143,16/07/2017 23:00,23.28499985
9144,17/07/2017 00:00,22.72200012
9145,17/07/2017 01:00,23.56599998
9146,17/07/2017 02:00,23.28499985
9147,17/07/2017 03:00,23.4260006
9148,17/07/2017 04:00,23.28499985
9149,17/07/2017 05:00,22.79199982
9150,17/07/2017 06:00,23.0739994
9151,17/07/2017 07:00,23.70700073
9152,17/07/2017 08:00,25.67700005
9153,17/07/2017 09:00,25.32500076
9154,17/07/2017 10:00,25.11400032
9155,17/07/2017 11:00,24.90299988
9156,17/07/2017 12:00,24.1989994
9157,17/07/2017 13:00,24.05900002
9158,17/07/2017 14:00,25.25499916
9159,17/07/2017 15:00,27.29500008
9160,17/07/2017 16:00,26.02799988
9161,17/07/2017 17:00,27.9279995
9162,17/07/2017 18:00,27.08399963
9163,17/07/2017 19:00,25.39500046
9164,17/07/2017 20:00,25.04400063
9165,17/07/2017 21:00,24.34000015
9166,17/07/2017 22:00,24.1989994
9167,17/07/2017 23:00,24.62100029
9168,18/07/2017 00:00,24.62100029
9169,18/07/2017 01:00,23.77700043
9170,18/07/2017 02:00,24.34000015
9171,18/07/2017 03:00,23.56599998
9172,18/07/2017 04:00,24.5510006
9173,18/07/2017 05:00,23.98800087
9174,18/07/2017 06:00,23.70700073
9175,18/07/2017 07:00,24.27000046
9176,18/07/2017 08:00,24.12899971
9177,18/07/2017 09:00,22.51099968
9178,18/07/2017 10:00,22.44099998
9179,18/07/2017 11:00,22.58099937
9180,18/07/2017 12:00,23.4260006
9181,18/07/2017 13:00,23.35499954
9182,18/07/2017 14:00,23.00300026
9183,18/07/2017 15:00,23.63699913
9184,18/07/2017 16:00,24.12899971
9185,18/07/2017 17:00,24.90299988
9186,18/07/2017 18:00,24.05900002
9187,18/07/2017 19:00,23.98800087
9188,18/07/2017 20:00,21.94799995
9189,18/07/2017 21:00,21.73699951
9190,18/07/2017 22:00,21.87800026
9191,18/07/2017 23:00,21.80800056
9192,19/07/2017 00:00,21.31500053
9193,19/07/2017 01:00,21.52599907
9194,19/07/2017 02:00,21.31500053
9195,19/07/2017 03:00,21.0340004
9196,19/07/2017 04:00,21.24500084
9197,19/07/2017 05:00,21.0340004
9198,19/07/2017 06:00,20.68199921
9199,19/07/2017 07:00,21.17399979
9200,19/07/2017 08:00,22.37000084
9201,19/07/2017 09:00,21.45599937
9202,19/07/2017 10:00,20.75200081
9203,19/07/2017 11:00,19.90800095
9204,19/07/2017 12:00,20.61199951
9205,19/07/2017 13:00,20.32999992
9206,19/07/2017 14:00,22.29999924
9207,19/07/2017 15:00,23.4260006
9208,19/07/2017 16:00,23.98800087
9209,19/07/2017 17:00,24.97299957
9210,19/07/2017 18:00,23.63699913
9211,19/07/2017 19:00,22.29999924
9212,19/07/2017 20:00,21.66699982
9213,19/07/2017 21:00,21.66699982
9214,19/07/2017 22:00,21.52599907
9215,19/07/2017 23:00,21.52599907
9216,20/07/2017 00:00,21.17399979
9217,20/07/2017 01:00,21.10400009
9218,20/07/2017 02:00,21.38500023
9219,20/07/2017 03:00,21.45599937
9220,20/07/2017 04:00,21.17399979
9221,20/07/2017 05:00,20.89299965
9222,20/07/2017 06:00,20.40099907
9223,20/07/2017 07:00,22.0890007
9224,20/07/2017 08:00,23.63699913
9225,20/07/2017 09:00,23.00300026
9226,20/07/2017 10:00,22.29999924
9227,20/07/2017 11:00,22.0890007
9228,20/07/2017 12:00,22.29999924
9229,20/07/2017 13:00,21.66699982
9230,20/07/2017 14:00,21.45599937
9231,20/07/2017 15:00,22.93300056
9232,20/07/2017 16:00,22.44099998
9233,20/07/2017 17:00,23.49600029
9234,20/07/2017 18:00,21.87800026
9235,20/07/2017 19:00,21.52599907
9236,20/07/2017 20:00,21.24500084
9237,20/07/2017 21:00,21.24500084
9238,20/07/2017 22:00,20.19000053
9239,20/07/2017 23:00,20.75200081
9240,21/07/2017 00:00,20.04899979
9241,21/07/2017 01:00,20.96299934
9242,21/07/2017 02:00,20.75200081
9243,21/07/2017 03:00,20.47100067
9244,21/07/2017 04:00,19.83799934
9245,21/07/2017 05:00,19.83799934
9246,21/07/2017 06:00,19.97900009
9247,21/07/2017 07:00,21.24500084
9248,21/07/2017 08:00,22.86300087
9249,21/07/2017 09:00,22.65200043
9250,21/07/2017 10:00,21.38500023
9251,21/07/2017 11:00,21.38500023
9252,21/07/2017 12:00,21.73699951
9253,21/07/2017 13:00,22.44099998
9254,21/07/2017 14:00,23.0739994
9255,21/07/2017 15:00,24.40999985
9256,21/07/2017 16:00,23.56599998
9257,21/07/2017 17:00,23.84799957
9258,21/07/2017 18:00,23.1439991
9259,21/07/2017 19:00,23.1439991
9260,21/07/2017 20:00,21.80800056
9261,21/07/2017 21:00,21.31500053
9262,21/07/2017 22:00,21.38500023
9263,21/07/2017 23:00,21.24500084
9264,22/07/2017 00:00,21.45599937
9265,22/07/2017 01:00,21.0340004
9266,22/07/2017 02:00,21.38500023
9267,22/07/2017 03:00,21.17399979
9268,22/07/2017 04:00,21.31500053
9269,22/07/2017 05:00,20.40099907
9270,22/07/2017 06:00,21.10400009
9271,22/07/2017 07:00,22.72200012
9272,22/07/2017 08:00,24.34000015
9273,22/07/2017 09:00,23.35499954
9274,22/07/2017 10:00,23.1439991
9275,22/07/2017 11:00,23.84799957
9276,22/07/2017 12:00,23.91799927
9277,22/07/2017 13:00,24.34000015
9278,22/07/2017 14:00,25.6060009
9279,22/07/2017 15:00,26.5909996
9280,22/07/2017 16:00,26.52099991
9281,22/07/2017 17:00,25.95800018
9282,22/07/2017 18:00,24.69199944
9283,22/07/2017 19:00,22.37000084
9284,22/07/2017 20:00,21.38500023
9285,22/07/2017 21:00,20.96299934
9286,22/07/2017 22:00,21.73699951
9287,22/07/2017 23:00,21.94799995
9288,23/07/2017 00:00,21.87800026
9289,23/07/2017 01:00,22.0890007
9290,23/07/2017 02:00,22.0890007
9291,23/07/2017 03:00,22.1590004
9292,23/07/2017 04:00,21.87800026
9293,23/07/2017 05:00,21.73699951
9294,23/07/2017 06:00,21.73699951
9295,23/07/2017 07:00,22.65200043
9296,23/07/2017 08:00,24.4810009
9297,23/07/2017 09:00,24.76199913
9298,23/07/2017 10:00,24.69199944
9299,23/07/2017 11:00,24.5510006
9300,23/07/2017 12:00,24.40999985
9301,23/07/2017 13:00,24.40999985
9302,23/07/2017 14:00,25.81699944
9303,23/07/2017 15:00,25.74699974
9304,23/07/2017 16:00,26.23900032
9305,23/07/2017 17:00,26.23900032
9306,23/07/2017 18:00,24.62100029
9307,23/07/2017 19:00,22.29999924
9308,23/07/2017 20:00,22.0890007
9309,23/07/2017 21:00,21.87800026
9310,23/07/2017 22:00,22.0189991
9311,23/07/2017 23:00,21.80800056
9312,24/07/2017 00:00,21.45599937
9313,24/07/2017 01:00,21.38500023
9314,24/07/2017 02:00,21.24500084
9315,24/07/2017 03:00,21.17399979
9316,24/07/2017 04:00,20.68199921
9317,24/07/2017 05:00,20.40099907
9318,24/07/2017 06:00,20.11899948
9319,24/07/2017 07:00,20.96299934
9320,24/07/2017 08:00,22.29999924
9321,24/07/2017 09:00,21.73699951
9322,24/07/2017 10:00,21.94799995
9323,24/07/2017 11:00,21.94799995
9324,24/07/2017 12:00,22.58099937
9325,24/07/2017 13:00,22.72200012
9326,24/07/2017 14:00,23.98800087
9327,24/07/2017 15:00,24.27000046
9328,24/07/2017 16:00,25.04400063
9329,24/07/2017 17:00,25.6060009
9330,24/07/2017 18:00,24.12899971
9331,24/07/2017 19:00,22.86300087
9332,24/07/2017 20:00,22.22999954
9333,24/07/2017 21:00,21.73699951
9334,24/07/2017 22:00,21.45599937
9335,24/07/2017 23:00,21.45599937
9336,25/07/2017 00:00,21.0340004
9337,25/07/2017 01:00,20.61199951
9338,25/07/2017 02:00,20.75200081
9339,25/07/2017 03:00,20.47100067
9340,25/07/2017 04:00,20.26000023
9341,25/07/2017 05:00,19.83799934
9342,25/07/2017 06:00,19.34499931
9343,25/07/2017 07:00,20.26000023
9344,25/07/2017 08:00,21.94799995
9345,25/07/2017 09:00,22.1590004
9346,25/07/2017 10:00,22.29999924
9347,25/07/2017 11:00,22.58099937
9348,25/07/2017 12:00,22.79199982
9349,25/07/2017 13:00,23.63699913
9350,25/07/2017 14:00,24.40999985
9351,25/07/2017 15:00,25.39500046
9352,25/07/2017 16:00,25.81699944
9353,25/07/2017 17:00,25.95800018
9354,25/07/2017 18:00,23.63699913
9355,25/07/2017 19:00,22.37000084
9356,25/07/2017 20:00,21.87800026
9357,25/07/2017 21:00,21.24500084
9358,25/07/2017 22:00,20.96299934
9359,25/07/2017 23:00,21.45599937
9360,26/07/2017 00:00,21.24500084
9361,26/07/2017 01:00,21.24500084
9362,26/07/2017 02:00,21.10400009
9363,26/07/2017 03:00,20.47100067
9364,26/07/2017 04:00,20.32999992
9365,26/07/2017 05:00,19.62700081
9366,26/07/2017 06:00,19.13400078
9367,26/07/2017 07:00,19.20499992
9368,26/07/2017 08:00,19.34499931
9369,26/07/2017 09:00,20.11899948
9370,26/07/2017 10:00,20.19000053
9371,26/07/2017 11:00,20.82299995
9372,26/07/2017 12:00,21.38500023
9373,26/07/2017 13:00,22.0890007
9374,26/07/2017 14:00,23.63699913
9375,26/07/2017 15:00,24.62100029
9376,26/07/2017 16:00,25.74699974
9377,26/07/2017 17:00,24.27000046
9378,26/07/2017 18:00,23.28499985
9379,26/07/2017 19:00,21.87800026
9380,26/07/2017 20:00,21.52599907
9381,26/07/2017 21:00,21.0340004
9382,26/07/2017 22:00,20.75200081
9383,26/07/2017 23:00,21.0340004
9384,27/07/2017 00:00,20.82299995
9385,27/07/2017 01:00,20.47100067
9386,27/07/2017 02:00,20.61199951
9387,27/07/2017 03:00,20.47100067
9388,27/07/2017 04:00,20.19000053
9389,27/07/2017 05:00,20.11899948
9390,27/07/2017 06:00,19.62700081
9391,27/07/2017 07:00,20.40099907
9392,27/07/2017 08:00,21.0340004
9393,27/07/2017 09:00,21.66699982
9394,27/07/2017 10:00,21.80800056
9395,27/07/2017 11:00,22.51099968
9396,27/07/2017 12:00,23.35499954
9397,27/07/2017 13:00,23.63699913
9398,27/07/2017 14:00,24.40999985
9399,27/07/2017 15:00,24.4810009
9400,27/07/2017 16:00,25.25499916
9401,27/07/2017 17:00,24.90299988
9402,27/07/2017 18:00,23.84799957
9403,27/07/2017 19:00,22.93300056
9404,27/07/2017 20:00,22.44099998
9405,27/07/2017 21:00,22.1590004
9406,27/07/2017 22:00,21.87800026
9407,27/07/2017 23:00,21.52599907
9408,28/07/2017 00:00,20.96299934
9409,28/07/2017 01:00,21.17399979
9410,28/07/2017 02:00,20.61199951
9411,28/07/2017 03:00,20.32999992
9412,28/07/2017 04:00,20.11899948
9413,28/07/2017 05:00,19.62700081
9414,28/07/2017 06:00,19.27499962
9415,28/07/2017 07:00,19.62700081
9416,28/07/2017 08:00,20.61199951
9417,28/07/2017 09:00,20.82299995
9418,28/07/2017 10:00,21.24500084
9419,28/07/2017 11:00,21.59700012
9420,28/07/2017 12:00,21.73699951
9421,28/07/2017 13:00,22.22999954
9422,28/07/2017 14:00,23.1439991
9423,28/07/2017 15:00,24.05900002
9424,28/07/2017 16:00,24.90299988
9425,28/07/2017 17:00,24.34000015
9426,28/07/2017 18:00,23.63699913
9427,28/07/2017 19:00,22.44099998
9428,28/07/2017 20:00,22.0189991
9429,28/07/2017 21:00,21.66699982
9430,28/07/2017 22:00,21.38500023
9431,28/07/2017 23:00,21.24500084
9432,29/07/2017 00:00,20.68199921
9433,29/07/2017 01:00,20.19000053
9434,29/07/2017 02:00,19.97900009
9435,29/07/2017 03:00,19.48600006
9436,29/07/2017 04:00,19.55599976
9437,29/07/2017 05:00,19.27499962
9438,29/07/2017 06:00,18.78300095
9439,29/07/2017 07:00,19.13400078
9440,29/07/2017 08:00,19.48600006
9441,29/07/2017 09:00,19.90800095
9442,29/07/2017 10:00,19.97900009
9443,29/07/2017 11:00,20.54100037
9444,29/07/2017 12:00,20.68199921
9445,29/07/2017 13:00,20.96299934
9446,29/07/2017 14:00,22.22999954
9447,29/07/2017 15:00,22.86300087
9448,29/07/2017 16:00,23.4260006
9449,29/07/2017 17:00,23.00300026
9450,29/07/2017 18:00,22.0890007
9451,29/07/2017 19:00,21.17399979
9452,29/07/2017 20:00,20.61199951
9453,29/07/2017 21:00,20.19000053
9454,29/07/2017 22:00,19.90800095
9455,29/07/2017 23:00,19.76799965
9456,30/07/2017 00:00,19.41600037
9457,30/07/2017 01:00,19.20499992
9458,30/07/2017 02:00,19.20499992
9459,30/07/2017 03:00,18.78300095
9460,30/07/2017 04:00,18.6420002
9461,30/07/2017 05:00,18.29000092
9462,30/07/2017 06:00,18.07900047
9463,30/07/2017 07:00,18.5720005
9464,30/07/2017 08:00,19.34499931
9465,30/07/2017 09:00,19.62700081
9466,30/07/2017 10:00,19.20499992
9467,30/07/2017 11:00,19.27499962
9468,30/07/2017 12:00,19.6970005
9469,30/07/2017 13:00,19.76799965
9470,30/07/2017 14:00,19.83799934
9471,30/07/2017 15:00,20.82299995
9472,30/07/2017 16:00,19.06399918
9473,30/07/2017 17:00,18.29000092
9474,30/07/2017 18:00,17.86800003
9475,30/07/2017 19:00,11.81799984
9476,30/07/2017 20:00,15.89799976
9477,30/07/2017 21:00,16.18000031
9478,30/07/2017 22:00,16.46100044
9479,30/07/2017 23:00,16.74300003
9480,31/07/2017 00:00,16.88299942
9481,31/07/2017 01:00,16.88299942
9482,31/07/2017 02:00,16.88299942
9483,31/07/2017 03:00,16.88299942
9484,31/07/2017 04:00,16.88299942
9485,31/07/2017 05:00,16.88299942
9486,31/07/2017 06:00,16.88299942
9487,31/07/2017 07:00,16.88299942
9488,31/07/2017 08:00,16.88299942
9489,31/07/2017 09:00,16.88299942
9490,31/07/2017 10:00,16.88299942
9491,31/07/2017 11:00,16.88299942
9492,31/07/2017 12:00,16.88299942
9493,31/07/2017 13:00,16.88299942
9494,31/07/2017 14:00,16.88299942
9495,31/07/2017 15:00,16.88299942
9496,31/07/2017 16:00,16.88299942
9497,31/07/2017 17:00,16.88299942
9498,31/07/2017 18:00,16.88299942
9499,31/07/2017 19:00,16.88299942
9500,31/07/2017 20:00,16.88299942
9501,31/07/2017 21:00,16.88299942
9502,31/07/2017 22:00,16.88299942
9503,31/07/2017 23:00,16.88299942
9504,01/08/2017 00:00,17.86800003
9505,01/08/2017 01:00,17.79800034
9506,01/08/2017 02:00,17.51600075
9507,01/08/2017 03:00,17.79800034
9508,01/08/2017 04:00,17.09399986
9509,01/08/2017 05:00,16.67200089
9510,01/08/2017 06:00,16.74300003
9511,01/08/2017 07:00,16.60199928
9512,01/08/2017 08:00,17.02400017
9513,01/08/2017 09:00,16.25
9514,01/08/2017 10:00,16.46100044
9515,01/08/2017 11:00,16.25
9516,01/08/2017 12:00,17.16500092
9517,01/08/2017 13:00,17.44599915
9518,01/08/2017 14:00,18.43099976
9519,01/08/2017 15:00,17.58699989
9520,01/08/2017 16:00,17.23500061
9521,01/08/2017 17:00,16.81299973
9522,01/08/2017 18:00,16.25
9523,01/08/2017 19:00,15.82800007
9524,01/08/2017 20:00,15.89799976
9525,01/08/2017 21:00,16.32099915
9526,01/08/2017 22:00,16.67200089
9527,01/08/2017 23:00,15.54699993
9528,02/08/2017 00:00,15.75800037
9529,02/08/2017 01:00,14.84300041
9530,02/08/2017 02:00,15.0539999
9531,02/08/2017 03:00,15.26500034
9532,02/08/2017 04:00,14.77299976
9533,02/08/2017 05:00,15.125
9534,02/08/2017 06:00,12.94400024
9535,02/08/2017 07:00,14.21000004
9536,02/08/2017 08:00,14.84300041
9537,02/08/2017 09:00,15.47599983
9538,02/08/2017 10:00,15.54699993
9539,02/08/2017 11:00,15.82800007
9540,02/08/2017 12:00,15.96899986
9541,02/08/2017 13:00,16.53199959
9542,02/08/2017 14:00,14.91399956
9543,02/08/2017 15:00,16.10899925
9544,02/08/2017 16:00,16.46100044
9545,02/08/2017 17:00,15.47599983
9546,02/08/2017 18:00,12.80300045
9547,02/08/2017 19:00,12.94400024
9548,02/08/2017 20:00,13.43599987
9549,02/08/2017 21:00,15.61699963
9550,02/08/2017 22:00,16.39100075
9551,02/08/2017 23:00,14.70300007
9552,03/08/2017 00:00,12.80300045
9553,03/08/2017 01:00,12.94400024
9554,03/08/2017 02:00,12.02900028
9555,03/08/2017 03:00,15.33600044
9556,03/08/2017 04:00,15.89799976
9557,03/08/2017 05:00,16.32099915
9558,03/08/2017 06:00,16.32099915
9559,03/08/2017 07:00,16.95400047
9560,03/08/2017 08:00,17.58699989
9561,03/08/2017 09:00,16.88299942
9562,03/08/2017 10:00,17.30500031
9563,03/08/2017 11:00,16.95400047
9564,03/08/2017 12:00,16.95400047
9565,03/08/2017 13:00,17.16500092
9566,03/08/2017 14:00,13.9989996
9567,03/08/2017 15:00,14.84300041
9568,03/08/2017 16:00,17.09399986
9569,03/08/2017 17:00,17.09399986
9570,03/08/2017 18:00,17.16500092
9571,03/08/2017 19:00,16.88299942
9572,03/08/2017 20:00,16.81299973
9573,03/08/2017 21:00,16.60199928
9574,03/08/2017 22:00,16.67200089
9575,03/08/2017 23:00,16.53199959
9576,04/08/2017 00:00,16.81299973
9577,04/08/2017 01:00,16.46100044
9578,04/08/2017 02:00,16.60199928
9579,04/08/2017 03:00,16.60199928
9580,04/08/2017 04:00,16.67200089
9581,04/08/2017 05:00,16.32099915
9582,04/08/2017 06:00,16.60199928
9583,04/08/2017 07:00,17.23500061
9584,04/08/2017 08:00,18.00900078
9585,04/08/2017 09:00,18.36100006
9586,04/08/2017 10:00,18.78300095
9587,04/08/2017 11:00,19.62700081
9588,04/08/2017 12:00,17.79800034
9589,04/08/2017 13:00,14.35099983
9590,04/08/2017 14:00,19.90800095
9591,04/08/2017 15:00,20.54100037
9592,04/08/2017 16:00,20.26000023
9593,04/08/2017 17:00,21.45599937
9594,04/08/2017 18:00,20.68199921
9595,04/08/2017 19:00,19.27499962
9596,04/08/2017 20:00,18.85300064
9597,04/08/2017 21:00,18.99399948
9598,04/08/2017 22:00,18.99399948
9599,04/08/2017 23:00,18.78300095
9600,05/08/2017 00:00,19.41600037
9601,05/08/2017 01:00,19.48600006
9602,05/08/2017 02:00,19.48600006
9603,05/08/2017 03:00,19.62700081
9604,05/08/2017 04:00,19.34499931
9605,05/08/2017 05:00,19.06399918
9606,05/08/2017 06:00,19.20499992
9607,05/08/2017 07:00,20.19000053
9608,05/08/2017 08:00,20.47100067
9609,05/08/2017 09:00,20.40099907
9610,05/08/2017 10:00,20.68199921
9611,05/08/2017 11:00,20.75200081
9612,05/08/2017 12:00,21.0340004
9613,05/08/2017 13:00,21.45599937
9614,05/08/2017 14:00,21.52599907
9615,05/08/2017 15:00,23.1439991
9616,05/08/2017 16:00,22.93300056
9617,05/08/2017 17:00,21.66699982
9618,05/08/2017 18:00,20.96299934
9619,05/08/2017 19:00,20.89299965
9620,05/08/2017 20:00,19.90800095
9621,05/08/2017 21:00,19.97900009
9622,05/08/2017 22:00,19.83799934
9623,05/08/2017 23:00,19.90800095
9624,06/08/2017 00:00,19.48600006
9625,06/08/2017 01:00,19.06399918
9626,06/08/2017 02:00,18.78300095
9627,06/08/2017 03:00,18.99399948
9628,06/08/2017 04:00,19.20499992
9629,06/08/2017 05:00,18.78300095
9630,06/08/2017 06:00,18.5720005
9631,06/08/2017 07:00,18.85300064
9632,06/08/2017 08:00,19.27499962
9633,06/08/2017 09:00,19.90800095
9634,06/08/2017 10:00,20.68199921
9635,06/08/2017 11:00,20.82299995
9636,06/08/2017 12:00,20.96299934
9637,06/08/2017 13:00,21.38500023
9638,06/08/2017 14:00,22.44099998
9639,06/08/2017 15:00,23.28499985
9640,06/08/2017 16:00,23.4260006
9641,06/08/2017 17:00,23.0739994
9642,06/08/2017 18:00,21.87800026
9643,06/08/2017 19:00,20.82299995
9644,06/08/2017 20:00,20.89299965
9645,06/08/2017 21:00,20.89299965
9646,06/08/2017 22:00,21.0340004
9647,06/08/2017 23:00,21.0340004
9648,07/08/2017 00:00,20.89299965
9649,07/08/2017 01:00,20.96299934
9650,07/08/2017 02:00,20.96299934
9651,07/08/2017 03:00,20.75200081
9652,07/08/2017 04:00,20.75200081
9653,07/08/2017 05:00,20.47100067
9654,07/08/2017 06:00,20.40099907
9655,07/08/2017 07:00,21.10400009
9656,07/08/2017 08:00,21.0340004
9657,07/08/2017 09:00,21.17399979
9658,07/08/2017 10:00,21.80800056
9659,07/08/2017 11:00,22.0890007
9660,07/08/2017 12:00,21.94799995
9661,07/08/2017 13:00,22.79199982
9662,07/08/2017 14:00,23.0739994
9663,07/08/2017 15:00,22.51099968
9664,07/08/2017 16:00,21.45599937
9665,07/08/2017 17:00,21.66699982
9666,07/08/2017 18:00,20.96299934
9667,07/08/2017 19:00,20.82299995
9668,07/08/2017 20:00,19.90800095
9669,07/08/2017 21:00,20.19000053
9670,07/08/2017 22:00,20.40099907
9671,07/08/2017 23:00,17.44599915
9672,08/08/2017 00:00,14.84300041
9673,08/08/2017 01:00,18.21999931
9674,08/08/2017 02:00,18.00900078
9675,08/08/2017 03:00,17.44599915
9676,08/08/2017 04:00,18.00900078
9677,08/08/2017 05:00,17.72699928
9678,08/08/2017 06:00,17.30500031
9679,08/08/2017 07:00,17.02400017
9680,08/08/2017 08:00,16.32099915
9681,08/08/2017 09:00,11.95899963
9682,08/08/2017 10:00,12.94400024
9683,08/08/2017 11:00,11.5369997
9684,08/08/2017 12:00,14.70300007
9685,08/08/2017 13:00,12.38099957
9686,08/08/2017 14:00,15.75800037
9687,08/08/2017 15:00,14.06900024
9688,08/08/2017 16:00,10.83300018
9689,08/08/2017 17:00,10.76299953
9690,08/08/2017 18:00,13.01399994
9691,08/08/2017 19:00,15.19499969
9692,08/08/2017 20:00,14.49100018
9693,08/08/2017 21:00,12.8739996
9694,08/08/2017 22:00,14.84300041
9695,08/08/2017 23:00,15.0539999
9696,09/08/2017 00:00,15.26500034
9697,09/08/2017 01:00,15.33600044
9698,09/08/2017 02:00,15.0539999
9699,09/08/2017 03:00,15.0539999
9700,09/08/2017 04:00,14.98400021
9701,09/08/2017 05:00,12.31099987
9702,09/08/2017 06:00,11.67800045
9703,09/08/2017 07:00,11.5369997
9704,09/08/2017 08:00,14.70300007
9705,09/08/2017 09:00,15.54699993
9706,09/08/2017 10:00,15.89799976
9707,09/08/2017 11:00,15.82800007
9708,09/08/2017 12:00,15.82800007
9709,09/08/2017 13:00,16.10899925
9710,09/08/2017 14:00,16.67200089
9711,09/08/2017 15:00,16.81299973
9712,09/08/2017 16:00,16.53199959
9713,09/08/2017 17:00,17.09399986
9714,09/08/2017 18:00,16.74300003
9715,09/08/2017 19:00,15.61699963
9716,09/08/2017 20:00,15.75800037
9717,09/08/2017 21:00,15.82800007
9718,09/08/2017 22:00,15.68700027
9719,09/08/2017 23:00,15.33600044
9720,10/08/2017 00:00,15.96899986
9721,10/08/2017 01:00,15.61699963
9722,10/08/2017 02:00,15.54699993
9723,10/08/2017 03:00,15.68700027
9724,10/08/2017 04:00,15.54699993
9725,10/08/2017 05:00,15.54699993
9726,10/08/2017 06:00,15.54699993
9727,10/08/2017 07:00,15.61699963
9728,10/08/2017 08:00,16.60199928
9729,10/08/2017 09:00,16.46100044
9730,10/08/2017 10:00,16.74300003
9731,10/08/2017 11:00,17.65699959
9732,10/08/2017 12:00,18.00900078
9733,10/08/2017 13:00,18.21999931
9734,10/08/2017 14:00,19.76799965
9735,10/08/2017 15:00,20.47100067
9736,10/08/2017 16:00,21.17399979
9737,10/08/2017 17:00,21.17399979
9738,10/08/2017 18:00,19.41600037
9739,10/08/2017 19:00,18.43099976
9740,10/08/2017 20:00,18.00900078
9741,10/08/2017 21:00,17.44599915
9742,10/08/2017 22:00,17.93799973
9743,10/08/2017 23:00,17.58699989
9744,11/08/2017 00:00,17.65699959
9745,11/08/2017 01:00,17.30500031
9746,11/08/2017 02:00,17.09399986
9747,11/08/2017 03:00,16.88299942
9748,11/08/2017 04:00,17.02400017
9749,11/08/2017 05:00,16.46100044
9750,11/08/2017 06:00,16.53199959
9751,11/08/2017 07:00,17.16500092
9752,11/08/2017 08:00,18.00900078
9753,11/08/2017 09:00,18.50099945
9754,11/08/2017 10:00,19.20499992
9755,11/08/2017 11:00,18.6420002
9756,11/08/2017 12:00,19.48600006
9757,11/08/2017 13:00,20.11899948
9758,11/08/2017 14:00,20.26000023
9759,11/08/2017 15:00,19.55599976
9760,11/08/2017 16:00,19.34499931
9761,11/08/2017 17:00,19.34499931
9762,11/08/2017 18:00,18.50099945
9763,11/08/2017 19:00,17.93799973
9764,11/08/2017 20:00,17.58699989
9765,11/08/2017 21:00,17.65699959
9766,11/08/2017 22:00,17.65699959
9767,11/08/2017 23:00,17.02400017
9768,12/08/2017 00:00,17.51600075
9769,12/08/2017 01:00,17.44599915
9770,12/08/2017 02:00,17.58699989
9771,12/08/2017 03:00,16.25
9772,12/08/2017 04:00,17.02400017
9773,12/08/2017 05:00,16.81299973
9774,12/08/2017 06:00,15.47599983
9775,12/08/2017 07:00,13.29599953
9776,12/08/2017 08:00,14.70300007
9777,12/08/2017 09:00,13.22500038
9778,12/08/2017 10:00,10.19999981
9779,12/08/2017 11:00,9.98900032
9780,12/08/2017 12:00,13.01399994
9781,12/08/2017 13:00,10.97399998
9782,12/08/2017 14:00,14.06900024
9783,12/08/2017 15:00,12.59200001
9784,12/08/2017 16:00,10.83300018
9785,12/08/2017 17:00,11.32600021
9786,12/08/2017 18:00,12.02900028
9787,12/08/2017 19:00,14.77299976
9788,12/08/2017 20:00,14.98400021
9789,12/08/2017 21:00,14.91399956
9790,12/08/2017 22:00,14.98400021
9791,12/08/2017 23:00,14.84300041
9792,13/08/2017 00:00,14.84300041
9793,13/08/2017 01:00,14.91399956
9794,13/08/2017 02:00,15.0539999
9795,13/08/2017 03:00,15.26500034
9796,13/08/2017 04:00,15.0539999
9797,13/08/2017 05:00,15.40600014
9798,13/08/2017 06:00,15.61699963
9799,13/08/2017 07:00,14.91399956
9800,13/08/2017 08:00,12.02900028
9801,13/08/2017 09:00,14.91399956
9802,13/08/2017 10:00,13.08500004
9803,13/08/2017 11:00,13.36600018
9804,13/08/2017 12:00,14.84300041
9805,13/08/2017 13:00,14.49100018
9806,13/08/2017 14:00,15.47599983
9807,13/08/2017 15:00,15.89799976
9808,13/08/2017 16:00,15.54699993
9809,13/08/2017 17:00,15.61699963
9810,13/08/2017 18:00,15.75800037
9811,13/08/2017 19:00,15.125
9812,13/08/2017 20:00,14.49100018
9813,13/08/2017 21:00,12.38099957
9814,13/08/2017 22:00,14.27999973
9815,13/08/2017 23:00,14.98400021
9816,14/08/2017 00:00,15.0539999
9817,14/08/2017 01:00,15.33600044
9818,14/08/2017 02:00,15.26500034
9819,14/08/2017 03:00,15.40600014
9820,14/08/2017 04:00,15.33600044
9821,14/08/2017 05:00,14.77299976
9822,14/08/2017 06:00,15.33600044
9823,14/08/2017 07:00,15.40600014
9824,14/08/2017 08:00,15.68700027
9825,14/08/2017 09:00,15.47599983
9826,14/08/2017 10:00,15.68700027
9827,14/08/2017 11:00,16.25
9828,14/08/2017 12:00,16.53199959
9829,14/08/2017 13:00,16.10899925
9830,14/08/2017 14:00,15.89799976
9831,14/08/2017 15:00,14.14000034
9832,14/08/2017 16:00,15.26500034
9833,14/08/2017 17:00,11.81799984
9834,14/08/2017 18:00,11.46700001
9835,14/08/2017 19:00,12.02900028
9836,14/08/2017 20:00,14.27999973
9837,14/08/2017 21:00,14.70300007
9838,14/08/2017 22:00,14.84300041
9839,14/08/2017 23:00,14.77299976
9840,15/08/2017 00:00,14.70300007
9841,15/08/2017 01:00,14.56200027
9842,15/08/2017 02:00,14.77299976
9843,15/08/2017 03:00,14.70300007
9844,15/08/2017 04:00,14.42099953
9845,15/08/2017 05:00,14.49100018
9846,15/08/2017 06:00,14.35099983
9847,15/08/2017 07:00,14.42099953
9848,15/08/2017 08:00,14.98400021
9849,15/08/2017 09:00,15.47599983
9850,15/08/2017 10:00,15.96899986
9851,15/08/2017 11:00,15.33600044
9852,15/08/2017 12:00,15.75800037
9853,15/08/2017 13:00,16.74300003
9854,15/08/2017 14:00,17.79800034
9855,15/08/2017 15:00,18.00900078
9856,15/08/2017 16:00,18.50099945
9857,15/08/2017 17:00,18.71199989
9858,15/08/2017 18:00,17.65699959
9859,15/08/2017 19:00,16.46100044
9860,15/08/2017 20:00,16.39100075
9861,15/08/2017 21:00,16.32099915
9862,15/08/2017 22:00,16.25
9863,15/08/2017 23:00,16.18000031
9864,16/08/2017 00:00,16.25
9865,16/08/2017 01:00,16.25
9866,16/08/2017 02:00,15.96899986
9867,16/08/2017 03:00,16.39100075
9868,16/08/2017 04:00,16.03899956
9869,16/08/2017 05:00,16.25
9870,16/08/2017 06:00,11.46700001
9871,16/08/2017 07:00,10.55200005
9872,16/08/2017 08:00,9.355999947
9873,16/08/2017 09:00,10.83300018
9874,16/08/2017 10:00,12.45100021
9875,16/08/2017 11:00,14.49100018
9876,16/08/2017 12:00,14.49100018
9877,16/08/2017 13:00,14.77299976
9878,16/08/2017 14:00,16.46100044
9879,16/08/2017 15:00,17.23500061
9880,16/08/2017 16:00,18.5720005
9881,16/08/2017 17:00,17.30500031
9882,16/08/2017 18:00,16.10899925
9883,16/08/2017 19:00,15.33600044
9884,16/08/2017 20:00,14.98400021
9885,16/08/2017 21:00,14.35099983
9886,16/08/2017 22:00,14.77299976
9887,16/08/2017 23:00,14.77299976
9888,17/08/2017 00:00,14.49100018
9889,17/08/2017 01:00,14.35099983
9890,17/08/2017 02:00,14.84300041
9891,17/08/2017 03:00,14.91399956
9892,17/08/2017 04:00,14.91399956
9893,17/08/2017 05:00,14.63199997
9894,17/08/2017 06:00,14.49100018
9895,17/08/2017 07:00,14.91399956
9896,17/08/2017 08:00,16.46100044
9897,17/08/2017 09:00,17.02400017
9898,17/08/2017 10:00,17.51600075
9899,17/08/2017 11:00,17.30500031
9900,17/08/2017 12:00,17.23500061
9901,17/08/2017 13:00,18.29000092
9902,17/08/2017 14:00,18.5720005
9903,17/08/2017 15:00,19.06399918
9904,17/08/2017 16:00,19.34499931
9905,17/08/2017 17:00,18.92300034
9906,17/08/2017 18:00,17.65699959
9907,17/08/2017 19:00,17.23500061
9908,17/08/2017 20:00,17.09399986
9909,17/08/2017 21:00,16.39100075
9910,17/08/2017 22:00,16.46100044
9911,17/08/2017 23:00,15.89799976
9912,18/08/2017 00:00,16.10899925
9913,18/08/2017 01:00,16.03899956
9914,18/08/2017 02:00,16.18000031
9915,18/08/2017 03:00,15.89799976
9916,18/08/2017 04:00,15.75800037
9917,18/08/2017 05:00,15.89799976
9918,18/08/2017 06:00,15.68700027
9919,18/08/2017 07:00,17.16500092
9920,18/08/2017 08:00,17.30500031
9921,18/08/2017 09:00,17.23500061
9922,18/08/2017 10:00,18.00900078
9923,18/08/2017 11:00,17.86800003
9924,18/08/2017 12:00,18.50099945
9925,18/08/2017 13:00,19.20499992
9926,18/08/2017 14:00,19.6970005
9927,18/08/2017 15:00,19.83799934
9928,18/08/2017 16:00,19.6970005
9929,18/08/2017 17:00,19.41600037
9930,18/08/2017 18:00,18.6420002
9931,18/08/2017 19:00,18.07900047
9932,18/08/2017 20:00,17.79800034
9933,18/08/2017 21:00,17.79800034
9934,18/08/2017 22:00,17.79800034
9935,18/08/2017 23:00,17.16500092
9936,19/08/2017 00:00,17.30500031
9937,19/08/2017 01:00,17.16500092
9938,19/08/2017 02:00,17.09399986
9939,19/08/2017 03:00,17.09399986
9940,19/08/2017 04:00,17.02400017
9941,19/08/2017 05:00,16.95400047
9942,19/08/2017 06:00,16.67200089
9943,19/08/2017 07:00,17.58699989
9944,19/08/2017 08:00,18.21999931
9945,19/08/2017 09:00,18.00900078
9946,19/08/2017 10:00,18.78300095
9947,19/08/2017 11:00,17.86800003
9948,19/08/2017 12:00,19.06399918
9949,19/08/2017 13:00,19.20499992
9950,19/08/2017 14:00,19.6970005
9951,19/08/2017 15:00,20.19000053
9952,19/08/2017 16:00,18.92300034
9953,19/08/2017 17:00,17.93799973
9954,19/08/2017 18:00,16.46100044
9955,19/08/2017 19:00,11.81799984
9956,19/08/2017 20:00,9.425999641
9957,19/08/2017 21:00,8.722999573
9958,19/08/2017 22:00,12.38099957
9959,19/08/2017 23:00,13.01399994
9960,20/08/2017 00:00,9.567000389
9961,20/08/2017 01:00,7.809000015
9962,20/08/2017 02:00,8.722999573
9963,20/08/2017 03:00,8.37100029
9964,20/08/2017 04:00,11.95899963
9965,20/08/2017 05:00,12.38099957
9966,20/08/2017 06:00,13.01399994
9967,20/08/2017 07:00,12.8739996
9968,20/08/2017 08:00,13.36600018
9969,20/08/2017 09:00,14.06900024
9970,20/08/2017 10:00,14.98400021
9971,20/08/2017 11:00,15.68700027
9972,20/08/2017 12:00,15.82800007
9973,20/08/2017 13:00,16.03899956
9974,20/08/2017 14:00,17.16500092
9975,20/08/2017 15:00,17.16500092
9976,20/08/2017 16:00,17.79800034
9977,20/08/2017 17:00,17.51600075
9978,20/08/2017 18:00,16.74300003
9979,20/08/2017 19:00,15.0539999
9980,20/08/2017 20:00,14.70300007
9981,20/08/2017 21:00,14.84300041
9982,20/08/2017 22:00,14.70300007
9983,20/08/2017 23:00,14.70300007
9984,21/08/2017 00:00,14.42099953
9985,21/08/2017 01:00,14.84300041
9986,21/08/2017 02:00,14.06900024
9987,21/08/2017 03:00,13.78800011
9988,21/08/2017 04:00,14.63199997
9989,21/08/2017 05:00,14.35099983
9990,21/08/2017 06:00,14.77299976
9991,21/08/2017 07:00,16.18000031
9992,21/08/2017 08:00,17.16500092
9993,21/08/2017 09:00,17.23500061
9994,21/08/2017 10:00,16.95400047
9995,21/08/2017 11:00,16.88299942
9996,21/08/2017 12:00,17.23500061
9997,21/08/2017 13:00,16.95400047
9998,21/08/2017 14:00,18.6420002
9999,21/08/2017 15:00,19.27499962
10000,21/08/2017 16:00,19.41600037
10001,21/08/2017 17:00,18.71199989
10002,21/08/2017 18:00,17.37599945
10003,21/08/2017 19:00,16.60199928
10004,21/08/2017 20:00,16.39100075
10005,21/08/2017 21:00,16.25
10006,21/08/2017 22:00,15.96899986
10007,21/08/2017 23:00,15.54699993
10008,22/08/2017 00:00,15.0539999
10009,22/08/2017 01:00,14.77299976
10010,22/08/2017 02:00,14.63199997
10011,22/08/2017 03:00,14.35099983
10012,22/08/2017 04:00,14.27999973
10013,22/08/2017 05:00,13.9989996
10014,22/08/2017 06:00,13.71800041
10015,22/08/2017 07:00,13.9989996
10016,22/08/2017 08:00,14.56200027
10017,22/08/2017 09:00,14.98400021
10018,22/08/2017 10:00,15.75800037
10019,22/08/2017 11:00,15.89799976
10020,22/08/2017 12:00,16.53199959
10021,22/08/2017 13:00,16.67200089
10022,22/08/2017 14:00,17.93799973
10023,22/08/2017 15:00,18.50099945
10024,22/08/2017 16:00,19.41600037
10025,22/08/2017 17:00,19.06399918
10026,22/08/2017 18:00,17.79800034
10027,22/08/2017 19:00,17.09399986
10028,22/08/2017 20:00,16.81299973
10029,22/08/2017 21:00,16.60199928
10030,22/08/2017 22:00,16.39100075
10031,22/08/2017 23:00,16.25
10032,23/08/2017 00:00,16.10899925
10033,23/08/2017 01:00,16.32099915
10034,23/08/2017 02:00,16.03899956
10035,23/08/2017 03:00,16.18000031
10036,23/08/2017 04:00,15.68700027
10037,23/08/2017 05:00,15.54699993
10038,23/08/2017 06:00,15.47599983
10039,23/08/2017 07:00,16.60199928
10040,23/08/2017 08:00,17.30500031
10041,23/08/2017 09:00,17.23500061
10042,23/08/2017 10:00,18.00900078
10043,23/08/2017 11:00,18.43099976
10044,23/08/2017 12:00,18.6420002
10045,23/08/2017 13:00,19.34499931
10046,23/08/2017 14:00,20.89299965
10047,23/08/2017 15:00,21.0340004
10048,23/08/2017 16:00,22.22999954
10049,23/08/2017 17:00,21.66699982
10050,23/08/2017 18:00,20.11899948
10051,23/08/2017 19:00,18.36100006
10052,23/08/2017 20:00,17.86800003
10053,23/08/2017 21:00,18.00900078
10054,23/08/2017 22:00,18.07900047
10055,23/08/2017 23:00,18.00900078
10056,24/08/2017 00:00,17.86800003
10057,24/08/2017 01:00,18.21999931
10058,24/08/2017 02:00,17.93799973
10059,24/08/2017 03:00,18.14999962
10060,24/08/2017 04:00,17.72699928
10061,24/08/2017 05:00,18.00900078
10062,24/08/2017 06:00,17.65699959
10063,24/08/2017 07:00,19.06399918
10064,24/08/2017 08:00,19.20499992
10065,24/08/2017 09:00,18.21999931
10066,24/08/2017 10:00,18.36100006
10067,24/08/2017 11:00,18.00900078
10068,24/08/2017 12:00,18.43099976
10069,24/08/2017 13:00,18.50099945
10070,24/08/2017 14:00,19.6970005
10071,24/08/2017 15:00,20.11899948
10072,24/08/2017 16:00,20.11899948
10073,24/08/2017 17:00,21.0340004
10074,24/08/2017 18:00,19.76799965
10075,24/08/2017 19:00,19.06399918
10076,24/08/2017 20:00,18.92300034
10077,24/08/2017 21:00,18.85300064
10078,24/08/2017 22:00,18.50099945
10079,24/08/2017 23:00,18.00900078
10080,25/08/2017 00:00,18.71199989
10081,25/08/2017 01:00,19.06399918
10082,25/08/2017 02:00,18.92300034
10083,25/08/2017 03:00,18.07900047
10084,25/08/2017 04:00,17.44599915
10085,25/08/2017 05:00,17.72699928
10086,25/08/2017 06:00,17.09399986
10087,25/08/2017 07:00,18.71199989
10088,25/08/2017 08:00,19.06399918
10089,25/08/2017 09:00,19.62700081
10090,25/08/2017 10:00,20.32999992
10091,25/08/2017 11:00,19.90800095
10092,25/08/2017 12:00,19.48600006
10093,25/08/2017 13:00,17.72699928
10094,25/08/2017 14:00,18.6420002
10095,25/08/2017 15:00,18.21999931
10096,25/08/2017 16:00,13.29599953
10097,25/08/2017 17:00,16.03899956
10098,25/08/2017 18:00,14.14000034
10099,25/08/2017 19:00,13.64700031
10100,25/08/2017 20:00,13.8579998
10101,25/08/2017 21:00,14.63199997
10102,25/08/2017 22:00,14.98400021
10103,25/08/2017 23:00,13.9289999
10104,26/08/2017 00:00,14.06900024
10105,26/08/2017 01:00,13.64700031
10106,26/08/2017 02:00,13.36600018
10107,26/08/2017 03:00,13.36600018
10108,26/08/2017 04:00,13.15499973
10109,26/08/2017 05:00,12.94400024
10110,26/08/2017 06:00,12.94400024
10111,26/08/2017 07:00,12.8739996
10112,26/08/2017 08:00,12.7329998
10113,26/08/2017 09:00,12.7329998
10114,26/08/2017 10:00,13.08500004
10115,26/08/2017 11:00,13.71800041
10116,26/08/2017 12:00,13.36600018
10117,26/08/2017 13:00,13.29599953
10118,26/08/2017 14:00,13.9989996
10119,26/08/2017 15:00,14.14000034
10120,26/08/2017 16:00,13.9289999
10121,26/08/2017 17:00,13.50699997
10122,26/08/2017 18:00,13.22500038
10123,26/08/2017 19:00,12.94400024
10124,26/08/2017 20:00,12.6619997
10125,26/08/2017 21:00,12.38099957
10126,26/08/2017 22:00,12.17000008
10127,26/08/2017 23:00,12.17000008
10128,27/08/2017 00:00,11.81799984
10129,27/08/2017 01:00,12.02900028
10130,27/08/2017 02:00,12.02900028
10131,27/08/2017 03:00,11.88899994
10132,27/08/2017 04:00,11.88899994
10133,27/08/2017 05:00,11.95899963
10134,27/08/2017 06:00,11.74800014
10135,27/08/2017 07:00,12.7329998
10136,27/08/2017 08:00,13.15499973
10137,27/08/2017 09:00,14.35099983
10138,27/08/2017 10:00,15.125
10139,27/08/2017 11:00,15.68700027
10140,27/08/2017 12:00,16.46100044
10141,27/08/2017 13:00,17.09399986
10142,27/08/2017 14:00,18.85300064
10143,27/08/2017 15:00,19.83799934
10144,27/08/2017 16:00,20.04899979
10145,27/08/2017 17:00,19.97900009
10146,27/08/2017 18:00,18.14999962
10147,27/08/2017 19:00,17.30500031
10148,27/08/2017 20:00,16.25
10149,27/08/2017 21:00,16.10899925
10150,27/08/2017 22:00,15.96899986
10151,27/08/2017 23:00,15.89799976
10152,28/08/2017 00:00,15.75800037
10153,28/08/2017 01:00,15.89799976
10154,28/08/2017 02:00,16.18000031
10155,28/08/2017 03:00,16.10899925
10156,28/08/2017 04:00,16.32099915
10157,28/08/2017 05:00,16.32099915
10158,28/08/2017 06:00,16.25
10159,28/08/2017 07:00,17.09399986
10160,28/08/2017 08:00,18.14999962
10161,28/08/2017 09:00,19.06399918
10162,28/08/2017 10:00,19.41600037
10163,28/08/2017 11:00,18.29000092
10164,28/08/2017 12:00,18.71199989
10165,28/08/2017 13:00,19.27499962
10166,28/08/2017 14:00,20.11899948
10167,28/08/2017 15:00,20.54100037
10168,28/08/2017 16:00,21.59700012
10169,28/08/2017 17:00,22.22999954
10170,28/08/2017 18:00,19.41600037
10171,28/08/2017 19:00,17.65699959
10172,28/08/2017 20:00,17.51600075
10173,28/08/2017 21:00,16.88299942
10174,28/08/2017 22:00,17.51600075
10175,28/08/2017 23:00,17.09399986
10176,29/08/2017 00:00,16.18000031
10177,29/08/2017 01:00,15.26500034
10178,29/08/2017 02:00,14.98400021
10179,29/08/2017 03:00,14.35099983
10180,29/08/2017 04:00,14.56200027
10181,29/08/2017 05:00,14.14000034
10182,29/08/2017 06:00,14.35099983
10183,29/08/2017 07:00,13.9989996
10184,29/08/2017 08:00,13.78800011
10185,29/08/2017 09:00,13.50699997
10186,29/08/2017 10:00,13.36600018
10187,29/08/2017 11:00,13.08500004
10188,29/08/2017 12:00,14.35099983
10189,29/08/2017 13:00,13.64700031
10190,29/08/2017 14:00,14.06900024
10191,29/08/2017 15:00,13.64700031
10192,29/08/2017 16:00,12.94400024
10193,29/08/2017 17:00,12.45100021
10194,29/08/2017 18:00,12.38099957
10195,29/08/2017 19:00,12.17000008
10196,29/08/2017 20:00,12.10000038
10197,29/08/2017 21:00,11.81799984
10198,29/08/2017 22:00,11.5369997
10199,29/08/2017 23:00,11.39599991
10200,30/08/2017 00:00,11.60700035
10201,30/08/2017 01:00,11.18500042
10202,30/08/2017 02:00,11.18500042
10203,30/08/2017 03:00,10.97399998
10204,30/08/2017 04:00,11.04399967
10205,30/08/2017 05:00,11.04399967
10206,30/08/2017 06:00,10.83300018
10207,30/08/2017 07:00,11.18500042
10208,30/08/2017 08:00,11.39599991
10209,30/08/2017 09:00,11.39599991
10210,30/08/2017 10:00,11.04399967
10211,30/08/2017 11:00,11.18500042
10212,30/08/2017 12:00,11.32600021
10213,30/08/2017 13:00,11.25599957
10214,30/08/2017 14:00,11.5369997
10215,30/08/2017 15:00,11.18500042
10216,30/08/2017 16:00,11.11499977
10217,30/08/2017 17:00,10.76299953
10218,30/08/2017 18:00,10.69299984
10219,30/08/2017 19:00,10.90400028
10220,30/08/2017 20:00,11.11499977
10221,30/08/2017 21:00,10.13000011
10222,30/08/2017 22:00,10.41100025
10223,30/08/2017 23:00,10.13000011
10224,31/08/2017 00:00,10.06000042
10225,31/08/2017 01:00,10.06000042
10226,31/08/2017 02:00,10.06000042
10227,31/08/2017 03:00,10.06000042
10228,31/08/2017 04:00,10.06000042
10229,31/08/2017 05:00,10.06000042
10230,31/08/2017 06:00,10.06000042
10231,31/08/2017 07:00,10.06000042
10232,31/08/2017 08:00,10.06000042
10233,31/08/2017 09:00,10.06000042
10234,31/08/2017 10:00,10.06000042
10235,31/08/2017 11:00,10.06000042
10236,31/08/2017 12:00,10.06000042
10237,31/08/2017 13:00,10.06000042
10238,31/08/2017 14:00,10.06000042
10239,31/08/2017 15:00,10.06000042
10240,31/08/2017 16:00,10.06000042
10241,31/08/2017 17:00,10.06000042
10242,31/08/2017 18:00,10.06000042
10243,31/08/2017 19:00,10.06000042
10244,31/08/2017 20:00,10.06000042
10245,31/08/2017 21:00,10.06000042
10246,31/08/2017 22:00,10.06000042
10247,31/08/2017 23:00,10.06000042
10248,01/09/2017 00:00,6.050000191
10249,01/09/2017 01:00,7.809000015
10250,01/09/2017 02:00,8.230999947
10251,01/09/2017 03:00,7.668000221
10252,01/09/2017 04:00,7.879000187
10253,01/09/2017 05:00,8.159999847
10254,01/09/2017 06:00,8.37100029
10255,01/09/2017 07:00,8.37100029
10256,01/09/2017 08:00,8.793000221
10257,01/09/2017 09:00,9.567000389
10258,01/09/2017 10:00,10.27099991
10259,01/09/2017 11:00,10.41100025
10260,01/09/2017 12:00,11.11499977
10261,01/09/2017 13:00,11.25599957
10262,01/09/2017 14:00,11.5369997
10263,01/09/2017 15:00,12.10000038
10264,01/09/2017 16:00,12.45100021
10265,01/09/2017 17:00,12.59200001
10266,01/09/2017 18:00,12.94400024
10267,01/09/2017 19:00,12.59200001
10268,01/09/2017 20:00,11.67800045
10269,01/09/2017 21:00,11.5369997
10270,01/09/2017 22:00,10.83300018
10271,01/09/2017 23:00,10.83300018
10272,02/09/2017 00:00,10.69299984
10273,02/09/2017 01:00,10.48200035
10274,02/09/2017 02:00,10.13000011
10275,02/09/2017 03:00,9.637999535
10276,02/09/2017 04:00,9.777999878
10277,02/09/2017 05:00,9.777999878
10278,02/09/2017 06:00,9.637999535
10279,02/09/2017 07:00,9.637999535
10280,02/09/2017 08:00,10.06000042
10281,02/09/2017 09:00,10.13000011
10282,02/09/2017 10:00,10.76299953
10283,02/09/2017 11:00,10.48200035
10284,02/09/2017 12:00,10.48200035
10285,02/09/2017 13:00,10.90400028
10286,02/09/2017 14:00,11.04399967
10287,02/09/2017 15:00,11.32600021
10288,02/09/2017 16:00,10.83300018
10289,02/09/2017 17:00,10.69299984
10290,02/09/2017 18:00,10.62199974
10291,02/09/2017 19:00,10.55200005
10292,02/09/2017 20:00,10.48200035
10293,02/09/2017 21:00,10.3409996
10294,02/09/2017 22:00,10.27099991
10295,02/09/2017 23:00,10.06000042
10296,03/09/2017 00:00,10.13000011
10297,03/09/2017 01:00,9.708000183
10298,03/09/2017 02:00,9.918999672
10299,03/09/2017 03:00,9.708000183
10300,03/09/2017 04:00,8.86400032
10301,03/09/2017 05:00,9.777999878
10302,03/09/2017 06:00,9.777999878
10303,03/09/2017 07:00,9.918999672
10304,03/09/2017 08:00,10.13000011
10305,03/09/2017 09:00,8.442000389
10306,03/09/2017 10:00,10.19999981
10307,03/09/2017 11:00,7.809000015
10308,03/09/2017 12:00,9.98900032
10309,03/09/2017 13:00,7.668000221
10310,03/09/2017 14:00,10.3409996
10311,03/09/2017 15:00,10.41100025
10312,03/09/2017 16:00,10.69299984
10313,03/09/2017 17:00,10.48200035
10314,03/09/2017 18:00,9.918999672
10315,03/09/2017 19:00,9.145000458
10316,03/09/2017 20:00,8.793000221
10317,03/09/2017 21:00,8.37100029
10318,03/09/2017 22:00,6.894000053
10319,03/09/2017 23:00,6.119999886
10320,04/09/2017 00:00,8.934000015
10321,04/09/2017 01:00,9.215000153
10322,04/09/2017 02:00,9.637999535
10323,04/09/2017 03:00,10.27099991
10324,04/09/2017 04:00,10.62199974
10325,04/09/2017 05:00,10.69299984
10326,04/09/2017 06:00,11.5369997
10327,04/09/2017 07:00,12.17000008
10328,04/09/2017 08:00,11.60700035
10329,04/09/2017 09:00,12.02900028
10330,04/09/2017 10:00,12.52200031
10331,04/09/2017 11:00,13.64700031
10332,04/09/2017 12:00,14.21000004
10333,04/09/2017 13:00,15.54699993
10334,04/09/2017 14:00,15.68700027
10335,04/09/2017 15:00,14.84300041
10336,04/09/2017 16:00,15.33600044
10337,04/09/2017 17:00,15.68700027
10338,04/09/2017 18:00,15.47599983
10339,04/09/2017 19:00,15.40600014
10340,04/09/2017 20:00,15.26500034
10341,04/09/2017 21:00,14.77299976
10342,04/09/2017 22:00,14.42099953
10343,04/09/2017 23:00,15.0539999
10344,05/09/2017 00:00,15.75800037
10345,05/09/2017 01:00,14.27999973
10346,05/09/2017 02:00,12.8739996
10347,05/09/2017 03:00,13.64700031
10348,05/09/2017 04:00,14.70300007
10349,05/09/2017 05:00,15.40600014
10350,05/09/2017 06:00,16.03899956
10351,05/09/2017 07:00,14.56200027
10352,05/09/2017 08:00,14.84300041
10353,05/09/2017 09:00,14.21000004
10354,05/09/2017 10:00,15.75800037
10355,05/09/2017 11:00,15.33600044
10356,05/09/2017 12:00,16.53199959
10357,05/09/2017 13:00,16.95400047
10358,05/09/2017 14:00,16.95400047
10359,05/09/2017 15:00,17.44599915
10360,05/09/2017 16:00,16.39100075
10361,05/09/2017 17:00,15.0539999
10362,05/09/2017 18:00,15.40600014
10363,05/09/2017 19:00,14.56200027
10364,05/09/2017 20:00,13.71800041
10365,05/09/2017 21:00,12.7329998
10366,05/09/2017 22:00,12.94400024
10367,05/09/2017 23:00,13.36600018
10368,06/09/2017 00:00,15.26500034
10369,06/09/2017 01:00,14.27999973
10370,06/09/2017 02:00,15.89799976
10371,06/09/2017 03:00,15.96899986
10372,06/09/2017 04:00,15.125
10373,06/09/2017 05:00,16.39100075
10374,06/09/2017 06:00,15.47599983
10375,06/09/2017 07:00,16.03899956
10376,06/09/2017 08:00,16.53199959
10377,06/09/2017 09:00,16.60199928
10378,06/09/2017 10:00,16.32099915
10379,06/09/2017 11:00,15.96899986
10380,06/09/2017 12:00,16.39100075
10381,06/09/2017 13:00,13.71800041
10382,06/09/2017 14:00,12.10000038
10383,06/09/2017 15:00,14.84300041
10384,06/09/2017 16:00,14.84300041
10385,06/09/2017 17:00,14.84300041
10386,06/09/2017 18:00,14.91399956
10387,06/09/2017 19:00,16.03899956
10388,06/09/2017 20:00,15.89799976
10389,06/09/2017 21:00,15.47599983
10390,06/09/2017 22:00,16.03899956
10391,06/09/2017 23:00,15.40600014
10392,07/09/2017 00:00,15.75800037
10393,07/09/2017 01:00,14.98400021
10394,07/09/2017 02:00,14.84300041
10395,07/09/2017 03:00,15.47599983
10396,07/09/2017 04:00,14.91399956
10397,07/09/2017 05:00,14.06900024
10398,07/09/2017 06:00,14.27999973
10399,07/09/2017 07:00,14.70300007
10400,07/09/2017 08:00,14.91399956
10401,07/09/2017 09:00,14.35099983
10402,07/09/2017 10:00,15.61699963
10403,07/09/2017 11:00,15.96899986
10404,07/09/2017 12:00,16.39100075
10405,07/09/2017 13:00,17.02400017
10406,07/09/2017 14:00,17.02400017
10407,07/09/2017 15:00,18.21999931
10408,07/09/2017 16:00,16.60199928
10409,07/09/2017 17:00,18.07900047
10410,07/09/2017 18:00,17.37599945
10411,07/09/2017 19:00,15.82800007
10412,07/09/2017 20:00,15.54699993
10413,07/09/2017 21:00,15.75800037
10414,07/09/2017 22:00,15.33600044
10415,07/09/2017 23:00,15.47599983
10416,08/09/2017 00:00,14.98400021
10417,08/09/2017 01:00,14.91399956
10418,08/09/2017 02:00,14.91399956
10419,08/09/2017 03:00,14.84300041
10420,08/09/2017 04:00,14.63199997
10421,08/09/2017 05:00,13.71800041
10422,08/09/2017 06:00,13.50699997
10423,08/09/2017 07:00,12.8739996
10424,08/09/2017 08:00,13.29599953
10425,08/09/2017 09:00,13.15499973
10426,08/09/2017 10:00,14.35099983
10427,08/09/2017 11:00,14.63199997
10428,08/09/2017 12:00,15.47599983
10429,08/09/2017 13:00,16.03899956
10430,08/09/2017 14:00,16.46100044
10431,08/09/2017 15:00,16.60199928
10432,08/09/2017 16:00,17.30500031
10433,08/09/2017 17:00,16.95400047
10434,08/09/2017 18:00,16.88299942
10435,08/09/2017 19:00,15.75800037
10436,08/09/2017 20:00,15.54699993
10437,08/09/2017 21:00,14.91399956
10438,08/09/2017 22:00,14.98400021
10439,08/09/2017 23:00,14.14000034
10440,09/09/2017 00:00,14.49100018
10441,09/09/2017 01:00,13.9989996
10442,09/09/2017 02:00,13.43599987
10443,09/09/2017 03:00,13.78800011
10444,09/09/2017 04:00,13.57699966
10445,09/09/2017 05:00,13.08500004
10446,09/09/2017 06:00,13.78800011
10447,09/09/2017 07:00,13.9289999
10448,09/09/2017 08:00,14.98400021
10449,09/09/2017 09:00,15.0539999
10450,09/09/2017 10:00,16.25
10451,09/09/2017 11:00,15.54699993
10452,09/09/2017 12:00,16.10899925
10453,09/09/2017 13:00,16.25
10454,09/09/2017 14:00,17.30500031
10455,09/09/2017 15:00,17.09399986
10456,09/09/2017 16:00,17.37599945
10457,09/09/2017 17:00,16.95400047
10458,09/09/2017 18:00,15.47599983
10459,09/09/2017 19:00,14.27999973
10460,09/09/2017 20:00,14.14000034
10461,09/09/2017 21:00,14.21000004
10462,09/09/2017 22:00,13.64700031
10463,09/09/2017 23:00,13.29599953
10464,10/09/2017 00:00,13.08500004
10465,10/09/2017 01:00,13.22500038
10466,10/09/2017 02:00,12.7329998
10467,10/09/2017 03:00,12.94400024
10468,10/09/2017 04:00,13.15499973
10469,10/09/2017 05:00,13.08500004
10470,10/09/2017 06:00,13.64700031
10471,10/09/2017 07:00,13.57699966
10472,10/09/2017 08:00,13.8579998
10473,10/09/2017 09:00,14.49100018
10474,10/09/2017 10:00,15.40600014
10475,10/09/2017 11:00,15.125
10476,10/09/2017 12:00,16.95400047
10477,10/09/2017 13:00,17.65699959
10478,10/09/2017 14:00,18.99399948
10479,10/09/2017 15:00,17.65699959
10480,10/09/2017 16:00,10.76299953
10481,10/09/2017 17:00,10.19999981
10482,10/09/2017 18:00,12.45100021
10483,10/09/2017 19:00,12.7329998
10484,10/09/2017 20:00,12.23999977
10485,10/09/2017 21:00,11.39599991
10486,10/09/2017 22:00,10.76299953
10487,10/09/2017 23:00,10.83300018
10488,11/09/2017 00:00,11.88899994
10489,11/09/2017 01:00,11.67800045
10490,11/09/2017 02:00,12.45100021
10491,11/09/2017 03:00,12.52200031
10492,11/09/2017 04:00,12.52200031
10493,11/09/2017 05:00,13.29599953
10494,11/09/2017 06:00,13.71800041
10495,11/09/2017 07:00,13.50699997
10496,11/09/2017 08:00,13.22500038
10497,11/09/2017 09:00,13.71800041
10498,11/09/2017 10:00,13.9289999
10499,11/09/2017 11:00,14.56200027
10500,11/09/2017 12:00,14.70300007
10501,11/09/2017 13:00,14.42099953
10502,11/09/2017 14:00,14.14000034
10503,11/09/2017 15:00,15.19499969
10504,11/09/2017 16:00,14.06900024
10505,11/09/2017 17:00,14.06900024
10506,11/09/2017 18:00,14.70300007
10507,11/09/2017 19:00,14.56200027
10508,11/09/2017 20:00,15.0539999
10509,11/09/2017 21:00,15.26500034
10510,11/09/2017 22:00,13.29599953
10511,11/09/2017 23:00,13.64700031
10512,12/09/2017 00:00,13.36600018
10513,12/09/2017 01:00,13.9289999
10514,12/09/2017 02:00,13.9989996
10515,12/09/2017 03:00,13.64700031
10516,12/09/2017 04:00,14.21000004
10517,12/09/2017 05:00,14.56200027
10518,12/09/2017 06:00,14.35099983
10519,12/09/2017 07:00,14.49100018
10520,12/09/2017 08:00,13.78800011
10521,12/09/2017 09:00,13.57699966
10522,12/09/2017 10:00,14.56200027
10523,12/09/2017 11:00,14.14000034
10524,12/09/2017 12:00,14.21000004
10525,12/09/2017 13:00,15.26500034
10526,12/09/2017 14:00,16.95400047
10527,12/09/2017 15:00,16.74300003
10528,12/09/2017 16:00,17.09399986
10529,12/09/2017 17:00,17.51600075
10530,12/09/2017 18:00,17.30500031
10531,12/09/2017 19:00,16.60199928
10532,12/09/2017 20:00,16.18000031
10533,12/09/2017 21:00,16.18000031
10534,12/09/2017 22:00,15.75800037
10535,12/09/2017 23:00,15.125
10536,13/09/2017 00:00,14.63199997
10537,13/09/2017 01:00,14.77299976
10538,13/09/2017 02:00,13.9289999
10539,13/09/2017 03:00,13.43599987
10540,13/09/2017 04:00,12.94400024
10541,13/09/2017 05:00,12.7329998
10542,13/09/2017 06:00,12.52200031
10543,13/09/2017 07:00,13.01399994
10544,13/09/2017 08:00,12.8739996
10545,13/09/2017 09:00,12.7329998
10546,13/09/2017 10:00,13.57699966
10547,13/09/2017 11:00,13.43599987
10548,13/09/2017 12:00,13.9289999
10549,13/09/2017 13:00,14.14000034
10550,13/09/2017 14:00,15.0539999
10551,13/09/2017 15:00,15.82800007
10552,13/09/2017 16:00,15.75800037
10553,13/09/2017 17:00,15.89799976
10554,13/09/2017 18:00,15.75800037
10555,13/09/2017 19:00,15.19499969
10556,13/09/2017 20:00,14.27999973
10557,13/09/2017 21:00,13.29599953
10558,13/09/2017 22:00,13.08500004
10559,13/09/2017 23:00,12.45100021
10560,14/09/2017 00:00,11.81799984
10561,14/09/2017 01:00,11.88899994
10562,14/09/2017 02:00,11.67800045
10563,14/09/2017 03:00,11.74800014
10564,14/09/2017 04:00,11.67800045
10565,14/09/2017 05:00,12.23999977
10566,14/09/2017 06:00,12.31099987
10567,14/09/2017 07:00,12.59200001
10568,14/09/2017 08:00,12.59200001
10569,14/09/2017 09:00,12.7329998
10570,14/09/2017 10:00,14.35099983
10571,14/09/2017 11:00,13.8579998
10572,14/09/2017 12:00,13.8579998
10573,14/09/2017 13:00,14.63199997
10574,14/09/2017 14:00,16.32099915
10575,14/09/2017 15:00,16.25
10576,14/09/2017 16:00,16.88299942
10577,14/09/2017 17:00,17.02400017
10578,14/09/2017 18:00,16.67200089
10579,14/09/2017 19:00,15.33600044
10580,14/09/2017 20:00,14.06900024
10581,14/09/2017 21:00,13.29599953
10582,14/09/2017 22:00,12.38099957
10583,14/09/2017 23:00,12.23999977
10584,15/09/2017 00:00,12.59200001
10585,15/09/2017 01:00,12.6619997
10586,15/09/2017 02:00,12.59200001
10587,15/09/2017 03:00,12.17000008
10588,15/09/2017 04:00,12.17000008
10589,15/09/2017 05:00,11.88899994
10590,15/09/2017 06:00,12.23999977
10591,15/09/2017 07:00,13.22500038
10592,15/09/2017 08:00,12.80300045
10593,15/09/2017 09:00,12.94400024
10594,15/09/2017 10:00,13.78800011
10595,15/09/2017 11:00,14.63199997
10596,15/09/2017 12:00,15.68700027
10597,15/09/2017 13:00,16.32099915
10598,15/09/2017 14:00,16.60199928
10599,15/09/2017 15:00,16.81299973
10600,15/09/2017 16:00,16.74300003
10601,15/09/2017 17:00,16.46100044
10602,15/09/2017 18:00,15.26500034
10603,15/09/2017 19:00,14.63199997
10604,15/09/2017 20:00,13.36600018
10605,15/09/2017 21:00,13.43599987
10606,15/09/2017 22:00,13.22500038
10607,15/09/2017 23:00,13.15499973
10608,16/09/2017 00:00,12.8739996
10609,16/09/2017 01:00,13.29599953
10610,16/09/2017 02:00,13.50699997
10611,16/09/2017 03:00,14.14000034
10612,16/09/2017 04:00,13.43599987
10613,16/09/2017 05:00,13.50699997
10614,16/09/2017 06:00,13.78800011
10615,16/09/2017 07:00,14.27999973
10616,16/09/2017 08:00,14.14000034
10617,16/09/2017 09:00,13.64700031
10618,16/09/2017 10:00,15.75800037
10619,16/09/2017 11:00,16.53199959
10620,16/09/2017 12:00,16.53199959
10621,16/09/2017 13:00,16.88299942
10622,16/09/2017 14:00,17.02400017
10623,16/09/2017 15:00,17.79800034
10624,16/09/2017 16:00,18.14999962
10625,16/09/2017 17:00,17.02400017
10626,16/09/2017 18:00,16.60199928
10627,16/09/2017 19:00,15.40600014
10628,16/09/2017 20:00,14.56200027
10629,16/09/2017 21:00,14.14000034
10630,16/09/2017 22:00,14.27999973
10631,16/09/2017 23:00,14.35099983
10632,17/09/2017 00:00,14.70300007
10633,17/09/2017 01:00,13.78800011
10634,17/09/2017 02:00,14.42099953
10635,17/09/2017 03:00,14.21000004
10636,17/09/2017 04:00,14.84300041
10637,17/09/2017 05:00,14.42099953
10638,17/09/2017 06:00,12.94400024
10639,17/09/2017 07:00,13.36600018
10640,17/09/2017 08:00,16.03899956
10641,17/09/2017 09:00,15.89799976
10642,17/09/2017 10:00,16.95400047
10643,17/09/2017 11:00,16.67200089
10644,17/09/2017 12:00,16.39100075
10645,17/09/2017 13:00,17.51600075
10646,17/09/2017 14:00,18.85300064
10647,17/09/2017 15:00,18.99399948
10648,17/09/2017 16:00,19.62700081
10649,17/09/2017 17:00,19.41600037
10650,17/09/2017 18:00,17.51600075
10651,17/09/2017 19:00,16.03899956
10652,17/09/2017 20:00,15.61699963
10653,17/09/2017 21:00,15.40600014
10654,17/09/2017 22:00,14.91399956
10655,17/09/2017 23:00,15.82800007
10656,18/09/2017 00:00,15.47599983
10657,18/09/2017 01:00,15.19499969
10658,18/09/2017 02:00,15.33600044
10659,18/09/2017 03:00,14.70300007
10660,18/09/2017 04:00,15.125
10661,18/09/2017 05:00,14.77299976
10662,18/09/2017 06:00,14.70300007
10663,18/09/2017 07:00,15.0539999
10664,18/09/2017 08:00,15.26500034
10665,18/09/2017 09:00,14.56200027
10666,18/09/2017 10:00,15.75800037
10667,18/09/2017 11:00,15.89799976
10668,18/09/2017 12:00,17.16500092
10669,18/09/2017 13:00,18.50099945
10670,18/09/2017 14:00,18.5720005
10671,18/09/2017 15:00,19.06399918
10672,18/09/2017 16:00,19.34499931
10673,18/09/2017 17:00,19.41600037
10674,18/09/2017 18:00,17.58699989
10675,18/09/2017 19:00,15.68700027
10676,18/09/2017 20:00,15.68700027
10677,18/09/2017 21:00,15.47599983
10678,18/09/2017 22:00,15.75800037
10679,18/09/2017 23:00,16.25
10680,19/09/2017 00:00,16.39100075
10681,19/09/2017 01:00,16.18000031
10682,19/09/2017 02:00,16.39100075
10683,19/09/2017 03:00,16.10899925
10684,19/09/2017 04:00,16.32099915
10685,19/09/2017 05:00,16.39100075
10686,19/09/2017 06:00,15.89799976
10687,19/09/2017 07:00,15.89799976
10688,19/09/2017 08:00,15.96899986
10689,19/09/2017 09:00,17.16500092
10690,19/09/2017 10:00,17.30500031
10691,19/09/2017 11:00,17.16500092
10692,19/09/2017 12:00,17.86800003
10693,19/09/2017 13:00,18.29000092
10694,19/09/2017 14:00,17.93799973
10695,19/09/2017 15:00,17.44599915
10696,19/09/2017 16:00,17.02400017
10697,19/09/2017 17:00,16.10899925
10698,19/09/2017 18:00,14.70300007
10699,19/09/2017 19:00,14.77299976
10700,19/09/2017 20:00,14.14000034
10701,19/09/2017 21:00,13.8579998
10702,19/09/2017 22:00,14.49100018
10703,19/09/2017 23:00,14.63199997
10704,20/09/2017 00:00,13.9989996
10705,20/09/2017 01:00,10.69299984
10706,20/09/2017 02:00,9.918999672
10707,20/09/2017 03:00,11.67800045
10708,20/09/2017 04:00,11.18500042
10709,20/09/2017 05:00,12.52200031
10710,20/09/2017 06:00,11.88899994
10711,20/09/2017 07:00,11.81799984
10712,20/09/2017 08:00,12.7329998
10713,20/09/2017 09:00,12.80300045
10714,20/09/2017 10:00,13.36600018
10715,20/09/2017 11:00,13.01399994
10716,20/09/2017 12:00,10.55200005
10717,20/09/2017 13:00,10.69299984
10718,20/09/2017 14:00,11.5369997
10719,20/09/2017 15:00,12.17000008
10720,20/09/2017 16:00,12.02900028
10721,20/09/2017 17:00,12.10000038
10722,20/09/2017 18:00,11.88899994
10723,20/09/2017 19:00,12.59200001
10724,20/09/2017 20:00,12.02900028
10725,20/09/2017 21:00,12.10000038
10726,20/09/2017 22:00,11.25599957
10727,20/09/2017 23:00,11.67800045
10728,21/09/2017 00:00,11.5369997
10729,21/09/2017 01:00,11.60700035
10730,21/09/2017 02:00,10.83300018
10731,21/09/2017 03:00,11.25599957
10732,21/09/2017 04:00,11.18500042
10733,21/09/2017 05:00,10.83300018
10734,21/09/2017 06:00,11.18500042
10735,21/09/2017 07:00,11.18500042
10736,21/09/2017 08:00,10.97399998
10737,21/09/2017 09:00,11.81799984
10738,21/09/2017 10:00,11.32600021
10739,21/09/2017 11:00,11.60700035
10740,21/09/2017 12:00,11.81799984
10741,21/09/2017 13:00,11.95899963
10742,21/09/2017 14:00,12.38099957
10743,21/09/2017 15:00,13.08500004
10744,21/09/2017 16:00,12.52200031
10745,21/09/2017 17:00,11.46700001
10746,21/09/2017 18:00,10.97399998
10747,21/09/2017 19:00,11.81799984
10748,21/09/2017 20:00,11.32600021
10749,21/09/2017 21:00,11.5369997
10750,21/09/2017 22:00,11.88899994
10751,21/09/2017 23:00,11.88899994
10752,22/09/2017 00:00,12.17000008
10753,22/09/2017 01:00,11.88899994
10754,22/09/2017 02:00,12.80300045
10755,22/09/2017 03:00,12.59200001
10756,22/09/2017 04:00,12.80300045
10757,22/09/2017 05:00,13.22500038
10758,22/09/2017 06:00,13.43599987
10759,22/09/2017 07:00,13.78800011
10760,22/09/2017 08:00,13.9989996
10761,22/09/2017 09:00,14.98400021
10762,22/09/2017 10:00,15.61699963
10763,22/09/2017 11:00,15.19499969
10764,22/09/2017 12:00,15.75800037
10765,22/09/2017 13:00,16.32099915
10766,22/09/2017 14:00,16.25
10767,22/09/2017 15:00,15.40600014
10768,22/09/2017 16:00,15.33600044
10769,22/09/2017 17:00,14.91399956
10770,22/09/2017 18:00,14.42099953
10771,22/09/2017 19:00,13.8579998
10772,22/09/2017 20:00,13.43599987
10773,22/09/2017 21:00,13.15499973
10774,22/09/2017 22:00,13.71800041
10775,22/09/2017 23:00,13.8579998
10776,23/09/2017 00:00,13.64700031
10777,23/09/2017 01:00,13.9289999
10778,23/09/2017 02:00,11.18500042
10779,23/09/2017 03:00,11.5369997
10780,23/09/2017 04:00,13.29599953
10781,23/09/2017 05:00,11.32600021
10782,23/09/2017 06:00,9.567000389
10783,23/09/2017 07:00,12.23999977
10784,23/09/2017 08:00,13.01399994
10785,23/09/2017 09:00,11.95899963
10786,23/09/2017 10:00,12.10000038
10787,23/09/2017 11:00,12.23999977
10788,23/09/2017 12:00,8.37100029
10789,23/09/2017 13:00,10.62199974
10790,23/09/2017 14:00,11.46700001
10791,23/09/2017 15:00,11.25599957
10792,23/09/2017 16:00,11.18500042
10793,23/09/2017 17:00,10.83300018
10794,23/09/2017 18:00,11.32600021
10795,23/09/2017 19:00,11.46700001
10796,23/09/2017 20:00,10.97399998
10797,23/09/2017 21:00,7.175000191
10798,23/09/2017 22:00,6.964000225
10799,23/09/2017 23:00,6.894000053
10800,24/09/2017 00:00,6.261000156
10801,24/09/2017 01:00,7.737999916
10802,24/09/2017 02:00,7.737999916
10803,24/09/2017 03:00,9.00399971
10804,24/09/2017 04:00,9.567000389
10805,24/09/2017 05:00,10.48200035
10806,24/09/2017 06:00,10.62199974
10807,24/09/2017 07:00,9.425999641
10808,24/09/2017 08:00,10.55200005
10809,24/09/2017 09:00,8.090000153
10810,24/09/2017 10:00,7.668000221
10811,24/09/2017 11:00,7.737999916
10812,24/09/2017 12:00,8.581999779
10813,24/09/2017 13:00,10.19999981
10814,24/09/2017 14:00,10.90400028
10815,24/09/2017 15:00,11.39599991
10816,24/09/2017 16:00,11.5369997
10817,24/09/2017 17:00,11.18500042
10818,24/09/2017 18:00,11.11499977
10819,24/09/2017 19:00,11.39599991
10820,24/09/2017 20:00,11.81799984
10821,24/09/2017 21:00,12.23999977
10822,24/09/2017 22:00,12.6619997
10823,24/09/2017 23:00,12.7329998
10824,25/09/2017 00:00,13.08500004
10825,25/09/2017 01:00,12.7329998
10826,25/09/2017 02:00,12.59200001
10827,25/09/2017 03:00,12.7329998
10828,25/09/2017 04:00,12.45100021
10829,25/09/2017 05:00,12.94400024
10830,25/09/2017 06:00,12.6619997
10831,25/09/2017 07:00,12.45100021
10832,25/09/2017 08:00,13.15499973
10833,25/09/2017 09:00,13.08500004
10834,25/09/2017 10:00,13.57699966
10835,25/09/2017 11:00,14.49100018
10836,25/09/2017 12:00,15.68700027
10837,25/09/2017 13:00,16.18000031
10838,25/09/2017 14:00,16.25
10839,25/09/2017 15:00,16.18000031
10840,25/09/2017 16:00,16.03899956
10841,25/09/2017 17:00,16.74300003
10842,25/09/2017 18:00,15.89799976
10843,25/09/2017 19:00,15.75800037
10844,25/09/2017 20:00,16.32099915
10845,25/09/2017 21:00,15.68700027
10846,25/09/2017 22:00,15.125
10847,25/09/2017 23:00,15.68700027
10848,26/09/2017 00:00,14.14000034
10849,26/09/2017 01:00,15.89799976
10850,26/09/2017 02:00,15.19499969
10851,26/09/2017 03:00,15.96899986
10852,26/09/2017 04:00,15.68700027
10853,26/09/2017 05:00,15.75800037
10854,26/09/2017 06:00,15.19499969
10855,26/09/2017 07:00,15.0539999
10856,26/09/2017 08:00,15.61699963
10857,26/09/2017 09:00,16.25
10858,26/09/2017 10:00,16.60199928
10859,26/09/2017 11:00,16.60199928
10860,26/09/2017 12:00,16.81299973
10861,26/09/2017 13:00,16.39100075
10862,26/09/2017 14:00,15.89799976
10863,26/09/2017 15:00,16.81299973
10864,26/09/2017 16:00,16.60199928
10865,26/09/2017 17:00,15.33600044
10866,26/09/2017 18:00,14.21000004
10867,26/09/2017 19:00,12.52200031
10868,26/09/2017 20:00,12.38099957
10869,26/09/2017 21:00,12.02900028
10870,26/09/2017 22:00,13.64700031
10871,26/09/2017 23:00,12.6619997
10872,27/09/2017 00:00,12.7329998
10873,27/09/2017 01:00,12.59200001
10874,27/09/2017 02:00,12.23999977
10875,27/09/2017 03:00,12.10000038
10876,27/09/2017 04:00,13.43599987
10877,27/09/2017 05:00,13.71800041
10878,27/09/2017 06:00,14.35099983
10879,27/09/2017 07:00,14.35099983
10880,27/09/2017 08:00,13.50699997
10881,27/09/2017 09:00,11.18500042
10882,27/09/2017 10:00,11.46700001
10883,27/09/2017 11:00,11.39599991
10884,27/09/2017 12:00,12.38099957
10885,27/09/2017 13:00,12.02900028
10886,27/09/2017 14:00,11.11499977
10887,27/09/2017 15:00,8.581999779
10888,27/09/2017 16:00,8.090000153
10889,27/09/2017 17:00,8.442000389
10890,27/09/2017 18:00,9.848999977
10891,27/09/2017 19:00,9.567000389
10892,27/09/2017 20:00,9.918999672
10893,27/09/2017 21:00,6.261000156
10894,27/09/2017 22:00,6.612999916
10895,27/09/2017 23:00,8.512000084
10896,28/09/2017 00:00,8.722999573
10897,28/09/2017 01:00,6.190999985
10898,28/09/2017 02:00,5.839000225
10899,28/09/2017 03:00,8.300999641
10900,28/09/2017 04:00,8.159999847
10901,28/09/2017 05:00,10.90400028
10902,28/09/2017 06:00,11.67800045
10903,28/09/2017 07:00,10.55200005
10904,28/09/2017 08:00,12.23999977
10905,28/09/2017 09:00,12.23999977
10906,28/09/2017 10:00,13.01399994
10907,28/09/2017 11:00,12.8739996
10908,28/09/2017 12:00,11.60700035
10909,28/09/2017 13:00,13.43599987
10910,28/09/2017 14:00,13.36600018
10911,28/09/2017 15:00,13.9289999
10912,28/09/2017 16:00,14.77299976
10913,28/09/2017 17:00,15.54699993
10914,28/09/2017 18:00,13.50699997
10915,28/09/2017 19:00,13.08500004
10916,28/09/2017 20:00,12.8739996
10917,28/09/2017 21:00,12.7329998
10918,28/09/2017 22:00,13.08500004
10919,28/09/2017 23:00,12.6619997
10920,29/09/2017 00:00,12.02900028
10921,29/09/2017 01:00,11.81799984
10922,29/09/2017 02:00,10.90400028
10923,29/09/2017 03:00,11.18500042
10924,29/09/2017 04:00,11.39599991
10925,29/09/2017 05:00,11.67800045
10926,29/09/2017 06:00,11.04399967
10927,29/09/2017 07:00,10.90400028
10928,29/09/2017 08:00,10.69299984
10929,29/09/2017 09:00,10.27099991
10930,29/09/2017 10:00,10.69299984
10931,29/09/2017 11:00,11.60700035
10932,29/09/2017 12:00,11.04399967
10933,29/09/2017 13:00,10.97399998
10934,29/09/2017 14:00,11.18500042
10935,29/09/2017 15:00,11.88899994
10936,29/09/2017 16:00,12.38099957
10937,29/09/2017 17:00,12.7329998
10938,29/09/2017 18:00,12.7329998
10939,29/09/2017 19:00,10.69299984
10940,29/09/2017 20:00,11.5369997
10941,29/09/2017 21:00,9.708000183
10942,29/09/2017 22:00,9.98900032
10943,29/09/2017 23:00,11.88899994
10944,30/09/2017 00:00,12.17000008
10945,30/09/2017 01:00,11.95899963
10946,30/09/2017 02:00,11.74800014
10947,30/09/2017 03:00,10.97399998
10948,30/09/2017 04:00,7.668000221
10949,30/09/2017 05:00,7.52699995
10950,30/09/2017 06:00,6.964000225
10951,30/09/2017 07:00,6.964000225
10952,30/09/2017 08:00,7.456999779
10953,30/09/2017 09:00,8.020000458
10954,30/09/2017 10:00,9.00399971
10955,30/09/2017 11:00,10.83300018
10956,30/09/2017 12:00,9.637999535
10957,30/09/2017 13:00,9.425999641
10958,30/09/2017 14:00,8.512000084
10959,30/09/2017 15:00,10.97399998
10960,30/09/2017 16:00,11.5369997
10961,30/09/2017 17:00,11.67800045
10962,30/09/2017 18:00,11.74800014
10963,30/09/2017 19:00,11.67800045
10964,30/09/2017 20:00,11.18500042
10965,30/09/2017 21:00,11.25599957
10966,30/09/2017 22:00,11.18500042
10967,30/09/2017 23:00,11.11499977
10968,01/10/2017 00:00,11.74800014
10969,01/10/2017 01:00,12.31099987
10970,01/10/2017 02:00,13.71800041
10971,01/10/2017 03:00,13.78800011
10972,01/10/2017 04:00,14.70300007
10973,01/10/2017 05:00,14.42099953
10974,01/10/2017 06:00,14.56200027
10975,01/10/2017 07:00,14.77299976
10976,01/10/2017 08:00,15.82800007
10977,01/10/2017 09:00,15.19499969
10978,01/10/2017 10:00,15.89799976
10979,01/10/2017 11:00,15.54699993
10980,01/10/2017 12:00,15.40600014
10981,01/10/2017 13:00,15.33600044
10982,01/10/2017 14:00,16.39100075
10983,01/10/2017 15:00,15.89799976
10984,01/10/2017 16:00,14.70300007
10985,01/10/2017 17:00,14.35099983
10986,01/10/2017 18:00,14.84300041
10987,01/10/2017 19:00,13.71800041
10988,01/10/2017 20:00,15.82800007
10989,01/10/2017 21:00,15.40600014
10990,01/10/2017 22:00,11.67800045
10991,01/10/2017 23:00,13.71800041
10992,02/10/2017 00:00,15.19499969
10993,02/10/2017 01:00,14.49100018
10994,02/10/2017 02:00,15.0539999
10995,02/10/2017 03:00,12.45100021
10996,02/10/2017 04:00,11.11499977
10997,02/10/2017 05:00,9.918999672
10998,02/10/2017 06:00,12.38099957
10999,02/10/2017 07:00,12.59200001
11000,02/10/2017 08:00,13.01399994
11001,02/10/2017 09:00,12.17000008
11002,02/10/2017 10:00,8.722999573
11003,02/10/2017 11:00,9.286000252
11004,02/10/2017 12:00,9.777999878
11005,02/10/2017 13:00,11.18500042
11006,02/10/2017 14:00,10.76299953
11007,02/10/2017 15:00,10.48200035
11008,02/10/2017 16:00,10.48200035
11009,02/10/2017 17:00,8.512000084
11010,02/10/2017 18:00,10.3409996
11011,02/10/2017 19:00,9.98900032
11012,02/10/2017 20:00,8.230999947
11013,02/10/2017 21:00,9.98900032
11014,02/10/2017 22:00,9.777999878
11015,02/10/2017 23:00,9.918999672
11016,03/10/2017 00:00,9.215000153
11017,03/10/2017 01:00,9.425999641
11018,03/10/2017 02:00,10.27099991
11019,03/10/2017 03:00,10.06000042
11020,03/10/2017 04:00,10.13000011
11021,03/10/2017 05:00,10.13000011
11022,03/10/2017 06:00,9.425999641
11023,03/10/2017 07:00,9.567000389
11024,03/10/2017 08:00,10.19999981
11025,03/10/2017 09:00,7.948999882
11026,03/10/2017 10:00,9.215000153
11027,03/10/2017 11:00,8.581999779
11028,03/10/2017 12:00,8.722999573
11029,03/10/2017 13:00,9.286000252
11030,03/10/2017 14:00,7.386000156
11031,03/10/2017 15:00,8.37100029
11032,03/10/2017 16:00,7.948999882
11033,03/10/2017 17:00,7.105000019
11034,03/10/2017 18:00,6.612999916
11035,03/10/2017 19:00,6.752999783
11036,03/10/2017 20:00,6.612999916
11037,03/10/2017 21:00,4.290999889
11038,03/10/2017 22:00,3.236000061
11039,03/10/2017 23:00,6.472000122
11040,04/10/2017 00:00,6.894000053
11041,04/10/2017 01:00,6.752999783
11042,04/10/2017 02:00,7.879000187
11043,04/10/2017 03:00,7.879000187
11044,04/10/2017 04:00,7.456999779
11045,04/10/2017 05:00,7.034999847
11046,04/10/2017 06:00,7.105000019
11047,04/10/2017 07:00,7.386000156
11048,04/10/2017 08:00,7.456999779
11049,04/10/2017 09:00,7.879000187
11050,04/10/2017 10:00,8.090000153
11051,04/10/2017 11:00,8.512000084
11052,04/10/2017 12:00,9.355999947
11053,04/10/2017 13:00,9.286000252
11054,04/10/2017 14:00,9.425999641
11055,04/10/2017 15:00,9.567000389
11056,04/10/2017 16:00,8.793000221
11057,04/10/2017 17:00,8.300999641
11058,04/10/2017 18:00,8.159999847
11059,04/10/2017 19:00,7.879000187
11060,04/10/2017 20:00,7.105000019
11061,04/10/2017 21:00,6.683000088
11062,04/10/2017 22:00,6.472000122
11063,04/10/2017 23:00,6.261000156
11064,05/10/2017 00:00,5.839000225
11065,05/10/2017 01:00,6.050000191
11066,05/10/2017 02:00,5.697999954
11067,05/10/2017 03:00,5.416999817
11068,05/10/2017 04:00,3.588000059
11069,05/10/2017 05:00,3.51699996
11070,05/10/2017 06:00,3.588000059
11071,05/10/2017 07:00,6.119999886
11072,05/10/2017 08:00,5.90899992
11073,05/10/2017 09:00,6.050000191
11074,05/10/2017 10:00,5.627999783
11075,05/10/2017 11:00,6.894000053
11076,05/10/2017 12:00,6.541999817
11077,05/10/2017 13:00,5.416999817
11078,05/10/2017 14:00,5.346000195
11079,05/10/2017 15:00,6.683000088
11080,05/10/2017 16:00,7.668000221
11081,05/10/2017 17:00,8.442000389
11082,05/10/2017 18:00,8.86400032
11083,05/10/2017 19:00,9.00399971
11084,05/10/2017 20:00,9.777999878
11085,05/10/2017 21:00,9.496999741
11086,05/10/2017 22:00,9.496999741
11087,05/10/2017 23:00,10.06000042
11088,06/10/2017 00:00,10.19999981
11089,06/10/2017 01:00,10.27099991
11090,06/10/2017 02:00,9.98900032
11091,06/10/2017 03:00,10.19999981
11092,06/10/2017 04:00,9.567000389
11093,06/10/2017 05:00,9.777999878
11094,06/10/2017 06:00,10.27099991
11095,06/10/2017 07:00,10.55200005
11096,06/10/2017 08:00,9.637999535
11097,06/10/2017 09:00,10.3409996
11098,06/10/2017 10:00,10.76299953
11099,06/10/2017 11:00,11.11499977
11100,06/10/2017 12:00,10.83300018
11101,06/10/2017 13:00,11.39599991
11102,06/10/2017 14:00,11.5369997
11103,06/10/2017 15:00,11.5369997
11104,06/10/2017 16:00,11.11499977
11105,06/10/2017 17:00,11.67800045
11106,06/10/2017 18:00,11.46700001
11107,06/10/2017 19:00,11.18500042
11108,06/10/2017 20:00,11.18500042
11109,06/10/2017 21:00,11.39599991
11110,06/10/2017 22:00,11.46700001
11111,06/10/2017 23:00,11.39599991
11112,07/10/2017 00:00,10.62199974
11113,07/10/2017 01:00,10.13000011
11114,07/10/2017 02:00,10.27099991
11115,07/10/2017 03:00,10.3409996
11116,07/10/2017 04:00,9.98900032
11117,07/10/2017 05:00,10.19999981
11118,07/10/2017 06:00,10.48200035
11119,07/10/2017 07:00,10.19999981
11120,07/10/2017 08:00,9.98900032
11121,07/10/2017 09:00,10.13000011
11122,07/10/2017 10:00,10.83300018
11123,07/10/2017 11:00,10.83300018
11124,07/10/2017 12:00,11.74800014
11125,07/10/2017 13:00,13.78800011
11126,07/10/2017 14:00,13.9289999
11127,07/10/2017 15:00,13.8579998
11128,07/10/2017 16:00,13.64700031
11129,07/10/2017 17:00,13.71800041
11130,07/10/2017 18:00,12.8739996
11131,07/10/2017 19:00,12.52200031
11132,07/10/2017 20:00,12.10000038
11133,07/10/2017 21:00,11.67800045
11134,07/10/2017 22:00,11.5369997
11135,07/10/2017 23:00,11.18500042
11136,08/10/2017 00:00,11.32600021
11137,08/10/2017 01:00,11.25599957
11138,08/10/2017 02:00,11.32600021
11139,08/10/2017 03:00,11.04399967
11140,08/10/2017 04:00,11.46700001
11141,08/10/2017 05:00,11.11499977
11142,08/10/2017 06:00,11.11499977
11143,08/10/2017 07:00,11.18500042
11144,08/10/2017 08:00,11.46700001
11145,08/10/2017 09:00,12.38099957
11146,08/10/2017 10:00,13.15499973
11147,08/10/2017 11:00,13.08500004
11148,08/10/2017 12:00,13.43599987
11149,08/10/2017 13:00,15.47599983
11150,08/10/2017 14:00,15.125
11151,08/10/2017 15:00,15.19499969
11152,08/10/2017 16:00,14.70300007
11153,08/10/2017 17:00,15.125
11154,08/10/2017 18:00,14.14000034
11155,08/10/2017 19:00,13.57699966
11156,08/10/2017 20:00,12.8739996
11157,08/10/2017 21:00,12.38099957
11158,08/10/2017 22:00,12.23999977
11159,08/10/2017 23:00,11.88899994
11160,09/10/2017 00:00,11.60700035
11161,09/10/2017 01:00,11.60700035
11162,09/10/2017 02:00,11.5369997
11163,09/10/2017 03:00,10.90400028
11164,09/10/2017 04:00,10.83300018
11165,09/10/2017 05:00,10.69299984
11166,09/10/2017 06:00,10.76299953
11167,09/10/2017 07:00,11.11499977
11168,09/10/2017 08:00,11.11499977
11169,09/10/2017 09:00,11.46700001
11170,09/10/2017 10:00,13.08500004
11171,09/10/2017 11:00,13.29599953
11172,09/10/2017 12:00,13.64700031
11173,09/10/2017 13:00,15.75800037
11174,09/10/2017 14:00,16.39100075
11175,09/10/2017 15:00,15.89799976
11176,09/10/2017 16:00,16.39100075
11177,09/10/2017 17:00,16.18000031
11178,09/10/2017 18:00,15.68700027
11179,09/10/2017 19:00,15.96899986
11180,09/10/2017 20:00,14.84300041
11181,09/10/2017 21:00,14.56200027
11182,09/10/2017 22:00,14.49100018
11183,09/10/2017 23:00,13.9289999
11184,10/10/2017 00:00,14.27999973
11185,10/10/2017 01:00,14.84300041
11186,10/10/2017 02:00,13.9989996
11187,10/10/2017 03:00,14.63199997
11188,10/10/2017 04:00,15.26500034
11189,10/10/2017 05:00,15.54699993
11190,10/10/2017 06:00,14.84300041
11191,10/10/2017 07:00,15.0539999
11192,10/10/2017 08:00,15.54699993
11193,10/10/2017 09:00,15.75800037
11194,10/10/2017 10:00,14.56200027
11195,10/10/2017 11:00,13.9289999
11196,10/10/2017 12:00,13.43599987
11197,10/10/2017 13:00,13.9289999
11198,10/10/2017 14:00,12.38099957
11199,10/10/2017 15:00,11.67800045
11200,10/10/2017 16:00,10.62199974
11201,10/10/2017 17:00,9.567000389
11202,10/10/2017 18:00,9.355999947
11203,10/10/2017 19:00,8.934000015
11204,10/10/2017 20:00,8.230999947
11205,10/10/2017 21:00,7.737999916
11206,10/10/2017 22:00,7.034999847
11207,10/10/2017 23:00,6.752999783
11208,11/10/2017 00:00,5.55700016
11209,11/10/2017 01:00,6.752999783
11210,11/10/2017 02:00,6.261000156
11211,11/10/2017 03:00,6.261000156
11212,11/10/2017 04:00,7.105000019
11213,11/10/2017 05:00,6.261000156
11214,11/10/2017 06:00,6.541999817
11215,11/10/2017 07:00,4.501999855
11216,11/10/2017 08:00,6.823999882
11217,11/10/2017 09:00,7.034999847
11218,11/10/2017 10:00,7.809000015
11219,11/10/2017 11:00,8.442000389
11220,11/10/2017 12:00,8.722999573
11221,11/10/2017 13:00,7.879000187
11222,11/10/2017 14:00,7.105000019
11223,11/10/2017 15:00,7.737999916
11224,11/10/2017 16:00,6.964000225
11225,11/10/2017 17:00,6.190999985
11226,11/10/2017 18:00,4.361999989
11227,11/10/2017 19:00,6.472000122
11228,11/10/2017 20:00,6.683000088
11229,11/10/2017 21:00,6.612999916
11230,11/10/2017 22:00,6.472000122
11231,11/10/2017 23:00,6.40199995
11232,12/10/2017 00:00,6.612999916
11233,12/10/2017 01:00,4.43200016
11234,12/10/2017 02:00,5.346000195
11235,12/10/2017 03:00,3.236000061
11236,12/10/2017 04:00,3.657999992
11237,12/10/2017 05:00,3.025000095
11238,12/10/2017 06:00,2.673000097
11239,12/10/2017 07:00,2.743999958
11240,12/10/2017 08:00,4.361999989
11241,12/10/2017 09:00,3.51699996
11242,12/10/2017 10:00,4.501999855
11243,12/10/2017 11:00,4.501999855
11244,12/10/2017 12:00,4.501999855
11245,12/10/2017 13:00,6.823999882
11246,12/10/2017 14:00,5.486999989
11247,12/10/2017 15:00,5.065000057
11248,12/10/2017 16:00,5.486999989
11249,12/10/2017 17:00,4.994999886
11250,12/10/2017 18:00,5.839000225
11251,12/10/2017 19:00,6.190999985
11252,12/10/2017 20:00,6.261000156
11253,12/10/2017 21:00,7.105000019
11254,12/10/2017 22:00,7.034999847
11255,12/10/2017 23:00,7.879000187
11256,13/10/2017 00:00,7.668000221
11257,13/10/2017 01:00,7.737999916
11258,13/10/2017 02:00,7.315999985
11259,13/10/2017 03:00,7.52699995
11260,13/10/2017 04:00,7.175000191
11261,13/10/2017 05:00,7.456999779
11262,13/10/2017 06:00,7.315999985
11263,13/10/2017 07:00,6.964000225
11264,13/10/2017 08:00,7.315999985
11265,13/10/2017 09:00,7.386000156
11266,13/10/2017 10:00,7.456999779
11267,13/10/2017 11:00,8.300999641
11268,13/10/2017 12:00,8.159999847
11269,13/10/2017 13:00,8.652999878
11270,13/10/2017 14:00,9.286000252
11271,13/10/2017 15:00,9.637999535
11272,13/10/2017 16:00,9.637999535
11273,13/10/2017 17:00,10.06000042
11274,13/10/2017 18:00,10.06000042
11275,13/10/2017 19:00,9.286000252
11276,13/10/2017 20:00,9.286000252
11277,13/10/2017 21:00,9.074999809
11278,13/10/2017 22:00,8.512000084
11279,13/10/2017 23:00,8.230999947
11280,14/10/2017 00:00,8.159999847
11281,14/10/2017 01:00,8.020000458
11282,14/10/2017 02:00,7.879000187
11283,14/10/2017 03:00,8.090000153
11284,14/10/2017 04:00,4.923999786
11285,14/10/2017 05:00,6.261000156
11286,14/10/2017 06:00,6.40199995
11287,14/10/2017 07:00,7.245999813
11288,14/10/2017 08:00,7.809000015
11289,14/10/2017 09:00,7.668000221
11290,14/10/2017 10:00,8.159999847
11291,14/10/2017 11:00,8.300999641
11292,14/10/2017 12:00,8.020000458
11293,14/10/2017 13:00,8.512000084
11294,14/10/2017 14:00,8.581999779
11295,14/10/2017 15:00,8.159999847
11296,14/10/2017 16:00,7.597000122
11297,14/10/2017 17:00,7.245999813
11298,14/10/2017 18:00,7.245999813
11299,14/10/2017 19:00,6.894000053
11300,14/10/2017 20:00,6.894000053
11301,14/10/2017 21:00,7.245999813
11302,14/10/2017 22:00,7.315999985
11303,14/10/2017 23:00,7.105000019
11304,15/10/2017 00:00,7.456999779
11305,15/10/2017 01:00,7.52699995
11306,15/10/2017 02:00,7.386000156
11307,15/10/2017 03:00,7.456999779
11308,15/10/2017 04:00,6.823999882
11309,15/10/2017 05:00,6.330999851
11310,15/10/2017 06:00,6.541999817
11311,15/10/2017 07:00,6.541999817
11312,15/10/2017 08:00,6.472000122
11313,15/10/2017 09:00,6.541999817
11314,15/10/2017 10:00,6.119999886
11315,15/10/2017 11:00,7.245999813
11316,15/10/2017 12:00,7.315999985
11317,15/10/2017 13:00,8.37100029
11318,15/10/2017 14:00,8.442000389
11319,15/10/2017 15:00,8.300999641
11320,15/10/2017 16:00,7.737999916
11321,15/10/2017 17:00,7.668000221
11322,15/10/2017 18:00,6.894000053
11323,15/10/2017 19:00,7.597000122
11324,15/10/2017 20:00,7.105000019
11325,15/10/2017 21:00,6.541999817
11326,15/10/2017 22:00,6.119999886
11327,15/10/2017 23:00,6.330999851
11328,16/10/2017 00:00,6.330999851
11329,16/10/2017 01:00,6.472000122
11330,16/10/2017 02:00,6.261000156
11331,16/10/2017 03:00,6.190999985
11332,16/10/2017 04:00,5.839000225
11333,16/10/2017 05:00,4.43200016
11334,16/10/2017 06:00,6.261000156
11335,16/10/2017 07:00,6.612999916
11336,16/10/2017 08:00,6.541999817
11337,16/10/2017 09:00,6.683000088
11338,16/10/2017 10:00,6.612999916
11339,16/10/2017 11:00,6.752999783
11340,16/10/2017 12:00,6.050000191
11341,16/10/2017 13:00,4.994999886
11342,16/10/2017 14:00,6.190999985
11343,16/10/2017 15:00,4.361999989
11344,16/10/2017 16:00,3.305999994
11345,16/10/2017 17:00,4.78399992
11346,16/10/2017 18:00,3.868999958
11347,16/10/2017 19:00,4.501999855
11348,16/10/2017 20:00,5.90899992
11349,16/10/2017 21:00,5.697999954
11350,16/10/2017 22:00,6.190999985
11351,16/10/2017 23:00,5.346000195
11352,17/10/2017 00:00,4.643000126
11353,17/10/2017 01:00,5.90899992
11354,17/10/2017 02:00,4.712999821
11355,17/10/2017 03:00,6.050000191
11356,17/10/2017 04:00,7.105000019
11357,17/10/2017 05:00,7.105000019
11358,17/10/2017 06:00,6.472000122
11359,17/10/2017 07:00,6.964000225
11360,17/10/2017 08:00,7.597000122
11361,17/10/2017 09:00,7.668000221
11362,17/10/2017 10:00,8.020000458
11363,17/10/2017 11:00,8.512000084
11364,17/10/2017 12:00,8.442000389
11365,17/10/2017 13:00,8.652999878
11366,17/10/2017 14:00,8.722999573
11367,17/10/2017 15:00,9.074999809
11368,17/10/2017 16:00,8.86400032
11369,17/10/2017 17:00,8.581999779
11370,17/10/2017 18:00,9.355999947
11371,17/10/2017 19:00,9.496999741
11372,17/10/2017 20:00,9.355999947
11373,17/10/2017 21:00,9.215000153
11374,17/10/2017 22:00,8.37100029
11375,17/10/2017 23:00,7.879000187
11376,18/10/2017 00:00,8.020000458
11377,18/10/2017 01:00,7.668000221
11378,18/10/2017 02:00,7.315999985
11379,18/10/2017 03:00,7.105000019
11380,18/10/2017 04:00,7.175000191
11381,18/10/2017 05:00,7.105000019
11382,18/10/2017 06:00,7.105000019
11383,18/10/2017 07:00,6.752999783
11384,18/10/2017 08:00,6.894000053
11385,18/10/2017 09:00,6.964000225
11386,18/10/2017 10:00,7.315999985
11387,18/10/2017 11:00,8.020000458
11388,18/10/2017 12:00,8.722999573
11389,18/10/2017 13:00,9.567000389
11390,18/10/2017 14:00,9.637999535
11391,18/10/2017 15:00,9.637999535
11392,18/10/2017 16:00,9.567000389
11393,18/10/2017 17:00,9.215000153
11394,18/10/2017 18:00,9.425999641
11395,18/10/2017 19:00,9.286000252
11396,18/10/2017 20:00,9.00399971
11397,18/10/2017 21:00,8.020000458
11398,18/10/2017 22:00,7.597000122
11399,18/10/2017 23:00,7.315999985
11400,19/10/2017 00:00,9.567000389
11401,19/10/2017 01:00,9.074999809
11402,19/10/2017 02:00,9.00399971
11403,19/10/2017 03:00,9.215000153
11404,19/10/2017 04:00,9.355999947
11405,19/10/2017 05:00,7.809000015
11406,19/10/2017 06:00,7.175000191
11407,19/10/2017 07:00,7.737999916
11408,19/10/2017 08:00,8.230999947
11409,19/10/2017 09:00,8.159999847
11410,19/10/2017 10:00,8.300999641
11411,19/10/2017 11:00,8.652999878
11412,19/10/2017 12:00,9.215000153
11413,19/10/2017 13:00,9.637999535
11414,19/10/2017 14:00,10.62199974
11415,19/10/2017 15:00,10.3409996
11416,19/10/2017 16:00,11.25599957
11417,19/10/2017 17:00,11.04399967
11418,19/10/2017 18:00,10.76299953
11419,19/10/2017 19:00,10.69299984
11420,19/10/2017 20:00,10.90400028
11421,19/10/2017 21:00,10.19999981
11422,19/10/2017 22:00,9.98900032
11423,19/10/2017 23:00,9.215000153
11424,20/10/2017 00:00,8.86400032
11425,20/10/2017 01:00,8.442000389
11426,20/10/2017 02:00,8.159999847
11427,20/10/2017 03:00,7.948999882
11428,20/10/2017 04:00,7.948999882
11429,20/10/2017 05:00,8.581999779
11430,20/10/2017 06:00,7.809000015
11431,20/10/2017 07:00,8.020000458
11432,20/10/2017 08:00,9.074999809
11433,20/10/2017 09:00,9.286000252
11434,20/10/2017 10:00,8.86400032
11435,20/10/2017 11:00,9.708000183
11436,20/10/2017 12:00,10.48200035
11437,20/10/2017 13:00,10.62199974
11438,20/10/2017 14:00,11.81799984
11439,20/10/2017 15:00,11.67800045
11440,20/10/2017 16:00,11.67800045
11441,20/10/2017 17:00,11.39599991
11442,20/10/2017 18:00,10.83300018
11443,20/10/2017 19:00,10.06000042
11444,20/10/2017 20:00,9.918999672
11445,20/10/2017 21:00,9.918999672
11446,20/10/2017 22:00,10.06000042
11447,20/10/2017 23:00,10.27099991
11448,21/10/2017 00:00,10.27099991
11449,21/10/2017 01:00,9.777999878
11450,21/10/2017 02:00,10.27099991
11451,21/10/2017 03:00,9.00399971
11452,21/10/2017 04:00,9.777999878
11453,21/10/2017 05:00,10.13000011
11454,21/10/2017 06:00,10.13000011
11455,21/10/2017 07:00,10.13000011
11456,21/10/2017 08:00,11.25599957
11457,21/10/2017 09:00,11.39599991
11458,21/10/2017 10:00,11.74800014
11459,21/10/2017 11:00,11.88899994
11460,21/10/2017 12:00,11.67800045
11461,21/10/2017 13:00,11.11499977
11462,21/10/2017 14:00,11.88899994
11463,21/10/2017 15:00,12.02900028
11464,21/10/2017 16:00,11.81799984
11465,21/10/2017 17:00,12.02900028
11466,21/10/2017 18:00,11.74800014
11467,21/10/2017 19:00,10.62199974
11468,21/10/2017 20:00,10.55200005
11469,21/10/2017 21:00,10.06000042
11470,21/10/2017 22:00,10.19999981
11471,21/10/2017 23:00,9.567000389
11472,22/10/2017 00:00,9.777999878
11473,22/10/2017 01:00,9.777999878
11474,22/10/2017 02:00,9.708000183
11475,22/10/2017 03:00,9.918999672
11476,22/10/2017 04:00,9.425999641
11477,22/10/2017 05:00,8.934000015
11478,22/10/2017 06:00,9.637999535
11479,22/10/2017 07:00,8.090000153
11480,22/10/2017 08:00,8.581999779
11481,22/10/2017 09:00,9.637999535
11482,22/10/2017 10:00,10.90400028
11483,22/10/2017 11:00,10.97399998
11484,22/10/2017 12:00,11.39599991
11485,22/10/2017 13:00,12.52200031
11486,22/10/2017 14:00,12.8739996
11487,22/10/2017 15:00,12.38099957
11488,22/10/2017 16:00,13.64700031
11489,22/10/2017 17:00,13.43599987
11490,22/10/2017 18:00,12.10000038
11491,22/10/2017 19:00,11.95899963
11492,22/10/2017 20:00,12.02900028
11493,22/10/2017 21:00,11.5369997
11494,22/10/2017 22:00,11.5369997
11495,22/10/2017 23:00,10.90400028
11496,23/10/2017 00:00,10.76299953
11497,23/10/2017 01:00,11.25599957
11498,23/10/2017 02:00,11.88899994
11499,23/10/2017 03:00,12.38099957
11500,23/10/2017 04:00,11.32600021
11501,23/10/2017 05:00,10.62199974
11502,23/10/2017 06:00,9.496999741
11503,23/10/2017 07:00,9.215000153
11504,23/10/2017 08:00,9.425999641
11505,23/10/2017 09:00,9.355999947
11506,23/10/2017 10:00,10.76299953
11507,23/10/2017 11:00,11.04399967
11508,23/10/2017 12:00,11.25599957
11509,23/10/2017 13:00,11.25599957
11510,23/10/2017 14:00,11.39599991
11511,23/10/2017 15:00,11.18500042
11512,23/10/2017 16:00,11.32600021
11513,23/10/2017 17:00,11.46700001
11514,23/10/2017 18:00,10.55200005
11515,23/10/2017 19:00,10.27099991
11516,23/10/2017 20:00,9.708000183
11517,23/10/2017 21:00,8.722999573
11518,23/10/2017 22:00,8.86400032
11519,23/10/2017 23:00,9.00399971
11520,24/10/2017 00:00,9.215000153
11521,24/10/2017 01:00,9.145000458
11522,24/10/2017 02:00,9.496999741
11523,24/10/2017 03:00,9.074999809
11524,24/10/2017 04:00,8.722999573
11525,24/10/2017 05:00,8.934000015
11526,24/10/2017 06:00,8.86400032
11527,24/10/2017 07:00,8.86400032
11528,24/10/2017 08:00,9.425999641
11529,24/10/2017 09:00,9.425999641
11530,24/10/2017 10:00,9.708000183
11531,24/10/2017 11:00,9.848999977
11532,24/10/2017 12:00,10.06000042
11533,24/10/2017 13:00,11.67800045
11534,24/10/2017 14:00,12.17000008
11535,24/10/2017 15:00,11.18500042
11536,24/10/2017 16:00,11.04399967
11537,24/10/2017 17:00,11.60700035
11538,24/10/2017 18:00,10.97399998
11539,24/10/2017 19:00,11.39599991
11540,24/10/2017 20:00,10.83300018
11541,24/10/2017 21:00,10.83300018
11542,24/10/2017 22:00,10.3409996
11543,24/10/2017 23:00,9.286000252
11544,25/10/2017 00:00,9.145000458
11545,25/10/2017 01:00,8.37100029
11546,25/10/2017 02:00,8.581999779
11547,25/10/2017 03:00,8.090000153
11548,25/10/2017 04:00,7.737999916
11549,25/10/2017 05:00,7.809000015
11550,25/10/2017 06:00,7.456999779
11551,25/10/2017 07:00,7.315999985
11552,25/10/2017 08:00,7.456999779
11553,25/10/2017 09:00,7.668000221
11554,25/10/2017 10:00,9.215000153
11555,25/10/2017 11:00,8.934000015
11556,25/10/2017 12:00,9.215000153
11557,25/10/2017 13:00,10.62199974
11558,25/10/2017 14:00,11.18500042
11559,25/10/2017 15:00,11.25599957
11560,25/10/2017 16:00,11.32600021
11561,25/10/2017 17:00,11.88899994
11562,25/10/2017 18:00,11.18500042
11563,25/10/2017 19:00,10.62199974
11564,25/10/2017 20:00,10.3409996
11565,25/10/2017 21:00,9.777999878
11566,25/10/2017 22:00,9.708000183
11567,25/10/2017 23:00,9.777999878
11568,26/10/2017 00:00,9.567000389
11569,26/10/2017 01:00,9.425999641
11570,26/10/2017 02:00,9.567000389
11571,26/10/2017 03:00,8.793000221
11572,26/10/2017 04:00,9.425999641
11573,26/10/2017 05:00,10.06000042
11574,26/10/2017 06:00,10.76299953
11575,26/10/2017 07:00,10.41100025
11576,26/10/2017 08:00,10.90400028
11577,26/10/2017 09:00,11.67800045
11578,26/10/2017 10:00,11.5369997
11579,26/10/2017 11:00,11.46700001
11580,26/10/2017 12:00,12.52200031
11581,26/10/2017 13:00,13.36600018
11582,26/10/2017 14:00,13.71800041
11583,26/10/2017 15:00,12.59200001
11584,26/10/2017 16:00,13.29599953
11585,26/10/2017 17:00,12.8739996
11586,26/10/2017 18:00,11.74800014
11587,26/10/2017 19:00,11.60700035
11588,26/10/2017 20:00,10.48200035
11589,26/10/2017 21:00,10.06000042
11590,26/10/2017 22:00,9.777999878
11591,26/10/2017 23:00,9.777999878
11592,27/10/2017 00:00,9.567000389
11593,27/10/2017 01:00,10.06000042
11594,27/10/2017 02:00,9.848999977
11595,27/10/2017 03:00,11.11499977
11596,27/10/2017 04:00,11.39599991
11597,27/10/2017 05:00,10.97399998
11598,27/10/2017 06:00,10.90400028
11599,27/10/2017 07:00,10.97399998
11600,27/10/2017 08:00,11.95899963
11601,27/10/2017 09:00,12.59200001
11602,27/10/2017 10:00,12.80300045
11603,27/10/2017 11:00,12.45100021
11604,27/10/2017 12:00,12.8739996
11605,27/10/2017 13:00,14.35099983
11606,27/10/2017 14:00,14.77299976
11607,27/10/2017 15:00,13.64700031
11608,27/10/2017 16:00,13.08500004
11609,27/10/2017 17:00,12.23999977
11610,27/10/2017 18:00,11.88899994
11611,27/10/2017 19:00,11.81799984
11612,27/10/2017 20:00,11.67800045
11613,27/10/2017 21:00,11.88899994
11614,27/10/2017 22:00,11.32600021
11615,27/10/2017 23:00,10.97399998
11616,28/10/2017 00:00,10.69299984
11617,28/10/2017 01:00,10.27099991
11618,28/10/2017 02:00,10.06000042
11619,28/10/2017 03:00,9.98900032
11620,28/10/2017 04:00,10.06000042
11621,28/10/2017 05:00,10.06000042
11622,28/10/2017 06:00,10.13000011
11623,28/10/2017 07:00,10.69299984
11624,28/10/2017 08:00,10.83300018
11625,28/10/2017 09:00,10.48200035
11626,28/10/2017 10:00,10.62199974
11627,28/10/2017 11:00,10.76299953
11628,28/10/2017 12:00,11.46700001
11629,28/10/2017 13:00,13.01399994
11630,28/10/2017 14:00,13.64700031
11631,28/10/2017 15:00,12.7329998
11632,28/10/2017 16:00,13.43599987
11633,28/10/2017 17:00,12.80300045
11634,28/10/2017 18:00,12.59200001
11635,28/10/2017 19:00,12.10000038
11636,28/10/2017 20:00,11.81799984
11637,28/10/2017 21:00,11.11499977
11638,28/10/2017 22:00,9.918999672
11639,28/10/2017 23:00,10.19999981
11640,29/10/2017 00:00,9.98900032
11641,29/10/2017 01:00,10.3409996
11642,29/10/2017 02:00,10.13000011
11643,29/10/2017 03:00,10.48200035
11644,29/10/2017 04:00,9.637999535
11645,29/10/2017 05:00,9.708000183
11646,29/10/2017 06:00,8.090000153
11647,29/10/2017 07:00,9.074999809
11648,29/10/2017 08:00,7.597000122
11649,29/10/2017 09:00,7.809000015
11650,29/10/2017 10:00,7.737999916
11651,29/10/2017 11:00,8.581999779
11652,29/10/2017 12:00,9.425999641
11653,29/10/2017 13:00,9.918999672
11654,29/10/2017 14:00,9.777999878
11655,29/10/2017 15:00,10.55200005
11656,29/10/2017 16:00,10.41100025
11657,29/10/2017 17:00,10.62199974
11658,29/10/2017 18:00,10.48200035
11659,29/10/2017 19:00,9.708000183
11660,29/10/2017 20:00,9.215000153
11661,29/10/2017 21:00,8.090000153
11662,29/10/2017 22:00,7.456999779
11663,29/10/2017 23:00,6.683000088
11664,30/10/2017 00:00,5.90899992
11665,30/10/2017 01:00,6.40199995
11666,30/10/2017 02:00,5.697999954
11667,30/10/2017 03:00,5.205999851
11668,30/10/2017 04:00,7.597000122
11669,30/10/2017 05:00,7.105000019
11670,30/10/2017 06:00,5.697999954
11671,30/10/2017 07:00,5.979000092
11672,30/10/2017 08:00,5.697999954
11673,30/10/2017 09:00,6.40199995
11674,30/10/2017 10:00,6.612999916
11675,30/10/2017 11:00,8.230999947
11676,30/10/2017 12:00,9.074999809
11677,30/10/2017 13:00,10.76299953
11678,30/10/2017 14:00,11.32600021
11679,30/10/2017 15:00,10.62199974
11680,30/10/2017 16:00,11.32600021
11681,30/10/2017 17:00,11.25599957
11682,30/10/2017 18:00,9.145000458
11683,30/10/2017 19:00,8.86400032
11684,30/10/2017 20:00,8.86400032
11685,30/10/2017 21:00,8.86400032
11686,30/10/2017 22:00,8.652999878
11687,30/10/2017 23:00,8.442000389
11688,31/10/2017 00:00,7.948999882
11689,31/10/2017 01:00,7.948999882
11690,31/10/2017 02:00,7.948999882
11691,31/10/2017 03:00,7.948999882
11692,31/10/2017 04:00,7.948999882
11693,31/10/2017 05:00,7.948999882
11694,31/10/2017 06:00,7.948999882
11695,31/10/2017 07:00,7.948999882
11696,31/10/2017 08:00,7.948999882
11697,31/10/2017 09:00,7.948999882
11698,31/10/2017 10:00,7.948999882
11699,31/10/2017 11:00,7.948999882
11700,31/10/2017 12:00,7.948999882
11701,31/10/2017 13:00,7.948999882
11702,31/10/2017 14:00,7.948999882
11703,31/10/2017 15:00,7.948999882
11704,31/10/2017 16:00,7.948999882
11705,31/10/2017 17:00,7.948999882
11706,31/10/2017 18:00,7.948999882
11707,31/10/2017 19:00,7.948999882
11708,31/10/2017 20:00,7.948999882
11709,31/10/2017 21:00,7.948999882
11710,31/10/2017 22:00,7.948999882
11711,31/10/2017 23:00,7.948999882
11712,01/11/2017 00:00,9.567000389
11713,01/11/2017 01:00,9.708000183
11714,01/11/2017 02:00,9.425999641
11715,01/11/2017 03:00,9.425999641
11716,01/11/2017 04:00,9.567000389
11717,01/11/2017 05:00,9.145000458
11718,01/11/2017 06:00,9.074999809
11719,01/11/2017 07:00,9.286000252
11720,01/11/2017 08:00,10.19999981
11721,01/11/2017 09:00,10.3409996
11722,01/11/2017 10:00,10.62199974
11723,01/11/2017 11:00,11.18500042
11724,01/11/2017 12:00,10.83300018
11725,01/11/2017 13:00,13.78800011
11726,01/11/2017 14:00,14.27999973
11727,01/11/2017 15:00,13.22500038
11728,01/11/2017 16:00,14.35099983
11729,01/11/2017 17:00,13.22500038
11730,01/11/2017 18:00,11.88899994
11731,01/11/2017 19:00,11.32600021
11732,01/11/2017 20:00,11.46700001
11733,01/11/2017 21:00,11.5369997
11734,01/11/2017 22:00,11.04399967
11735,01/11/2017 23:00,11.04399967
11736,02/11/2017 00:00,10.90400028
11737,02/11/2017 01:00,10.13000011
11738,02/11/2017 02:00,10.19999981
11739,02/11/2017 03:00,9.777999878
11740,02/11/2017 04:00,9.708000183
11741,02/11/2017 05:00,9.918999672
11742,02/11/2017 06:00,10.19999981
11743,02/11/2017 07:00,9.848999977
11744,02/11/2017 08:00,9.918999672
11745,02/11/2017 09:00,10.06000042
11746,02/11/2017 10:00,10.13000011
11747,02/11/2017 11:00,10.62199974
11748,02/11/2017 12:00,11.25599957
11749,02/11/2017 13:00,12.52200031
11750,02/11/2017 14:00,14.27999973
11751,02/11/2017 15:00,13.43599987
11752,02/11/2017 16:00,13.50699997
11753,02/11/2017 17:00,12.17000008
11754,02/11/2017 18:00,12.23999977
11755,02/11/2017 19:00,12.38099957
11756,02/11/2017 20:00,12.38099957
11757,02/11/2017 21:00,12.02900028
11758,02/11/2017 22:00,11.46700001
11759,02/11/2017 23:00,11.74800014
11760,03/11/2017 00:00,11.5369997
11761,03/11/2017 01:00,11.46700001
11762,03/11/2017 02:00,11.04399967
11763,03/11/2017 03:00,11.67800045
11764,03/11/2017 04:00,11.11499977
11765,03/11/2017 05:00,10.48200035
11766,03/11/2017 06:00,10.62199974
11767,03/11/2017 07:00,10.97399998
11768,03/11/2017 08:00,11.04399967
11769,03/11/2017 09:00,10.97399998
11770,03/11/2017 10:00,10.27099991
11771,03/11/2017 11:00,10.76299953
11772,03/11/2017 12:00,10.97399998
11773,03/11/2017 13:00,11.95899963
11774,03/11/2017 14:00,11.32600021
11775,03/11/2017 15:00,10.27099991
11776,03/11/2017 16:00,10.13000011
11777,03/11/2017 17:00,10.3409996
11778,03/11/2017 18:00,9.215000153
11779,03/11/2017 19:00,8.793000221
11780,03/11/2017 20:00,8.512000084
11781,03/11/2017 21:00,7.879000187
11782,03/11/2017 22:00,7.668000221
11783,03/11/2017 23:00,7.737999916
11784,04/11/2017 00:00,7.597000122
11785,04/11/2017 01:00,7.034999847
11786,04/11/2017 02:00,7.315999985
11787,04/11/2017 03:00,6.612999916
11788,04/11/2017 04:00,6.612999916
11789,04/11/2017 05:00,6.472000122
11790,04/11/2017 06:00,6.119999886
11791,04/11/2017 07:00,5.627999783
11792,04/11/2017 08:00,5.627999783
11793,04/11/2017 09:00,5.627999783
11794,04/11/2017 10:00,6.261000156
11795,04/11/2017 11:00,6.752999783
11796,04/11/2017 12:00,6.823999882
11797,04/11/2017 13:00,9.567000389
11798,04/11/2017 14:00,9.567000389
11799,04/11/2017 15:00,8.652999878
11800,04/11/2017 16:00,9.355999947
11801,04/11/2017 17:00,9.637999535
11802,04/11/2017 18:00,8.230999947
11803,04/11/2017 19:00,8.300999641
11804,04/11/2017 20:00,8.722999573
11805,04/11/2017 21:00,9.00399971
11806,04/11/2017 22:00,7.948999882
11807,04/11/2017 23:00,7.456999779
11808,05/11/2017 00:00,7.315999985
11809,05/11/2017 01:00,6.541999817
11810,05/11/2017 02:00,6.40199995
11811,05/11/2017 03:00,5.90899992
11812,05/11/2017 04:00,5.627999783
11813,05/11/2017 05:00,5.346000195
11814,05/11/2017 06:00,5.697999954
11815,05/11/2017 07:00,5.346000195
11816,05/11/2017 08:00,5.486999989
11817,05/11/2017 09:00,6.050000191
11818,05/11/2017 10:00,5.839000225
11819,05/11/2017 11:00,6.40199995
11820,05/11/2017 12:00,6.683000088
11821,05/11/2017 13:00,9.425999641
11822,05/11/2017 14:00,8.86400032
11823,05/11/2017 15:00,8.442000389
11824,05/11/2017 16:00,8.793000221
11825,05/11/2017 17:00,8.934000015
11826,05/11/2017 18:00,8.652999878
11827,05/11/2017 19:00,8.300999641
11828,05/11/2017 20:00,8.090000153
11829,05/11/2017 21:00,7.456999779
11830,05/11/2017 22:00,7.105000019
11831,05/11/2017 23:00,7.034999847
11832,06/11/2017 00:00,7.105000019
11833,06/11/2017 01:00,7.315999985
11834,06/11/2017 02:00,7.879000187
11835,06/11/2017 03:00,8.159999847
11836,06/11/2017 04:00,7.668000221
11837,06/11/2017 05:00,7.809000015
11838,06/11/2017 06:00,8.159999847
11839,06/11/2017 07:00,8.230999947
11840,06/11/2017 08:00,8.300999641
11841,06/11/2017 09:00,8.581999779
11842,06/11/2017 10:00,10.19999981
11843,06/11/2017 11:00,10.69299984
11844,06/11/2017 12:00,10.55200005
11845,06/11/2017 13:00,12.02900028
11846,06/11/2017 14:00,12.94400024
11847,06/11/2017 15:00,12.80300045
11848,06/11/2017 16:00,13.08500004
11849,06/11/2017 17:00,12.31099987
11850,06/11/2017 18:00,11.39599991
11851,06/11/2017 19:00,10.97399998
11852,06/11/2017 20:00,11.32600021
11853,06/11/2017 21:00,10.69299984
11854,06/11/2017 22:00,10.76299953
11855,06/11/2017 23:00,10.62199974
11856,07/11/2017 00:00,10.48200035
11857,07/11/2017 01:00,10.27099991
11858,07/11/2017 02:00,10.13000011
11859,07/11/2017 03:00,9.98900032
11860,07/11/2017 04:00,9.708000183
11861,07/11/2017 05:00,9.567000389
11862,07/11/2017 06:00,9.425999641
11863,07/11/2017 07:00,9.286000252
11864,07/11/2017 08:00,10.3409996
11865,07/11/2017 09:00,9.708000183
11866,07/11/2017 10:00,9.98900032
11867,07/11/2017 11:00,9.918999672
11868,07/11/2017 12:00,9.355999947
11869,07/11/2017 13:00,9.777999878
11870,07/11/2017 14:00,10.90400028
11871,07/11/2017 15:00,10.69299984
11872,07/11/2017 16:00,11.67800045
11873,07/11/2017 17:00,11.18500042
11874,07/11/2017 18:00,11.18500042
11875,07/11/2017 19:00,10.97399998
11876,07/11/2017 20:00,10.97399998
11877,07/11/2017 21:00,11.32600021
11878,07/11/2017 22:00,11.11499977
11879,07/11/2017 23:00,10.90400028
11880,08/11/2017 00:00,10.55200005
11881,08/11/2017 01:00,10.48200035
11882,08/11/2017 02:00,9.708000183
11883,08/11/2017 03:00,10.13000011
11884,08/11/2017 04:00,10.13000011
11885,08/11/2017 05:00,9.425999641
11886,08/11/2017 06:00,9.637999535
11887,08/11/2017 07:00,9.708000183
11888,08/11/2017 08:00,10.27099991
11889,08/11/2017 09:00,9.286000252
11890,08/11/2017 10:00,9.074999809
11891,08/11/2017 11:00,9.145000458
11892,08/11/2017 12:00,10.13000011
11893,08/11/2017 13:00,11.11499977
11894,08/11/2017 14:00,10.83300018
11895,08/11/2017 15:00,10.76299953
11896,08/11/2017 16:00,10.83300018
11897,08/11/2017 17:00,10.83300018
11898,08/11/2017 18:00,9.918999672
11899,08/11/2017 19:00,9.355999947
11900,08/11/2017 20:00,9.00399971
11901,08/11/2017 21:00,8.86400032
11902,08/11/2017 22:00,8.442000389
11903,08/11/2017 23:00,7.809000015
11904,09/11/2017 00:00,7.809000015
11905,09/11/2017 01:00,7.034999847
11906,09/11/2017 02:00,7.034999847
11907,09/11/2017 03:00,6.752999783
11908,09/11/2017 04:00,6.612999916
11909,09/11/2017 05:00,6.541999817
11910,09/11/2017 06:00,6.119999886
11911,09/11/2017 07:00,6.050000191
11912,09/11/2017 08:00,6.190999985
11913,09/11/2017 09:00,6.894000053
11914,09/11/2017 10:00,7.809000015
11915,09/11/2017 11:00,8.37100029
11916,09/11/2017 12:00,8.581999779
11917,09/11/2017 13:00,10.97399998
11918,09/11/2017 14:00,11.18500042
11919,09/11/2017 15:00,10.69299984
11920,09/11/2017 16:00,10.97399998
11921,09/11/2017 17:00,11.32600021
11922,09/11/2017 18:00,10.48200035
11923,09/11/2017 19:00,9.425999641
11924,09/11/2017 20:00,9.425999641
11925,09/11/2017 21:00,8.934000015
11926,09/11/2017 22:00,8.442000389
11927,09/11/2017 23:00,8.090000153
11928,10/11/2017 00:00,8.37100029
11929,10/11/2017 01:00,8.722999573
11930,10/11/2017 02:00,8.442000389
11931,10/11/2017 03:00,9.637999535
11932,10/11/2017 04:00,9.848999977
11933,10/11/2017 05:00,9.496999741
11934,10/11/2017 06:00,9.98900032
11935,10/11/2017 07:00,9.425999641
11936,10/11/2017 08:00,7.597000122
11937,10/11/2017 09:00,6.964000225
11938,10/11/2017 10:00,7.809000015
11939,10/11/2017 11:00,8.159999847
11940,10/11/2017 12:00,9.848999977
11941,10/11/2017 13:00,9.145000458
11942,10/11/2017 14:00,8.86400032
11943,10/11/2017 15:00,8.86400032
11944,10/11/2017 16:00,9.074999809
11945,10/11/2017 17:00,9.286000252
11946,10/11/2017 18:00,9.425999641
11947,10/11/2017 19:00,8.37100029
11948,10/11/2017 20:00,7.879000187
11949,10/11/2017 21:00,7.668000221
11950,10/11/2017 22:00,8.300999641
11951,10/11/2017 23:00,8.37100029
11952,11/11/2017 00:00,8.230999947
11953,11/11/2017 01:00,7.879000187
11954,11/11/2017 02:00,7.315999985
11955,11/11/2017 03:00,6.752999783
11956,11/11/2017 04:00,6.612999916
11957,11/11/2017 05:00,5.979000092
11958,11/11/2017 06:00,5.627999783
11959,11/11/2017 07:00,5.627999783
11960,11/11/2017 08:00,6.050000191
11961,11/11/2017 09:00,6.261000156
11962,11/11/2017 10:00,7.034999847
11963,11/11/2017 11:00,7.105000019
11964,11/11/2017 12:00,7.737999916
11965,11/11/2017 13:00,9.496999741
11966,11/11/2017 14:00,8.722999573
11967,11/11/2017 15:00,8.86400032
11968,11/11/2017 16:00,9.215000153
11969,11/11/2017 17:00,8.86400032
11970,11/11/2017 18:00,9.215000153
11971,11/11/2017 19:00,8.300999641
11972,11/11/2017 20:00,7.948999882
11973,11/11/2017 21:00,7.668000221
11974,11/11/2017 22:00,8.090000153
11975,11/11/2017 23:00,7.879000187
11976,12/11/2017 00:00,7.597000122
11977,12/11/2017 01:00,7.245999813
11978,12/11/2017 02:00,7.315999985
11979,12/11/2017 03:00,7.245999813
11980,12/11/2017 04:00,7.386000156
11981,12/11/2017 05:00,7.52699995
11982,12/11/2017 06:00,7.105000019
11983,12/11/2017 07:00,6.894000053
11984,12/11/2017 08:00,7.315999985
11985,12/11/2017 09:00,7.809000015
11986,12/11/2017 10:00,7.809000015
11987,12/11/2017 11:00,8.37100029
11988,12/11/2017 12:00,8.86400032
11989,12/11/2017 13:00,10.19999981
11990,12/11/2017 14:00,10.97399998
11991,12/11/2017 15:00,10.62199974
11992,12/11/2017 16:00,10.69299984
11993,12/11/2017 17:00,10.13000011
11994,12/11/2017 18:00,10.41100025
11995,12/11/2017 19:00,10.69299984
11996,12/11/2017 20:00,11.04399967
11997,12/11/2017 21:00,10.76299953
11998,12/11/2017 22:00,10.69299984
11999,12/11/2017 23:00,9.918999672
12000,13/11/2017 00:00,9.637999535
12001,13/11/2017 01:00,10.3409996
12002,13/11/2017 02:00,9.918999672
12003,13/11/2017 03:00,8.090000153
12004,13/11/2017 04:00,7.456999779
12005,13/11/2017 05:00,6.964000225
12006,13/11/2017 06:00,10.13000011
12007,13/11/2017 07:00,10.19999981
12008,13/11/2017 08:00,9.777999878
12009,13/11/2017 09:00,10.83300018
12010,13/11/2017 10:00,10.48200035
12011,13/11/2017 11:00,10.69299984
12012,13/11/2017 12:00,10.62199974
12013,13/11/2017 13:00,10.27099991
12014,13/11/2017 14:00,10.3409996
12015,13/11/2017 15:00,10.27099991
12016,13/11/2017 16:00,8.581999779
12017,13/11/2017 17:00,9.918999672
12018,13/11/2017 18:00,10.19999981
12019,13/11/2017 19:00,10.48200035
12020,13/11/2017 20:00,10.55200005
12021,13/11/2017 21:00,10.62199974
12022,13/11/2017 22:00,10.48200035
12023,13/11/2017 23:00,9.074999809
12024,14/11/2017 00:00,8.512000084
12025,14/11/2017 01:00,8.581999779
12026,14/11/2017 02:00,8.581999779
12027,14/11/2017 03:00,8.512000084
12028,14/11/2017 04:00,8.442000389
12029,14/11/2017 05:00,7.809000015
12030,14/11/2017 06:00,9.00399971
12031,14/11/2017 07:00,7.597000122
12032,14/11/2017 08:00,9.496999741
12033,14/11/2017 09:00,9.848999977
12034,14/11/2017 10:00,10.48200035
12035,14/11/2017 11:00,10.06000042
12036,14/11/2017 12:00,9.777999878
12037,14/11/2017 13:00,9.98900032
12038,14/11/2017 14:00,10.27099991
12039,14/11/2017 15:00,10.3409996
12040,14/11/2017 16:00,10.27099991
12041,14/11/2017 17:00,9.708000183
12042,14/11/2017 18:00,9.637999535
12043,14/11/2017 19:00,9.425999641
12044,14/11/2017 20:00,10.19999981
12045,14/11/2017 21:00,10.55200005
12046,14/11/2017 22:00,9.637999535
12047,14/11/2017 23:00,10.19999981
12048,15/11/2017 00:00,10.27099991
12049,15/11/2017 01:00,9.355999947
12050,15/11/2017 02:00,10.3409996
12051,15/11/2017 03:00,10.19999981
12052,15/11/2017 04:00,10.3409996
12053,15/11/2017 05:00,10.13000011
12054,15/11/2017 06:00,9.918999672
12055,15/11/2017 07:00,9.777999878
12056,15/11/2017 08:00,9.708000183
12057,15/11/2017 09:00,9.215000153
12058,15/11/2017 10:00,9.777999878
12059,15/11/2017 11:00,9.848999977
12060,15/11/2017 12:00,9.496999741
12061,15/11/2017 13:00,10.19999981
12062,15/11/2017 14:00,9.918999672
12063,15/11/2017 15:00,10.19999981
12064,15/11/2017 16:00,9.918999672
12065,15/11/2017 17:00,10.19999981
12066,15/11/2017 18:00,10.13000011
12067,15/11/2017 19:00,9.567000389
12068,15/11/2017 20:00,9.496999741
12069,15/11/2017 21:00,8.86400032
12070,15/11/2017 22:00,8.442000389
12071,15/11/2017 23:00,8.020000458
12072,16/11/2017 00:00,7.597000122
12073,16/11/2017 01:00,7.315999985
12074,16/11/2017 02:00,7.315999985
12075,16/11/2017 03:00,7.034999847
12076,16/11/2017 04:00,7.105000019
12077,16/11/2017 05:00,6.541999817
12078,16/11/2017 06:00,6.330999851
12079,16/11/2017 07:00,6.330999851
12080,16/11/2017 08:00,6.612999916
12081,16/11/2017 09:00,6.823999882
12082,16/11/2017 10:00,6.894000053
12083,16/11/2017 11:00,6.964000225
12084,16/11/2017 12:00,6.894000053
12085,16/11/2017 13:00,6.894000053
12086,16/11/2017 14:00,6.964000225
12087,16/11/2017 15:00,6.894000053
12088,16/11/2017 16:00,6.752999783
12089,16/11/2017 17:00,6.964000225
12090,16/11/2017 18:00,6.894000053
12091,16/11/2017 19:00,6.752999783
12092,16/11/2017 20:00,6.964000225
12093,16/11/2017 21:00,6.612999916
12094,16/11/2017 22:00,6.964000225
12095,16/11/2017 23:00,6.612999916
12096,17/11/2017 00:00,6.752999783
12097,17/11/2017 01:00,6.40199995
12098,17/11/2017 02:00,6.683000088
12099,17/11/2017 03:00,6.541999817
12100,17/11/2017 04:00,6.683000088
12101,17/11/2017 05:00,7.105000019
12102,17/11/2017 06:00,6.894000053
12103,17/11/2017 07:00,6.964000225
12104,17/11/2017 08:00,5.55700016
12105,17/11/2017 09:00,7.315999985
12106,17/11/2017 10:00,7.879000187
12107,17/11/2017 11:00,7.597000122
12108,17/11/2017 12:00,5.839000225
12109,17/11/2017 13:00,7.737999916
12110,17/11/2017 14:00,6.964000225
12111,17/11/2017 15:00,7.597000122
12112,17/11/2017 16:00,7.105000019
12113,17/11/2017 17:00,5.979000092
12114,17/11/2017 18:00,6.261000156
12115,17/11/2017 19:00,6.40199995
12116,17/11/2017 20:00,7.597000122
12117,17/11/2017 21:00,6.683000088
12118,17/11/2017 22:00,2.250999928
12119,17/11/2017 23:00,0.915000021
12120,18/11/2017 00:00,0
12121,18/11/2017 01:00,0
12122,18/11/2017 02:00,2.321000099
12123,18/11/2017 03:00,2.039999962
12124,18/11/2017 04:00,2.461999893
12125,18/11/2017 05:00,2.532000065
12126,18/11/2017 06:00,2.602999926
12127,18/11/2017 07:00,3.165999889
12128,18/11/2017 08:00,2.884000063
12129,18/11/2017 09:00,3.236000061
12130,18/11/2017 10:00,3.236000061
12131,18/11/2017 11:00,3.447000027
12132,18/11/2017 12:00,4.221000195
12133,18/11/2017 13:00,4.572999954
12134,18/11/2017 14:00,4.78399992
12135,18/11/2017 15:00,4.501999855
12136,18/11/2017 16:00,4.43200016
12137,18/11/2017 17:00,4.290999889
12138,18/11/2017 18:00,4.43200016
12139,18/11/2017 19:00,3.727999926
12140,18/11/2017 20:00,3.305999994
12141,18/11/2017 21:00,2.532000065
12142,18/11/2017 22:00,2.250999928
12143,18/11/2017 23:00,2.954999924
12144,19/11/2017 00:00,2.743999958
12145,19/11/2017 01:00,2.743999958
12146,19/11/2017 02:00,3.305999994
12147,19/11/2017 03:00,2.884000063
12148,19/11/2017 04:00,3.236000061
12149,19/11/2017 05:00,3.236000061
12150,19/11/2017 06:00,2.813999891
12151,19/11/2017 07:00,2.884000063
12152,19/11/2017 08:00,2.954999924
12153,19/11/2017 09:00,2.954999924
12154,19/11/2017 10:00,2.813999891
12155,19/11/2017 11:00,3.165999889
12156,19/11/2017 12:00,3.51699996
12157,19/11/2017 13:00,3.799000025
12158,19/11/2017 14:00,3.305999994
12159,19/11/2017 15:00,3.447000027
12160,19/11/2017 16:00,3.799000025
12161,19/11/2017 17:00,3.868999958
12162,19/11/2017 18:00,3.799000025
12163,19/11/2017 19:00,3.727999926
12164,19/11/2017 20:00,3.868999958
12165,19/11/2017 21:00,3.799000025
12166,19/11/2017 22:00,4.010000229
12167,19/11/2017 23:00,4.221000195
12168,20/11/2017 00:00,3.799000025
12169,20/11/2017 01:00,3.727999926
12170,20/11/2017 02:00,4.290999889
12171,20/11/2017 03:00,3.727999926
12172,20/11/2017 04:00,3.025000095
12173,20/11/2017 05:00,2.813999891
12174,20/11/2017 06:00,3.095000029
12175,20/11/2017 07:00,2.602999926
12176,20/11/2017 08:00,3.377000093
12177,20/11/2017 09:00,4.079999924
12178,20/11/2017 10:00,3.799000025
12179,20/11/2017 11:00,4.854000092
12180,20/11/2017 12:00,5.627999783
12181,20/11/2017 13:00,5.416999817
12182,20/11/2017 14:00,5.839000225
12183,20/11/2017 15:00,5.205999851
12184,20/11/2017 16:00,5.416999817
12185,20/11/2017 17:00,5.627999783
12186,20/11/2017 18:00,5.205999851
12187,20/11/2017 19:00,4.854000092
12188,20/11/2017 20:00,4.712999821
12189,20/11/2017 21:00,5.135000229
12190,20/11/2017 22:00,4.923999786
12191,20/11/2017 23:00,5.065000057
12192,21/11/2017 00:00,4.854000092
12193,21/11/2017 01:00,4.994999886
12194,21/11/2017 02:00,4.712999821
12195,21/11/2017 03:00,4.854000092
12196,21/11/2017 04:00,4.501999855
12197,21/11/2017 05:00,4.643000126
12198,21/11/2017 06:00,4.501999855
12199,21/11/2017 07:00,4.150000095
12200,21/11/2017 08:00,4.361999989
12201,21/11/2017 09:00,4.290999889
12202,21/11/2017 10:00,4.361999989
12203,21/11/2017 11:00,4.290999889
12204,21/11/2017 12:00,4.572999954
12205,21/11/2017 13:00,4.854000092
12206,21/11/2017 14:00,4.712999821
12207,21/11/2017 15:00,4.712999821
12208,21/11/2017 16:00,4.994999886
12209,21/11/2017 17:00,5.065000057
12210,21/11/2017 18:00,4.994999886
12211,21/11/2017 19:00,5.135000229
12212,21/11/2017 20:00,5.276000023
12213,21/11/2017 21:00,5.979000092
12214,21/11/2017 22:00,6.050000191
12215,21/11/2017 23:00,6.050000191
12216,22/11/2017 00:00,5.979000092
12217,22/11/2017 01:00,5.627999783
12218,22/11/2017 02:00,5.627999783
12219,22/11/2017 03:00,5.839000225
12220,22/11/2017 04:00,5.697999954
12221,22/11/2017 05:00,5.486999989
12222,22/11/2017 06:00,5.346000195
12223,22/11/2017 07:00,5.276000023
12224,22/11/2017 08:00,5.205999851
12225,22/11/2017 09:00,5.416999817
12226,22/11/2017 10:00,5.276000023
12227,22/11/2017 11:00,5.697999954
12228,22/11/2017 12:00,5.697999954
12229,22/11/2017 13:00,7.315999985
12230,22/11/2017 14:00,6.752999783
12231,22/11/2017 15:00,6.752999783
12232,22/11/2017 16:00,6.752999783
12233,22/11/2017 17:00,6.683000088
12234,22/11/2017 18:00,7.315999985
12235,22/11/2017 19:00,6.964000225
12236,22/11/2017 20:00,6.330999851
12237,22/11/2017 21:00,6.190999985
12238,22/11/2017 22:00,6.119999886
12239,22/11/2017 23:00,6.190999985
12240,23/11/2017 00:00,5.346000195
12241,23/11/2017 01:00,5.346000195
12242,23/11/2017 02:00,5.627999783
12243,23/11/2017 03:00,5.065000057
12244,23/11/2017 04:00,4.923999786
12245,23/11/2017 05:00,5.346000195
12246,23/11/2017 06:00,4.43200016
12247,23/11/2017 07:00,4.501999855
12248,23/11/2017 08:00,4.854000092
12249,23/11/2017 09:00,4.78399992
12250,23/11/2017 10:00,4.994999886
12251,23/11/2017 11:00,5.697999954
12252,23/11/2017 12:00,5.55700016
12253,23/11/2017 13:00,6.894000053
12254,23/11/2017 14:00,7.245999813
12255,23/11/2017 15:00,6.612999916
12256,23/11/2017 16:00,7.034999847
12257,23/11/2017 17:00,7.315999985
12258,23/11/2017 18:00,6.894000053
12259,23/11/2017 19:00,6.190999985
12260,23/11/2017 20:00,6.261000156
12261,23/11/2017 21:00,6.261000156
12262,23/11/2017 22:00,5.90899992
12263,23/11/2017 23:00,5.90899992
12264,24/11/2017 00:00,5.839000225
12265,24/11/2017 01:00,5.346000195
12266,24/11/2017 02:00,5.90899992
12267,24/11/2017 03:00,5.979000092
12268,24/11/2017 04:00,5.346000195
12269,24/11/2017 05:00,5.276000023
12270,24/11/2017 06:00,4.994999886
12271,24/11/2017 07:00,5.90899992
12272,24/11/2017 08:00,5.90899992
12273,24/11/2017 09:00,5.346000195
12274,24/11/2017 10:00,6.050000191
12275,24/11/2017 11:00,6.261000156
12276,24/11/2017 12:00,7.175000191
12277,24/11/2017 13:00,7.809000015
12278,24/11/2017 14:00,8.020000458
12279,24/11/2017 15:00,8.512000084
12280,24/11/2017 16:00,8.512000084
12281,24/11/2017 17:00,7.879000187
12282,24/11/2017 18:00,7.456999779
12283,24/11/2017 19:00,7.668000221
12284,24/11/2017 20:00,7.315999985
12285,24/11/2017 21:00,6.964000225
12286,24/11/2017 22:00,6.964000225
12287,24/11/2017 23:00,6.964000225
12288,25/11/2017 00:00,6.894000053
12289,25/11/2017 01:00,6.752999783
12290,25/11/2017 02:00,6.752999783
12291,25/11/2017 03:00,6.612999916
12292,25/11/2017 04:00,6.472000122
12293,25/11/2017 05:00,6.541999817
12294,25/11/2017 06:00,6.050000191
12295,25/11/2017 07:00,6.472000122
12296,25/11/2017 08:00,6.894000053
12297,25/11/2017 09:00,7.034999847
12298,25/11/2017 10:00,6.752999783
12299,25/11/2017 11:00,6.964000225
12300,25/11/2017 12:00,7.105000019
12301,25/11/2017 13:00,7.52699995
12302,25/11/2017 14:00,7.668000221
12303,25/11/2017 15:00,8.159999847
12304,25/11/2017 16:00,8.159999847
12305,25/11/2017 17:00,7.809000015
12306,25/11/2017 18:00,7.597000122
12307,25/11/2017 19:00,7.315999985
12308,25/11/2017 20:00,7.456999779
12309,25/11/2017 21:00,7.105000019
12310,25/11/2017 22:00,7.456999779
12311,25/11/2017 23:00,7.456999779
12312,26/11/2017 00:00,7.245999813
12313,26/11/2017 01:00,7.105000019
12314,26/11/2017 02:00,7.52699995
12315,26/11/2017 03:00,6.40199995
12316,26/11/2017 04:00,7.668000221
12317,26/11/2017 05:00,6.964000225
12318,26/11/2017 06:00,6.612999916
12319,26/11/2017 07:00,6.894000053
12320,26/11/2017 08:00,7.52699995
12321,26/11/2017 09:00,6.964000225
12322,26/11/2017 10:00,7.668000221
12323,26/11/2017 11:00,6.894000053
12324,26/11/2017 12:00,7.809000015
12325,26/11/2017 13:00,9.777999878
12326,26/11/2017 14:00,9.98900032
12327,26/11/2017 15:00,9.777999878
12328,26/11/2017 16:00,9.425999641
12329,26/11/2017 17:00,8.442000389
12330,26/11/2017 18:00,7.105000019
12331,26/11/2017 19:00,6.330999851
12332,26/11/2017 20:00,5.697999954
12333,26/11/2017 21:00,5.276000023
12334,26/11/2017 22:00,4.923999786
12335,26/11/2017 23:00,4.643000126
12336,27/11/2017 00:00,4.221000195
12337,27/11/2017 01:00,4.079999924
12338,27/11/2017 02:00,3.727999926
12339,27/11/2017 03:00,3.727999926
12340,27/11/2017 04:00,3.51699996
12341,27/11/2017 05:00,3.305999994
12342,27/11/2017 06:00,3.447000027
12343,27/11/2017 07:00,3.377000093
12344,27/11/2017 08:00,3.727999926
12345,27/11/2017 09:00,4.010000229
12346,27/11/2017 10:00,4.221000195
12347,27/11/2017 11:00,4.854000092
12348,27/11/2017 12:00,5.065000057
12349,27/11/2017 13:00,6.612999916
12350,27/11/2017 14:00,6.541999817
12351,27/11/2017 15:00,6.472000122
12352,27/11/2017 16:00,6.541999817
12353,27/11/2017 17:00,7.456999779
12354,27/11/2017 18:00,6.964000225
12355,27/11/2017 19:00,6.683000088
12356,27/11/2017 20:00,6.472000122
12357,27/11/2017 21:00,6.261000156
12358,27/11/2017 22:00,6.40199995
12359,27/11/2017 23:00,6.472000122
12360,28/11/2017 00:00,6.823999882
12361,28/11/2017 01:00,7.386000156
12362,28/11/2017 02:00,7.597000122
12363,28/11/2017 03:00,7.809000015
12364,28/11/2017 04:00,7.948999882
12365,28/11/2017 05:00,7.668000221
12366,28/11/2017 06:00,7.948999882
12367,28/11/2017 07:00,8.230999947
12368,28/11/2017 08:00,7.948999882
12369,28/11/2017 09:00,7.315999985
12370,28/11/2017 10:00,7.034999847
12371,28/11/2017 11:00,7.52699995
12372,28/11/2017 12:00,7.456999779
12373,28/11/2017 13:00,7.456999779
12374,28/11/2017 14:00,8.020000458
12375,28/11/2017 15:00,8.581999779
12376,28/11/2017 16:00,9.215000153
12377,28/11/2017 17:00,9.215000153
12378,28/11/2017 18:00,8.512000084
12379,28/11/2017 19:00,8.230999947
12380,28/11/2017 20:00,7.809000015
12381,28/11/2017 21:00,7.737999916
12382,28/11/2017 22:00,8.090000153
12383,28/11/2017 23:00,7.879000187
12384,29/11/2017 00:00,8.090000153
12385,29/11/2017 01:00,7.456999779
12386,29/11/2017 02:00,8.230999947
12387,29/11/2017 03:00,7.809000015
12388,29/11/2017 04:00,5.135000229
12389,29/11/2017 05:00,5.205999851
12390,29/11/2017 06:00,4.923999786
12391,29/11/2017 07:00,4.643000126
12392,29/11/2017 08:00,4.854000092
12393,29/11/2017 09:00,4.643000126
12394,29/11/2017 10:00,4.854000092
12395,29/11/2017 11:00,4.501999855
12396,29/11/2017 12:00,4.854000092
12397,29/11/2017 13:00,4.572999954
12398,29/11/2017 14:00,4.994999886
12399,29/11/2017 15:00,4.712999821
12400,29/11/2017 16:00,4.923999786
12401,29/11/2017 17:00,4.361999989
12402,29/11/2017 18:00,4.150000095
12403,29/11/2017 19:00,4.150000095
12404,29/11/2017 20:00,4.079999924
12405,29/11/2017 21:00,4.361999989
12406,29/11/2017 22:00,3.938999891
12407,29/11/2017 23:00,3.51699996
12408,30/11/2017 00:00,3.799000025
12409,30/11/2017 01:00,3.588000059
12410,30/11/2017 02:00,3.447000027
12411,30/11/2017 03:00,1.758999944
12412,30/11/2017 04:00,1.618000031
12413,30/11/2017 05:00,2.532000065
12414,30/11/2017 06:00,2.743999958
12415,30/11/2017 07:00,2.743999958
12416,30/11/2017 08:00,2.813999891
12417,30/11/2017 09:00,2.743999958
12418,30/11/2017 10:00,2.884000063
12419,30/11/2017 11:00,2.954999924
12420,30/11/2017 12:00,2.884000063
12421,30/11/2017 13:00,3.165999889
12422,30/11/2017 14:00,3.377000093
12423,30/11/2017 15:00,3.51699996
12424,30/11/2017 16:00,3.447000027
12425,30/11/2017 17:00,3.727999926
12426,30/11/2017 18:00,4.221000195
12427,30/11/2017 19:00,3.588000059
12428,30/11/2017 20:00,3.236000061
12429,30/11/2017 21:00,3.377000093
12430,30/11/2017 22:00,3.51699996
12431,30/11/2017 23:00,3.868999958
12432,01/12/2017 00:00,3.51699996
12433,01/12/2017 01:00,3.095000029
12434,01/12/2017 02:00,3.236000061
12435,01/12/2017 03:00,2.743999958
12436,01/12/2017 04:00,3.165999889
12437,01/12/2017 05:00,3.025000095
12438,01/12/2017 06:00,3.588000059
12439,01/12/2017 07:00,3.305999994
12440,01/12/2017 08:00,3.305999994
12441,01/12/2017 09:00,3.095000029
12442,01/12/2017 10:00,3.095000029
12443,01/12/2017 11:00,3.095000029
12444,01/12/2017 12:00,3.799000025
12445,01/12/2017 13:00,4.079999924
12446,01/12/2017 14:00,4.290999889
12447,01/12/2017 15:00,4.150000095
12448,01/12/2017 16:00,4.290999889
12449,01/12/2017 17:00,4.923999786
12450,01/12/2017 18:00,4.712999821
12451,01/12/2017 19:00,4.923999786
12452,01/12/2017 20:00,4.994999886
12453,01/12/2017 21:00,4.150000095
12454,01/12/2017 22:00,3.799000025
12455,01/12/2017 23:00,4.221000195
12456,02/12/2017 00:00,3.799000025
12457,02/12/2017 01:00,3.799000025
12458,02/12/2017 02:00,3.657999992
12459,02/12/2017 03:00,3.657999992
12460,02/12/2017 04:00,3.938999891
12461,02/12/2017 05:00,4.43200016
12462,02/12/2017 06:00,4.290999889
12463,02/12/2017 07:00,4.43200016
12464,02/12/2017 08:00,4.290999889
12465,02/12/2017 09:00,4.290999889
12466,02/12/2017 10:00,4.501999855
12467,02/12/2017 11:00,4.923999786
12468,02/12/2017 12:00,5.90899992
12469,02/12/2017 13:00,6.683000088
12470,02/12/2017 14:00,7.245999813
12471,02/12/2017 15:00,7.034999847
12472,02/12/2017 16:00,7.245999813
12473,02/12/2017 17:00,6.894000053
12474,02/12/2017 18:00,6.330999851
12475,02/12/2017 19:00,6.050000191
12476,02/12/2017 20:00,5.55700016
12477,02/12/2017 21:00,5.416999817
12478,02/12/2017 22:00,5.486999989
12479,02/12/2017 23:00,5.55700016
12480,03/12/2017 00:00,5.346000195
12481,03/12/2017 01:00,5.486999989
12482,03/12/2017 02:00,5.416999817
12483,03/12/2017 03:00,5.276000023
12484,03/12/2017 04:00,5.135000229
12485,03/12/2017 05:00,4.923999786
12486,03/12/2017 06:00,4.290999889
12487,03/12/2017 07:00,4.923999786
12488,03/12/2017 08:00,4.854000092
12489,03/12/2017 09:00,4.501999855
12490,03/12/2017 10:00,5.135000229
12491,03/12/2017 11:00,6.894000053
12492,03/12/2017 12:00,6.261000156
12493,03/12/2017 13:00,6.894000053
12494,03/12/2017 14:00,7.386000156
12495,03/12/2017 15:00,7.456999779
12496,03/12/2017 16:00,7.668000221
12497,03/12/2017 17:00,7.105000019
12498,03/12/2017 18:00,6.40199995
12499,03/12/2017 19:00,6.330999851
12500,03/12/2017 20:00,6.330999851
12501,03/12/2017 21:00,6.612999916
12502,03/12/2017 22:00,6.752999783
12503,03/12/2017 23:00,5.205999851
12504,04/12/2017 00:00,4.854000092
12505,04/12/2017 01:00,5.55700016
12506,04/12/2017 02:00,5.839000225
12507,04/12/2017 03:00,5.627999783
12508,04/12/2017 04:00,5.346000195
12509,04/12/2017 05:00,5.627999783
12510,04/12/2017 06:00,6.261000156
12511,04/12/2017 07:00,5.276000023
12512,04/12/2017 08:00,4.43200016
12513,04/12/2017 09:00,4.010000229
12514,04/12/2017 10:00,4.643000126
12515,04/12/2017 11:00,4.994999886
12516,04/12/2017 12:00,5.416999817
12517,04/12/2017 13:00,6.119999886
12518,04/12/2017 14:00,6.050000191
12519,04/12/2017 15:00,6.190999985
12520,04/12/2017 16:00,5.839000225
12521,04/12/2017 17:00,5.839000225
12522,04/12/2017 18:00,5.276000023
12523,04/12/2017 19:00,4.923999786
12524,04/12/2017 20:00,5.627999783
12525,04/12/2017 21:00,3.51699996
12526,04/12/2017 22:00,3.025000095
12527,04/12/2017 23:00,2.673000097
12528,05/12/2017 00:00,2.602999926
12529,05/12/2017 01:00,3.095000029
12530,05/12/2017 02:00,3.095000029
12531,05/12/2017 03:00,3.727999926
12532,05/12/2017 04:00,3.51699996
12533,05/12/2017 05:00,3.51699996
12534,05/12/2017 06:00,2.884000063
12535,05/12/2017 07:00,3.095000029
12536,05/12/2017 08:00,3.447000027
12537,05/12/2017 09:00,2.532000065
12538,05/12/2017 10:00,3.236000061
12539,05/12/2017 11:00,4.78399992
12540,05/12/2017 12:00,4.43200016
12541,05/12/2017 13:00,4.994999886
12542,05/12/2017 14:00,4.854000092
12543,05/12/2017 15:00,5.065000057
12544,05/12/2017 16:00,5.205999851
12545,05/12/2017 17:00,3.799000025
12546,05/12/2017 18:00,4.712999821
12547,05/12/2017 19:00,4.501999855
12548,05/12/2017 20:00,4.010000229
12549,05/12/2017 21:00,3.799000025
12550,05/12/2017 22:00,3.657999992
12551,05/12/2017 23:00,3.51699996
12552,06/12/2017 00:00,3.377000093
12553,06/12/2017 01:00,2.884000063
12554,06/12/2017 02:00,3.727999926
12555,06/12/2017 03:00,3.377000093
12556,06/12/2017 04:00,3.236000061
12557,06/12/2017 05:00,3.095000029
12558,06/12/2017 06:00,3.165999889
12559,06/12/2017 07:00,3.236000061
12560,06/12/2017 08:00,3.588000059
12561,06/12/2017 09:00,3.236000061
12562,06/12/2017 10:00,3.377000093
12563,06/12/2017 11:00,4.290999889
12564,06/12/2017 12:00,4.501999855
12565,06/12/2017 13:00,5.065000057
12566,06/12/2017 14:00,5.697999954
12567,06/12/2017 15:00,5.90899992
12568,06/12/2017 16:00,5.697999954
12569,06/12/2017 17:00,5.768000126
12570,06/12/2017 18:00,5.486999989
12571,06/12/2017 19:00,5.205999851
12572,06/12/2017 20:00,5.065000057
12573,06/12/2017 21:00,5.065000057
12574,06/12/2017 22:00,4.994999886
12575,06/12/2017 23:00,5.065000057
12576,07/12/2017 00:00,4.994999886
12577,07/12/2017 01:00,4.78399992
12578,07/12/2017 02:00,4.994999886
12579,07/12/2017 03:00,4.994999886
12580,07/12/2017 04:00,4.923999786
12581,07/12/2017 05:00,4.712999821
12582,07/12/2017 06:00,4.643000126
12583,07/12/2017 07:00,4.854000092
12584,07/12/2017 08:00,5.135000229
12585,07/12/2017 09:00,5.627999783
12586,07/12/2017 10:00,5.768000126
12587,07/12/2017 11:00,5.697999954
12588,07/12/2017 12:00,5.90899992
12589,07/12/2017 13:00,5.276000023
12590,07/12/2017 14:00,5.627999783
12591,07/12/2017 15:00,5.697999954
12592,07/12/2017 16:00,5.697999954
12593,07/12/2017 17:00,5.065000057
12594,07/12/2017 18:00,4.923999786
12595,07/12/2017 19:00,4.923999786
12596,07/12/2017 20:00,4.854000092
12597,07/12/2017 21:00,5.065000057
12598,07/12/2017 22:00,4.78399992
12599,07/12/2017 23:00,4.361999989
12600,08/12/2017 00:00,4.079999924
12601,08/12/2017 01:00,4.150000095
12602,08/12/2017 02:00,3.799000025
12603,08/12/2017 03:00,3.236000061
12604,08/12/2017 04:00,2.180999994
12605,08/12/2017 05:00,1.054999948
12606,08/12/2017 06:00,1.126000047
12607,08/12/2017 07:00,1.758999944
12608,08/12/2017 08:00,1.126000047
12609,08/12/2017 09:00,1.828999996
12610,08/12/2017 10:00,3.165999889
12611,08/12/2017 11:00,3.51699996
12612,08/12/2017 12:00,3.095000029
12613,08/12/2017 13:00,4.994999886
12614,08/12/2017 14:00,4.290999889
12615,08/12/2017 15:00,4.221000195
12616,08/12/2017 16:00,4.079999924
12617,08/12/2017 17:00,4.290999889
12618,08/12/2017 18:00,3.868999958
12619,08/12/2017 19:00,3.868999958
12620,08/12/2017 20:00,4.079999924
12621,08/12/2017 21:00,3.727999926
12622,08/12/2017 22:00,3.727999926
12623,08/12/2017 23:00,3.236000061
12624,09/12/2017 00:00,3.377000093
12625,09/12/2017 01:00,2.954999924
12626,09/12/2017 02:00,3.236000061
12627,09/12/2017 03:00,2.813999891
12628,09/12/2017 04:00,2.673000097
12629,09/12/2017 05:00,2.954999924
12630,09/12/2017 06:00,3.095000029
12631,09/12/2017 07:00,2.813999891
12632,09/12/2017 08:00,2.813999891
12633,09/12/2017 09:00,3.799000025
12634,09/12/2017 10:00,4.150000095
12635,09/12/2017 11:00,4.994999886
12636,09/12/2017 12:00,5.346000195
12637,09/12/2017 13:00,5.979000092
12638,09/12/2017 14:00,6.964000225
12639,09/12/2017 15:00,6.190999985
12640,09/12/2017 16:00,6.40199995
12641,09/12/2017 17:00,6.752999783
12642,09/12/2017 18:00,5.90899992
12643,09/12/2017 19:00,5.90899992
12644,09/12/2017 20:00,5.205999851
12645,09/12/2017 21:00,5.839000225
12646,09/12/2017 22:00,5.55700016
12647,09/12/2017 23:00,5.065000057
12648,10/12/2017 00:00,4.501999855
12649,10/12/2017 01:00,4.501999855
12650,10/12/2017 02:00,3.938999891
12651,10/12/2017 03:00,4.361999989
12652,10/12/2017 04:00,4.221000195
12653,10/12/2017 05:00,3.447000027
12654,10/12/2017 06:00,3.938999891
12655,10/12/2017 07:00,3.095000029
12656,10/12/2017 08:00,4.501999855
12657,10/12/2017 09:00,4.923999786
12658,10/12/2017 10:00,4.78399992
12659,10/12/2017 11:00,4.854000092
12660,10/12/2017 12:00,5.135000229
12661,10/12/2017 13:00,6.261000156
12662,10/12/2017 14:00,5.979000092
12663,10/12/2017 15:00,4.994999886
12664,10/12/2017 16:00,4.78399992
12665,10/12/2017 17:00,5.486999989
12666,10/12/2017 18:00,5.768000126
12667,10/12/2017 19:00,5.486999989
12668,10/12/2017 20:00,5.486999989
12669,10/12/2017 21:00,4.78399992
12670,10/12/2017 22:00,4.994999886
12671,10/12/2017 23:00,4.854000092
12672,11/12/2017 00:00,4.994999886
12673,11/12/2017 01:00,4.994999886
12674,11/12/2017 02:00,4.854000092
12675,11/12/2017 03:00,4.994999886
12676,11/12/2017 04:00,5.346000195
12677,11/12/2017 05:00,5.839000225
12678,11/12/2017 06:00,5.346000195
12679,11/12/2017 07:00,4.994999886
12680,11/12/2017 08:00,5.768000126
12681,11/12/2017 09:00,6.823999882
12682,11/12/2017 10:00,7.034999847
12683,11/12/2017 11:00,7.456999779
12684,11/12/2017 12:00,7.105000019
12685,11/12/2017 13:00,8.300999641
12686,11/12/2017 14:00,8.442000389
12687,11/12/2017 15:00,7.737999916
12688,11/12/2017 16:00,7.315999985
12689,11/12/2017 17:00,7.034999847
12690,11/12/2017 18:00,6.330999851
12691,11/12/2017 19:00,6.330999851
12692,11/12/2017 20:00,5.90899992
12693,11/12/2017 21:00,5.486999989
12694,11/12/2017 22:00,5.627999783
12695,11/12/2017 23:00,5.276000023
12696,12/12/2017 00:00,4.854000092
12697,12/12/2017 01:00,4.150000095
12698,12/12/2017 02:00,2.884000063
12699,12/12/2017 03:00,2.180999994
12700,12/12/2017 04:00,1.758999944
12701,12/12/2017 05:00,1.618000031
12702,12/12/2017 06:00,1.406999946
12703,12/12/2017 07:00,1.406999946
12704,12/12/2017 08:00,1.266000032
12705,12/12/2017 09:00,1.828999996
12706,12/12/2017 10:00,2.39199996
12707,12/12/2017 11:00,2.884000063
12708,12/12/2017 12:00,2.673000097
12709,12/12/2017 13:00,3.868999958
12710,12/12/2017 14:00,3.799000025
12711,12/12/2017 15:00,3.377000093
12712,12/12/2017 16:00,3.305999994
12713,12/12/2017 17:00,3.588000059
12714,12/12/2017 18:00,3.51699996
12715,12/12/2017 19:00,2.884000063
12716,12/12/2017 20:00,2.461999893
12717,12/12/2017 21:00,2.180999994
12718,12/12/2017 22:00,2.180999994
12719,12/12/2017 23:00,1.899000049
12720,13/12/2017 00:00,2.039999962
12721,13/12/2017 01:00,1.687999964
12722,13/12/2017 02:00,1.758999944
12723,13/12/2017 03:00,1.337000012
12724,13/12/2017 04:00,1.758999944
12725,13/12/2017 05:00,1.758999944
12726,13/12/2017 06:00,1.337000012
12727,13/12/2017 07:00,1.406999946
12728,13/12/2017 08:00,1.337000012
12729,13/12/2017 09:00,1.687999964
12730,13/12/2017 10:00,2.039999962
12731,13/12/2017 11:00,1.828999996
12732,13/12/2017 12:00,2.039999962
12733,13/12/2017 13:00,2.250999928
12734,13/12/2017 14:00,2.180999994
12735,13/12/2017 15:00,2.39199996
12736,13/12/2017 16:00,2.039999962
12737,13/12/2017 17:00,2.250999928
12738,13/12/2017 18:00,2.321000099
12739,13/12/2017 19:00,2.743999958
12740,13/12/2017 20:00,2.743999958
12741,13/12/2017 21:00,2.180999994
12742,13/12/2017 22:00,0
12743,13/12/2017 23:00,0.421999991
12744,14/12/2017 00:00,0
12745,14/12/2017 01:00,-0.563000023
12746,14/12/2017 02:00,0
12747,14/12/2017 03:00,0
12748,14/12/2017 04:00,-0.773999989
12749,14/12/2017 05:00,-0.563000023
12750,14/12/2017 06:00,0
12751,14/12/2017 07:00,0
12752,14/12/2017 08:00,1.126000047
12753,14/12/2017 09:00,1.406999946
12754,14/12/2017 10:00,1.266000032
12755,14/12/2017 11:00,1.547999978
12756,14/12/2017 12:00,1.828999996
12757,14/12/2017 13:00,1.828999996
12758,14/12/2017 14:00,1.828999996
12759,14/12/2017 15:00,1.547999978
12760,14/12/2017 16:00,1.054999948
12761,14/12/2017 17:00,1.547999978
12762,14/12/2017 18:00,1.899000049
12763,14/12/2017 19:00,1.476999998
12764,14/12/2017 20:00,2.461999893
12765,14/12/2017 21:00,2.673000097
12766,14/12/2017 22:00,3.025000095
12767,14/12/2017 23:00,2.532000065
12768,15/12/2017 00:00,2.954999924
12769,15/12/2017 01:00,2.884000063
12770,15/12/2017 02:00,3.447000027
12771,15/12/2017 03:00,3.025000095
12772,15/12/2017 04:00,3.095000029
12773,15/12/2017 05:00,2.321000099
12774,15/12/2017 06:00,2.673000097
12775,15/12/2017 07:00,4.079999924
12776,15/12/2017 08:00,4.079999924
12777,15/12/2017 09:00,4.361999989
12778,15/12/2017 10:00,4.221000195
12779,15/12/2017 11:00,3.938999891
12780,15/12/2017 12:00,2.884000063
12781,15/12/2017 13:00,2.743999958
12782,15/12/2017 14:00,2.884000063
12783,15/12/2017 15:00,2.39199996
12784,15/12/2017 16:00,2.954999924
12785,15/12/2017 17:00,2.180999994
12786,15/12/2017 18:00,2.743999958
12787,15/12/2017 19:00,3.236000061
12788,15/12/2017 20:00,2.602999926
12789,15/12/2017 21:00,2.602999926
12790,15/12/2017 22:00,2.461999893
12791,15/12/2017 23:00,2.532000065
12792,16/12/2017 00:00,2.743999958
12793,16/12/2017 01:00,2.461999893
12794,16/12/2017 02:00,3.588000059
12795,16/12/2017 03:00,3.236000061
12796,16/12/2017 04:00,3.447000027
12797,16/12/2017 05:00,3.095000029
12798,16/12/2017 06:00,4.010000229
12799,16/12/2017 07:00,3.165999889
12800,16/12/2017 08:00,3.799000025
12801,16/12/2017 09:00,4.150000095
12802,16/12/2017 10:00,3.51699996
12803,16/12/2017 11:00,4.290999889
12804,16/12/2017 12:00,3.868999958
12805,16/12/2017 13:00,3.657999992
12806,16/12/2017 14:00,3.305999994
12807,16/12/2017 15:00,3.727999926
12808,16/12/2017 16:00,3.51699996
12809,16/12/2017 17:00,4.150000095
12810,16/12/2017 18:00,3.657999992
12811,16/12/2017 19:00,3.447000027
12812,16/12/2017 20:00,3.727999926
12813,16/12/2017 21:00,3.799000025
12814,16/12/2017 22:00,3.447000027
12815,16/12/2017 23:00,3.236000061
12816,17/12/2017 00:00,2.602999926
12817,17/12/2017 01:00,3.095000029
12818,17/12/2017 02:00,2.743999958
12819,17/12/2017 03:00,3.025000095
12820,17/12/2017 04:00,2.673000097
12821,17/12/2017 05:00,2.39199996
12822,17/12/2017 06:00,2.532000065
12823,17/12/2017 07:00,2.39199996
12824,17/12/2017 08:00,2.39199996
12825,17/12/2017 09:00,2.743999958
12826,17/12/2017 10:00,3.799000025
12827,17/12/2017 11:00,5.205999851
12828,17/12/2017 12:00,3.799000025
12829,17/12/2017 13:00,5.55700016
12830,17/12/2017 14:00,6.050000191
12831,17/12/2017 15:00,5.135000229
12832,17/12/2017 16:00,5.065000057
12833,17/12/2017 17:00,4.572999954
12834,17/12/2017 18:00,4.361999989
12835,17/12/2017 19:00,3.799000025
12836,17/12/2017 20:00,3.868999958
12837,17/12/2017 21:00,3.51699996
12838,17/12/2017 22:00,3.727999926
12839,17/12/2017 23:00,3.657999992
12840,18/12/2017 00:00,3.727999926
12841,18/12/2017 01:00,3.447000027
12842,18/12/2017 02:00,3.095000029
12843,18/12/2017 03:00,2.884000063
12844,18/12/2017 04:00,3.588000059
12845,18/12/2017 05:00,3.305999994
12846,18/12/2017 06:00,3.588000059
12847,18/12/2017 07:00,3.657999992
12848,18/12/2017 08:00,3.799000025
12849,18/12/2017 09:00,3.657999992
12850,18/12/2017 10:00,3.447000027
12851,18/12/2017 11:00,4.854000092
12852,18/12/2017 12:00,3.447000027
12853,18/12/2017 13:00,4.501999855
12854,18/12/2017 14:00,6.190999985
12855,18/12/2017 15:00,5.768000126
12856,18/12/2017 16:00,5.416999817
12857,18/12/2017 17:00,5.697999954
12858,18/12/2017 18:00,4.923999786
12859,18/12/2017 19:00,5.276000023
12860,18/12/2017 20:00,4.994999886
12861,18/12/2017 21:00,5.416999817
12862,18/12/2017 22:00,5.135000229
12863,18/12/2017 23:00,4.712999821
12864,19/12/2017 00:00,4.361999989
12865,19/12/2017 01:00,4.43200016
12866,19/12/2017 02:00,4.501999855
12867,19/12/2017 03:00,4.854000092
12868,19/12/2017 04:00,4.43200016
12869,19/12/2017 05:00,3.377000093
12870,19/12/2017 06:00,2.743999958
12871,19/12/2017 07:00,4.361999989
12872,19/12/2017 08:00,3.868999958
12873,19/12/2017 09:00,4.643000126
12874,19/12/2017 10:00,3.727999926
12875,19/12/2017 11:00,4.221000195
12876,19/12/2017 12:00,3.727999926
12877,19/12/2017 13:00,4.643000126
12878,19/12/2017 14:00,5.135000229
12879,19/12/2017 15:00,5.276000023
12880,19/12/2017 16:00,5.416999817
12881,19/12/2017 17:00,5.697999954
12882,19/12/2017 18:00,4.994999886
12883,19/12/2017 19:00,4.572999954
12884,19/12/2017 20:00,4.572999954
12885,19/12/2017 21:00,4.854000092
12886,19/12/2017 22:00,4.572999954
12887,19/12/2017 23:00,4.643000126
12888,20/12/2017 00:00,4.501999855
12889,20/12/2017 01:00,4.150000095
12890,20/12/2017 02:00,4.079999924
12891,20/12/2017 03:00,3.868999958
12892,20/12/2017 04:00,4.361999989
12893,20/12/2017 05:00,4.572999954
12894,20/12/2017 06:00,4.501999855
12895,20/12/2017 07:00,4.923999786
12896,20/12/2017 08:00,5.346000195
12897,20/12/2017 09:00,4.290999889
12898,20/12/2017 10:00,3.938999891
12899,20/12/2017 11:00,4.643000126
12900,20/12/2017 12:00,3.799000025
12901,20/12/2017 13:00,4.712999821
12902,20/12/2017 14:00,5.55700016
12903,20/12/2017 15:00,4.643000126
12904,20/12/2017 16:00,4.712999821
12905,20/12/2017 17:00,5.839000225
12906,20/12/2017 18:00,5.346000195
12907,20/12/2017 19:00,5.55700016
12908,20/12/2017 20:00,5.416999817
12909,20/12/2017 21:00,4.712999821
12910,20/12/2017 22:00,4.923999786
12911,20/12/2017 23:00,4.994999886
12912,21/12/2017 00:00,4.572999954
12913,21/12/2017 01:00,4.923999786
12914,21/12/2017 02:00,4.923999786
12915,21/12/2017 03:00,4.994999886
12916,21/12/2017 04:00,4.643000126
12917,21/12/2017 05:00,4.854000092
12918,21/12/2017 06:00,4.010000229
12919,21/12/2017 07:00,4.43200016
12920,21/12/2017 08:00,4.361999989
12921,21/12/2017 09:00,4.712999821
12922,21/12/2017 10:00,5.346000195
12923,21/12/2017 11:00,5.90899992
12924,21/12/2017 12:00,5.135000229
12925,21/12/2017 13:00,7.879000187
12926,21/12/2017 14:00,8.512000084
12927,21/12/2017 15:00,7.52699995
12928,21/12/2017 16:00,7.879000187
12929,21/12/2017 17:00,6.894000053
12930,21/12/2017 18:00,6.40199995
12931,21/12/2017 19:00,5.346000195
12932,21/12/2017 20:00,5.276000023
12933,21/12/2017 21:00,4.854000092
12934,21/12/2017 22:00,4.78399992
12935,21/12/2017 23:00,4.78399992
12936,22/12/2017 00:00,4.854000092
12937,22/12/2017 01:00,4.994999886
12938,22/12/2017 02:00,5.205999851
12939,22/12/2017 03:00,4.994999886
12940,22/12/2017 04:00,4.923999786
12941,22/12/2017 05:00,4.712999821
12942,22/12/2017 06:00,4.854000092
12943,22/12/2017 07:00,5.135000229
12944,22/12/2017 08:00,5.346000195
12945,22/12/2017 09:00,5.276000023
12946,22/12/2017 10:00,6.119999886
12947,22/12/2017 11:00,7.809000015
12948,22/12/2017 12:00,7.456999779
12949,22/12/2017 13:00,9.286000252
12950,22/12/2017 14:00,9.708000183
12951,22/12/2017 15:00,7.879000187
12952,22/12/2017 16:00,7.809000015
12953,22/12/2017 17:00,7.386000156
12954,22/12/2017 18:00,6.612999916
12955,22/12/2017 19:00,6.261000156
12956,22/12/2017 20:00,6.261000156
12957,22/12/2017 21:00,5.979000092
12958,22/12/2017 22:00,5.135000229
12959,22/12/2017 23:00,5.486999989
12960,23/12/2017 00:00,5.416999817
12961,23/12/2017 01:00,5.065000057
12962,23/12/2017 02:00,5.979000092
12963,23/12/2017 03:00,4.994999886
12964,23/12/2017 04:00,5.205999851
12965,23/12/2017 05:00,5.697999954
12966,23/12/2017 06:00,5.416999817
12967,23/12/2017 07:00,4.994999886
12968,23/12/2017 08:00,5.065000057
12969,23/12/2017 09:00,6.40199995
12970,23/12/2017 10:00,6.541999817
12971,23/12/2017 11:00,7.456999779
12972,23/12/2017 12:00,7.597000122
12973,23/12/2017 13:00,7.879000187
12974,23/12/2017 14:00,8.230999947
12975,23/12/2017 15:00,6.472000122
12976,23/12/2017 16:00,6.190999985
12977,23/12/2017 17:00,6.612999916
12978,23/12/2017 18:00,5.697999954
12979,23/12/2017 19:00,5.90899992
12980,23/12/2017 20:00,5.697999954
12981,23/12/2017 21:00,4.643000126
12982,23/12/2017 22:00,3.657999992
12983,23/12/2017 23:00,3.657999992
12984,24/12/2017 00:00,3.588000059
12985,24/12/2017 01:00,3.657999992
12986,24/12/2017 02:00,4.361999989
12987,24/12/2017 03:00,4.010000229
12988,24/12/2017 04:00,4.150000095
12989,24/12/2017 05:00,2.954999924
12990,24/12/2017 06:00,3.095000029
12991,24/12/2017 07:00,2.602999926
12992,24/12/2017 08:00,3.095000029
12993,24/12/2017 09:00,2.39199996
12994,24/12/2017 10:00,2.954999924
12995,24/12/2017 11:00,4.501999855
12996,24/12/2017 12:00,2.884000063
12997,24/12/2017 13:00,3.868999958
12998,24/12/2017 14:00,4.221000195
12999,24/12/2017 15:00,3.51699996
13000,24/12/2017 16:00,3.657999992
13001,24/12/2017 17:00,4.643000126
13002,24/12/2017 18:00,4.994999886
13003,24/12/2017 19:00,4.643000126
13004,24/12/2017 20:00,4.994999886
13005,24/12/2017 21:00,4.78399992
13006,24/12/2017 22:00,4.643000126
13007,24/12/2017 23:00,4.221000195
13008,25/12/2017 00:00,4.501999855
13009,25/12/2017 01:00,3.868999958
13010,25/12/2017 02:00,4.572999954
13011,25/12/2017 03:00,5.276000023
13012,25/12/2017 04:00,5.346000195
13013,25/12/2017 05:00,4.994999886
13014,25/12/2017 06:00,4.923999786
13015,25/12/2017 07:00,4.78399992
13016,25/12/2017 08:00,5.346000195
13017,25/12/2017 09:00,4.854000092
13018,25/12/2017 10:00,5.205999851
13019,25/12/2017 11:00,5.90899992
13020,25/12/2017 12:00,5.486999989
13021,25/12/2017 13:00,7.034999847
13022,25/12/2017 14:00,7.456999779
13023,25/12/2017 15:00,6.261000156
13024,25/12/2017 16:00,5.979000092
13025,25/12/2017 17:00,6.050000191
13026,25/12/2017 18:00,5.205999851
13027,25/12/2017 19:00,4.712999821
13028,25/12/2017 20:00,4.572999954
13029,25/12/2017 21:00,4.854000092
13030,25/12/2017 22:00,4.78399992
13031,25/12/2017 23:00,4.43200016
13032,26/12/2017 00:00,4.290999889
13033,26/12/2017 01:00,4.994999886
13034,26/12/2017 02:00,4.854000092
13035,26/12/2017 03:00,4.290999889
13036,26/12/2017 04:00,4.079999924
13037,26/12/2017 05:00,4.290999889
13038,26/12/2017 06:00,3.868999958
13039,26/12/2017 07:00,4.150000095
13040,26/12/2017 08:00,4.43200016
13041,26/12/2017 09:00,4.712999821
13042,26/12/2017 10:00,4.079999924
13043,26/12/2017 11:00,4.854000092
13044,26/12/2017 12:00,5.346000195
13045,26/12/2017 13:00,5.416999817
13046,26/12/2017 14:00,5.486999989
13047,26/12/2017 15:00,5.486999989
13048,26/12/2017 16:00,5.486999989
13049,26/12/2017 17:00,5.90899992
13050,26/12/2017 18:00,5.768000126
13051,26/12/2017 19:00,5.697999954
13052,26/12/2017 20:00,5.135000229
13053,26/12/2017 21:00,4.290999889
13054,26/12/2017 22:00,3.938999891
13055,26/12/2017 23:00,3.727999926
13056,27/12/2017 00:00,3.305999994
13057,27/12/2017 01:00,3.236000061
13058,27/12/2017 02:00,2.954999924
13059,27/12/2017 03:00,2.602999926
13060,27/12/2017 04:00,2.602999926
13061,27/12/2017 05:00,2.180999994
13062,27/12/2017 06:00,1.899000049
13063,27/12/2017 07:00,2.321000099
13064,27/12/2017 08:00,2.180999994
13065,27/12/2017 09:00,2.180999994
13066,27/12/2017 10:00,2.39199996
13067,27/12/2017 11:00,2.461999893
13068,27/12/2017 12:00,2.813999891
13069,27/12/2017 13:00,3.095000029
13070,27/12/2017 14:00,2.813999891
13071,27/12/2017 15:00,2.884000063
13072,27/12/2017 16:00,3.025000095
13073,27/12/2017 17:00,3.447000027
13074,27/12/2017 18:00,3.305999994
13075,27/12/2017 19:00,3.305999994
13076,27/12/2017 20:00,3.727999926
13077,27/12/2017 21:00,4.079999924
13078,27/12/2017 22:00,3.799000025
13079,27/12/2017 23:00,4.079999924
13080,28/12/2017 00:00,4.150000095
13081,28/12/2017 01:00,4.290999889
13082,28/12/2017 02:00,4.361999989
13083,28/12/2017 03:00,4.643000126
13084,28/12/2017 04:00,4.78399992
13085,28/12/2017 05:00,5.205999851
13086,28/12/2017 06:00,5.135000229
13087,28/12/2017 07:00,5.346000195
13088,28/12/2017 08:00,4.501999855
13089,28/12/2017 09:00,5.135000229
13090,28/12/2017 10:00,4.572999954
13091,28/12/2017 11:00,4.994999886
13092,28/12/2017 12:00,4.854000092
13093,28/12/2017 13:00,5.416999817
13094,28/12/2017 14:00,5.135000229
13095,28/12/2017 15:00,6.050000191
13096,28/12/2017 16:00,6.472000122
13097,28/12/2017 17:00,6.261000156
13098,28/12/2017 18:00,5.55700016
13099,28/12/2017 19:00,5.346000195
13100,28/12/2017 20:00,5.697999954
13101,28/12/2017 21:00,5.839000225
13102,28/12/2017 22:00,6.261000156
13103,28/12/2017 23:00,6.190999985
13104,29/12/2017 00:00,6.541999817
13105,29/12/2017 01:00,6.612999916
13106,29/12/2017 02:00,6.541999817
13107,29/12/2017 03:00,6.541999817
13108,29/12/2017 04:00,6.683000088
13109,29/12/2017 05:00,7.034999847
13110,29/12/2017 06:00,6.894000053
13111,29/12/2017 07:00,6.823999882
13112,29/12/2017 08:00,7.668000221
13113,29/12/2017 09:00,7.105000019
13114,29/12/2017 10:00,8.020000458
13115,29/12/2017 11:00,8.020000458
13116,29/12/2017 12:00,6.541999817
13117,29/12/2017 13:00,6.752999783
13118,29/12/2017 14:00,7.105000019
13119,29/12/2017 15:00,7.175000191
13120,29/12/2017 16:00,7.245999813
13121,29/12/2017 17:00,7.879000187
13122,29/12/2017 18:00,6.541999817
13123,29/12/2017 19:00,6.612999916
13124,29/12/2017 20:00,6.964000225
13125,29/12/2017 21:00,6.330999851
13126,29/12/2017 22:00,5.839000225
13127,29/12/2017 23:00,7.245999813
13128,30/12/2017 00:00,7.105000019
13129,30/12/2017 01:00,7.456999779
13130,30/12/2017 02:00,6.752999783
13131,30/12/2017 03:00,5.065000057
13132,30/12/2017 04:00,4.572999954
13133,30/12/2017 05:00,3.236000061
13134,30/12/2017 06:00,3.377000093
13135,30/12/2017 07:00,4.010000229
13136,30/12/2017 08:00,4.361999989
13137,30/12/2017 09:00,3.236000061
13138,30/12/2017 10:00,3.305999994
13139,30/12/2017 11:00,4.010000229
13140,30/12/2017 12:00,2.673000097
13141,30/12/2017 13:00,2.532000065
13142,30/12/2017 14:00,3.727999926
13143,30/12/2017 15:00,2.673000097
13144,30/12/2017 16:00,3.305999994
13145,30/12/2017 17:00,3.938999891
13146,30/12/2017 18:00,4.712999821
13147,30/12/2017 19:00,4.150000095
13148,30/12/2017 20:00,4.221000195
13149,30/12/2017 21:00,4.290999889
13150,30/12/2017 22:00,4.290999889
13151,30/12/2017 23:00,4.43200016
13152,31/12/2017 00:00,4.221000195
13153,31/12/2017 01:00,4.221000195
13154,31/12/2017 02:00,4.221000195
13155,31/12/2017 03:00,4.221000195
13156,31/12/2017 04:00,4.221000195
13157,31/12/2017 05:00,4.221000195
13158,31/12/2017 06:00,4.221000195
13159,31/12/2017 07:00,4.221000195
13160,31/12/2017 08:00,4.221000195
13161,31/12/2017 09:00,4.221000195
13162,31/12/2017 10:00,4.221000195
13163,31/12/2017 11:00,4.221000195
13164,31/12/2017 12:00,4.221000195
13165,31/12/2017 13:00,4.221000195
13166,31/12/2017 14:00,4.221000195
13167,31/12/2017 15:00,4.221000195
13168,31/12/2017 16:00,4.221000195
13169,31/12/2017 17:00,4.221000195
13170,31/12/2017 18:00,4.221000195
13171,31/12/2017 19:00,4.221000195
13172,31/12/2017 20:00,4.221000195
13173,31/12/2017 21:00,4.221000195
13174,31/12/2017 22:00,4.221000195
13175,31/12/2017 23:00,4.221000195
13176,01/01/2018 00:00,5.205999851
13177,01/01/2018 01:00,4.501999855
13178,01/01/2018 02:00,4.994999886
13179,01/01/2018 03:00,4.290999889
13180,01/01/2018 04:00,4.150000095
13181,01/01/2018 05:00,4.010000229
13182,01/01/2018 06:00,4.010000229
13183,01/01/2018 07:00,3.588000059
13184,01/01/2018 08:00,3.236000061
13185,01/01/2018 09:00,3.447000027
13186,01/01/2018 10:00,3.377000093
13187,01/01/2018 11:00,4.43200016
13188,01/01/2018 12:00,3.868999958
13189,01/01/2018 13:00,4.221000195
13190,01/01/2018 14:00,4.923999786
13191,01/01/2018 15:00,3.938999891
13192,01/01/2018 16:00,4.150000095
13193,01/01/2018 17:00,3.938999891
13194,01/01/2018 18:00,3.727999926
13195,01/01/2018 19:00,3.447000027
13196,01/01/2018 20:00,3.236000061
13197,01/01/2018 21:00,3.095000029
13198,01/01/2018 22:00,2.884000063
13199,01/01/2018 23:00,2.884000063
13200,02/01/2018 00:00,2.884000063
13201,02/01/2018 01:00,3.51699996
13202,02/01/2018 02:00,3.799000025
13203,02/01/2018 03:00,3.868999958
13204,02/01/2018 04:00,3.868999958
13205,02/01/2018 05:00,3.868999958
13206,02/01/2018 06:00,4.643000126
13207,02/01/2018 07:00,4.854000092
13208,02/01/2018 08:00,4.712999821
13209,02/01/2018 09:00,4.854000092
13210,02/01/2018 10:00,5.065000057
13211,02/01/2018 11:00,5.697999954
13212,02/01/2018 12:00,5.979000092
13213,02/01/2018 13:00,5.486999989
13214,02/01/2018 14:00,5.90899992
13215,02/01/2018 15:00,6.894000053
13216,02/01/2018 16:00,6.190999985
13217,02/01/2018 17:00,6.612999916
13218,02/01/2018 18:00,5.065000057
13219,02/01/2018 19:00,4.43200016
13220,02/01/2018 20:00,4.150000095
13221,02/01/2018 21:00,3.868999958
13222,02/01/2018 22:00,4.361999989
13223,02/01/2018 23:00,3.51699996
13224,03/01/2018 00:00,3.447000027
13225,03/01/2018 01:00,2.673000097
13226,03/01/2018 02:00,1.828999996
13227,03/01/2018 03:00,2.180999994
13228,03/01/2018 04:00,0.703000009
13229,03/01/2018 05:00,1.828999996
13230,03/01/2018 06:00,2.180999994
13231,03/01/2018 07:00,1.899000049
13232,03/01/2018 08:00,0.843999982
13233,03/01/2018 09:00,0
13234,03/01/2018 10:00,1.618000031
13235,03/01/2018 11:00,0
13236,03/01/2018 12:00,0
13237,03/01/2018 13:00,-0.633000016
13238,03/01/2018 14:00,0
13239,03/01/2018 15:00,-1.266000032
13240,03/01/2018 16:00,-1.19599998
13241,03/01/2018 17:00,-1.899000049
13242,03/01/2018 18:00,-2.039999962
13243,03/01/2018 19:00,-2.109999895
13244,03/01/2018 20:00,-2.250999928
13245,03/01/2018 21:00,-2.250999928
13246,03/01/2018 22:00,-2.321000099
13247,03/01/2018 23:00,-2.39199996
13248,04/01/2018 00:00,-2.039999962
13249,04/01/2018 01:00,-2.673000097
13250,04/01/2018 02:00,-2.743999958
13251,04/01/2018 03:00,-2.532000065
13252,04/01/2018 04:00,-2.673000097
13253,04/01/2018 05:00,-2.461999893
13254,04/01/2018 06:00,-2.602999926
13255,04/01/2018 07:00,-2.461999893
13256,04/01/2018 08:00,-2.321000099
13257,04/01/2018 09:00,-2.250999928
13258,04/01/2018 10:00,-2.250999928
13259,04/01/2018 11:00,-2.180999994
13260,04/01/2018 12:00,-1.970000029
13261,04/01/2018 13:00,-2.109999895
13262,04/01/2018 14:00,-2.039999962
13263,04/01/2018 15:00,-2.039999962
13264,04/01/2018 16:00,-2.109999895
13265,04/01/2018 17:00,-2.109999895
13266,04/01/2018 18:00,-2.532000065
13267,04/01/2018 19:00,-2.180999994
13268,04/01/2018 20:00,-2.109999895
13269,04/01/2018 21:00,-1.547999978
13270,04/01/2018 22:00,-1.406999946
13271,04/01/2018 23:00,-1.054999948
13272,05/01/2018 00:00,0
13273,05/01/2018 01:00,0
13274,05/01/2018 02:00,0
13275,05/01/2018 03:00,0
13276,05/01/2018 04:00,0
13277,05/01/2018 05:00,0
13278,05/01/2018 06:00,0
13279,05/01/2018 07:00,0
13280,05/01/2018 08:00,0
13281,05/01/2018 09:00,0.633000016
13282,05/01/2018 10:00,0.985000014
13283,05/01/2018 11:00,0.773999989
13284,05/01/2018 12:00,1.618000031
13285,05/01/2018 13:00,2.180999994
13286,05/01/2018 14:00,3.588000059
13287,05/01/2018 15:00,2.884000063
13288,05/01/2018 16:00,2.602999926
13289,05/01/2018 17:00,2.954999924
13290,05/01/2018 18:00,2.954999924
13291,05/01/2018 19:00,3.377000093
13292,05/01/2018 20:00,3.447000027
13293,05/01/2018 21:00,2.673000097
13294,05/01/2018 22:00,2.884000063
13295,05/01/2018 23:00,2.673000097
13296,06/01/2018 00:00,2.743999958
13297,06/01/2018 01:00,2.673000097
13298,06/01/2018 02:00,2.321000099
13299,06/01/2018 03:00,2.813999891
13300,06/01/2018 04:00,1.758999944
13301,06/01/2018 05:00,2.109999895
13302,06/01/2018 06:00,0.773999989
13303,06/01/2018 07:00,0.985000014
13304,06/01/2018 08:00,0.915000021
13305,06/01/2018 09:00,0.492000014
13306,06/01/2018 10:00,1.19599998
13307,06/01/2018 11:00,1.758999944
13308,06/01/2018 12:00,1.126000047
13309,06/01/2018 13:00,1.337000012
13310,06/01/2018 14:00,1.266000032
13311,06/01/2018 15:00,1.19599998
13312,06/01/2018 16:00,1.266000032
13313,06/01/2018 17:00,-0.492000014
13314,06/01/2018 18:00,-0.843999982
13315,06/01/2018 19:00,0
13316,06/01/2018 20:00,0
13317,06/01/2018 21:00,0
13318,06/01/2018 22:00,0
13319,06/01/2018 23:00,0.843999982
13320,07/01/2018 00:00,1.126000047
13321,07/01/2018 01:00,1.406999946
13322,07/01/2018 02:00,1.828999996
13323,07/01/2018 03:00,2.39199996
13324,07/01/2018 04:00,2.532000065
13325,07/01/2018 05:00,3.236000061
13326,07/01/2018 06:00,3.588000059
13327,07/01/2018 07:00,0
13328,07/01/2018 08:00,0.843999982
13329,07/01/2018 09:00,0.633000016
13330,07/01/2018 10:00,0
13331,07/01/2018 11:00,0
13332,07/01/2018 12:00,0
13333,07/01/2018 13:00,0
13334,07/01/2018 14:00,0
13335,07/01/2018 15:00,0
13336,07/01/2018 16:00,0.773999989
13337,07/01/2018 17:00,0
13338,07/01/2018 18:00,0
13339,07/01/2018 19:00,1.476999998
13340,07/01/2018 20:00,0.773999989
13341,07/01/2018 21:00,0.563000023
13342,07/01/2018 22:00,-0.633000016
13343,07/01/2018 23:00,0
13344,08/01/2018 00:00,0
13345,08/01/2018 01:00,0.633000016
13346,08/01/2018 02:00,0.985000014
13347,08/01/2018 03:00,1.618000031
13348,08/01/2018 04:00,0.915000021
13349,08/01/2018 05:00,0.633000016
13350,08/01/2018 06:00,0.633000016
13351,08/01/2018 07:00,0
13352,08/01/2018 08:00,1.828999996
13353,08/01/2018 09:00,0.633000016
13354,08/01/2018 10:00,0.633000016
13355,08/01/2018 11:00,1.618000031
13356,08/01/2018 12:00,1.054999948
13357,08/01/2018 13:00,0.633000016
13358,08/01/2018 14:00,0.843999982
13359,08/01/2018 15:00,0
13360,08/01/2018 16:00,0
13361,08/01/2018 17:00,0
13362,08/01/2018 18:00,0
13363,08/01/2018 19:00,-0.773999989
13364,08/01/2018 20:00,-0.843999982
13365,08/01/2018 21:00,0
13366,08/01/2018 22:00,0
13367,08/01/2018 23:00,-0.492000014
13368,09/01/2018 00:00,0
13369,09/01/2018 01:00,0.985000014
13370,09/01/2018 02:00,2.321000099
13371,09/01/2018 03:00,2.532000065
13372,09/01/2018 04:00,2.673000097
13373,09/01/2018 05:00,2.673000097
13374,09/01/2018 06:00,2.884000063
13375,09/01/2018 07:00,3.025000095
13376,09/01/2018 08:00,3.588000059
13377,09/01/2018 09:00,2.743999958
13378,09/01/2018 10:00,2.602999926
13379,09/01/2018 11:00,2.743999958
13380,09/01/2018 12:00,2.180999994
13381,09/01/2018 13:00,3.165999889
13382,09/01/2018 14:00,3.727999926
13383,09/01/2018 15:00,3.236000061
13384,09/01/2018 16:00,3.588000059
13385,09/01/2018 17:00,4.221000195
13386,09/01/2018 18:00,4.221000195
13387,09/01/2018 19:00,3.727999926
13388,09/01/2018 20:00,4.712999821
13389,09/01/2018 21:00,3.799000025
13390,09/01/2018 22:00,4.43200016
13391,09/01/2018 23:00,3.165999889
13392,10/01/2018 00:00,2.180999994
13393,10/01/2018 01:00,2.039999962
13394,10/01/2018 02:00,2.039999962
13395,10/01/2018 03:00,2.109999895
13396,10/01/2018 04:00,2.109999895
13397,10/01/2018 05:00,2.602999926
13398,10/01/2018 06:00,2.532000065
13399,10/01/2018 07:00,2.532000065
13400,10/01/2018 08:00,1.758999944
13401,10/01/2018 09:00,1.618000031
13402,10/01/2018 10:00,2.884000063
13403,10/01/2018 11:00,3.868999958
13404,10/01/2018 12:00,2.884000063
13405,10/01/2018 13:00,2.602999926
13406,10/01/2018 14:00,2.461999893
13407,10/01/2018 15:00,2.884000063
13408,10/01/2018 16:00,2.743999958
13409,10/01/2018 17:00,2.250999928
13410,10/01/2018 18:00,3.095000029
13411,10/01/2018 19:00,2.743999958
13412,10/01/2018 20:00,3.377000093
13413,10/01/2018 21:00,3.025000095
13414,10/01/2018 22:00,3.236000061
13415,10/01/2018 23:00,3.588000059
13416,11/01/2018 00:00,3.165999889
13417,11/01/2018 01:00,3.165999889
13418,11/01/2018 02:00,2.673000097
13419,11/01/2018 03:00,3.657999992
13420,11/01/2018 04:00,3.236000061
13421,11/01/2018 05:00,3.377000093
13422,11/01/2018 06:00,3.51699996
13423,11/01/2018 07:00,2.602999926
13424,11/01/2018 08:00,3.868999958
13425,11/01/2018 09:00,4.010000229
13426,11/01/2018 10:00,4.501999855
13427,11/01/2018 11:00,5.205999851
13428,11/01/2018 12:00,4.079999924
13429,11/01/2018 13:00,4.079999924
13430,11/01/2018 14:00,4.501999855
13431,11/01/2018 15:00,2.884000063
13432,11/01/2018 16:00,4.150000095
13433,11/01/2018 17:00,3.377000093
13434,11/01/2018 18:00,3.377000093
13435,11/01/2018 19:00,2.813999891
13436,11/01/2018 20:00,2.813999891
13437,11/01/2018 21:00,2.532000065
13438,11/01/2018 22:00,1.828999996
13439,11/01/2018 23:00,2.180999994
13440,12/01/2018 00:00,2.673000097
13441,12/01/2018 01:00,2.673000097
13442,12/01/2018 02:00,2.602999926
13443,12/01/2018 03:00,3.095000029
13444,12/01/2018 04:00,2.532000065
13445,12/01/2018 05:00,2.532000065
13446,12/01/2018 06:00,2.532000065
13447,12/01/2018 07:00,2.39199996
13448,12/01/2018 08:00,2.673000097
13449,12/01/2018 09:00,2.250999928
13450,12/01/2018 10:00,2.532000065
13451,12/01/2018 11:00,4.712999821
13452,12/01/2018 12:00,4.150000095
13453,12/01/2018 13:00,3.799000025
13454,12/01/2018 14:00,4.854000092
13455,12/01/2018 15:00,3.799000025
13456,12/01/2018 16:00,4.854000092
13457,12/01/2018 17:00,4.010000229
13458,12/01/2018 18:00,3.657999992
13459,12/01/2018 19:00,3.447000027
13460,12/01/2018 20:00,3.095000029
13461,12/01/2018 21:00,2.180999994
13462,12/01/2018 22:00,2.180999994
13463,12/01/2018 23:00,2.743999958
13464,13/01/2018 00:00,2.39199996
13465,13/01/2018 01:00,1.687999964
13466,13/01/2018 02:00,2.039999962
13467,13/01/2018 03:00,2.250999928
13468,13/01/2018 04:00,1.687999964
13469,13/01/2018 05:00,2.250999928
13470,13/01/2018 06:00,2.180999994
13471,13/01/2018 07:00,1.547999978
13472,13/01/2018 08:00,1.618000031
13473,13/01/2018 09:00,1.970000029
13474,13/01/2018 10:00,1.758999944
13475,13/01/2018 11:00,2.039999962
13476,13/01/2018 12:00,2.109999895
13477,13/01/2018 13:00,2.039999962
13478,13/01/2018 14:00,2.532000065
13479,13/01/2018 15:00,2.532000065
13480,13/01/2018 16:00,2.321000099
13481,13/01/2018 17:00,2.532000065
13482,13/01/2018 18:00,2.321000099
13483,13/01/2018 19:00,2.180999994
13484,13/01/2018 20:00,2.602999926
13485,13/01/2018 21:00,2.250999928
13486,13/01/2018 22:00,2.532000065
13487,13/01/2018 23:00,2.532000065
13488,14/01/2018 00:00,2.039999962
13489,14/01/2018 01:00,2.954999924
13490,14/01/2018 02:00,2.602999926
13491,14/01/2018 03:00,3.165999889
13492,14/01/2018 04:00,3.095000029
13493,14/01/2018 05:00,2.884000063
13494,14/01/2018 06:00,3.165999889
13495,14/01/2018 07:00,2.813999891
13496,14/01/2018 08:00,3.305999994
13497,14/01/2018 09:00,2.884000063
13498,14/01/2018 10:00,4.501999855
13499,14/01/2018 11:00,5.416999817
13500,14/01/2018 12:00,5.55700016
13501,14/01/2018 13:00,5.768000126
13502,14/01/2018 14:00,6.683000088
13503,14/01/2018 15:00,6.752999783
13504,14/01/2018 16:00,7.105000019
13505,14/01/2018 17:00,8.159999847
13506,14/01/2018 18:00,6.472000122
13507,14/01/2018 19:00,6.612999916
13508,14/01/2018 20:00,5.697999954
13509,14/01/2018 21:00,5.768000126
13510,14/01/2018 22:00,5.979000092
13511,14/01/2018 23:00,5.768000126
13512,15/01/2018 00:00,5.90899992
13513,15/01/2018 01:00,6.050000191
13514,15/01/2018 02:00,5.979000092
13515,15/01/2018 03:00,5.90899992
13516,15/01/2018 04:00,5.839000225
13517,15/01/2018 05:00,5.768000126
13518,15/01/2018 06:00,4.643000126
13519,15/01/2018 07:00,4.010000229
13520,15/01/2018 08:00,4.361999989
13521,15/01/2018 09:00,3.868999958
13522,15/01/2018 10:00,4.854000092
13523,15/01/2018 11:00,6.119999886
13524,15/01/2018 12:00,5.627999783
13525,15/01/2018 13:00,6.190999985
13526,15/01/2018 14:00,7.105000019
13527,15/01/2018 15:00,5.979000092
13528,15/01/2018 16:00,5.979000092
13529,15/01/2018 17:00,6.330999851
13530,15/01/2018 18:00,6.261000156
13531,15/01/2018 19:00,6.612999916
13532,15/01/2018 20:00,6.050000191
13533,15/01/2018 21:00,5.416999817
13534,15/01/2018 22:00,6.261000156
13535,15/01/2018 23:00,5.627999783
13536,16/01/2018 00:00,6.190999985
13537,16/01/2018 01:00,6.823999882
13538,16/01/2018 02:00,7.105000019
13539,16/01/2018 03:00,7.456999779
13540,16/01/2018 04:00,7.315999985
13541,16/01/2018 05:00,7.597000122
13542,16/01/2018 06:00,5.697999954
13543,16/01/2018 07:00,5.55700016
13544,16/01/2018 08:00,5.065000057
13545,16/01/2018 09:00,4.923999786
13546,16/01/2018 10:00,3.727999926
13547,16/01/2018 11:00,5.486999989
13548,16/01/2018 12:00,4.643000126
13549,16/01/2018 13:00,2.813999891
13550,16/01/2018 14:00,2.39199996
13551,16/01/2018 15:00,3.447000027
13552,16/01/2018 16:00,4.079999924
13553,16/01/2018 17:00,3.588000059
13554,16/01/2018 18:00,3.588000059
13555,16/01/2018 19:00,4.501999855
13556,16/01/2018 20:00,4.712999821
13557,16/01/2018 21:00,4.78399992
13558,16/01/2018 22:00,5.416999817
13559,16/01/2018 23:00,3.51699996
13560,17/01/2018 00:00,2.884000063
13561,17/01/2018 01:00,3.447000027
13562,17/01/2018 02:00,3.657999992
13563,17/01/2018 03:00,4.923999786
13564,17/01/2018 04:00,5.697999954
13565,17/01/2018 05:00,6.050000191
13566,17/01/2018 06:00,6.612999916
13567,17/01/2018 07:00,5.979000092
13568,17/01/2018 08:00,5.486999989
13569,17/01/2018 09:00,6.40199995
13570,17/01/2018 10:00,6.964000225
13571,17/01/2018 11:00,7.105000019
13572,17/01/2018 12:00,6.190999985
13573,17/01/2018 13:00,5.276000023
13574,17/01/2018 14:00,4.923999786
13575,17/01/2018 15:00,5.768000126
13576,17/01/2018 16:00,6.472000122
13577,17/01/2018 17:00,5.839000225
13578,17/01/2018 18:00,5.065000057
13579,17/01/2018 19:00,4.854000092
13580,17/01/2018 20:00,5.205999851
13581,17/01/2018 21:00,5.627999783
13582,17/01/2018 22:00,5.065000057
13583,17/01/2018 23:00,4.994999886
13584,18/01/2018 00:00,4.572999954
13585,18/01/2018 01:00,4.712999821
13586,18/01/2018 02:00,4.572999954
13587,18/01/2018 03:00,4.361999989
13588,18/01/2018 04:00,4.079999924
13589,18/01/2018 05:00,4.290999889
13590,18/01/2018 06:00,3.868999958
13591,18/01/2018 07:00,4.290999889
13592,18/01/2018 08:00,4.290999889
13593,18/01/2018 09:00,4.290999889
13594,18/01/2018 10:00,4.150000095
13595,18/01/2018 11:00,4.290999889
13596,18/01/2018 12:00,3.799000025
13597,18/01/2018 13:00,4.290999889
13598,18/01/2018 14:00,4.501999855
13599,18/01/2018 15:00,4.221000195
13600,18/01/2018 16:00,4.501999855
13601,18/01/2018 17:00,4.572999954
13602,18/01/2018 18:00,4.712999821
13603,18/01/2018 19:00,3.799000025
13604,18/01/2018 20:00,3.727999926
13605,18/01/2018 21:00,3.868999958
13606,18/01/2018 22:00,4.43200016
13607,18/01/2018 23:00,4.643000126
13608,19/01/2018 00:00,4.994999886
13609,19/01/2018 01:00,4.572999954
13610,19/01/2018 02:00,4.994999886
13611,19/01/2018 03:00,4.923999786
13612,19/01/2018 04:00,5.135000229
13613,19/01/2018 05:00,5.346000195
13614,19/01/2018 06:00,5.346000195
13615,19/01/2018 07:00,5.90899992
13616,19/01/2018 08:00,5.979000092
13617,19/01/2018 09:00,4.78399992
13618,19/01/2018 10:00,5.205999851
13619,19/01/2018 11:00,5.416999817
13620,19/01/2018 12:00,6.261000156
13621,19/01/2018 13:00,6.612999916
13622,19/01/2018 14:00,5.979000092
13623,19/01/2018 15:00,6.261000156
13624,19/01/2018 16:00,6.541999817
13625,19/01/2018 17:00,6.964000225
13626,19/01/2018 18:00,6.050000191
13627,19/01/2018 19:00,6.050000191
13628,19/01/2018 20:00,6.119999886
13629,19/01/2018 21:00,5.979000092
13630,19/01/2018 22:00,5.90899992
13631,19/01/2018 23:00,6.261000156
13632,20/01/2018 00:00,5.697999954
13633,20/01/2018 01:00,6.40199995
13634,20/01/2018 02:00,6.119999886
13635,20/01/2018 03:00,5.90899992
13636,20/01/2018 04:00,5.486999989
13637,20/01/2018 05:00,6.119999886
13638,20/01/2018 06:00,5.90899992
13639,20/01/2018 07:00,5.416999817
13640,20/01/2018 08:00,5.205999851
13641,20/01/2018 09:00,5.135000229
13642,20/01/2018 10:00,4.712999821
13643,20/01/2018 11:00,4.501999855
13644,20/01/2018 12:00,4.923999786
13645,20/01/2018 13:00,4.923999786
13646,20/01/2018 14:00,4.994999886
13647,20/01/2018 15:00,4.712999821
13648,20/01/2018 16:00,4.994999886
13649,20/01/2018 17:00,4.854000092
13650,20/01/2018 18:00,5.205999851
13651,20/01/2018 19:00,5.346000195
13652,20/01/2018 20:00,5.697999954
13653,20/01/2018 21:00,5.768000126
13654,20/01/2018 22:00,5.979000092
13655,20/01/2018 23:00,5.627999783
13656,21/01/2018 00:00,5.416999817
13657,21/01/2018 01:00,5.768000126
13658,21/01/2018 02:00,5.697999954
13659,21/01/2018 03:00,5.346000195
13660,21/01/2018 04:00,4.923999786
13661,21/01/2018 05:00,4.78399992
13662,21/01/2018 06:00,4.572999954
13663,21/01/2018 07:00,4.150000095
13664,21/01/2018 08:00,4.501999855
13665,21/01/2018 09:00,4.854000092
13666,21/01/2018 10:00,4.501999855
13667,21/01/2018 11:00,4.572999954
13668,21/01/2018 12:00,4.290999889
13669,21/01/2018 13:00,5.065000057
13670,21/01/2018 14:00,3.868999958
13671,21/01/2018 15:00,4.150000095
13672,21/01/2018 16:00,3.657999992
13673,21/01/2018 17:00,2.180999994
13674,21/01/2018 18:00,2.602999926
13675,21/01/2018 19:00,2.532000065
13676,21/01/2018 20:00,3.236000061
13677,21/01/2018 21:00,4.712999821
13678,21/01/2018 22:00,4.78399992
13679,21/01/2018 23:00,5.276000023
13680,22/01/2018 00:00,5.839000225
13681,22/01/2018 01:00,5.768000126
13682,22/01/2018 02:00,5.55700016
13683,22/01/2018 03:00,4.501999855
13684,22/01/2018 04:00,4.712999821
13685,22/01/2018 05:00,4.994999886
13686,22/01/2018 06:00,3.51699996
13687,22/01/2018 07:00,3.657999992
13688,22/01/2018 08:00,3.588000059
13689,22/01/2018 09:00,4.994999886
13690,22/01/2018 10:00,5.486999989
13691,22/01/2018 11:00,5.768000126
13692,22/01/2018 12:00,6.119999886
13693,22/01/2018 13:00,5.065000057
13694,22/01/2018 14:00,5.065000057
13695,22/01/2018 15:00,5.486999989
13696,22/01/2018 16:00,5.346000195
13697,22/01/2018 17:00,5.697999954
13698,22/01/2018 18:00,5.486999989
13699,22/01/2018 19:00,5.276000023
13700,22/01/2018 20:00,5.346000195
13701,22/01/2018 21:00,4.923999786
13702,22/01/2018 22:00,4.712999821
13703,22/01/2018 23:00,4.994999886
13704,23/01/2018 00:00,5.065000057
13705,23/01/2018 01:00,4.78399992
13706,23/01/2018 02:00,4.43200016
13707,23/01/2018 03:00,3.236000061
13708,23/01/2018 04:00,4.43200016
13709,23/01/2018 05:00,2.321000099
13710,23/01/2018 06:00,1.687999964
13711,23/01/2018 07:00,2.039999962
13712,23/01/2018 08:00,3.727999926
13713,23/01/2018 09:00,2.602999926
13714,23/01/2018 10:00,2.673000097
13715,23/01/2018 11:00,2.532000065
13716,23/01/2018 12:00,2.673000097
13717,23/01/2018 13:00,3.025000095
13718,23/01/2018 14:00,3.165999889
13719,23/01/2018 15:00,2.39199996
13720,23/01/2018 16:00,2.884000063
13721,23/01/2018 17:00,2.39199996
13722,23/01/2018 18:00,2.039999962
13723,23/01/2018 19:00,2.039999962
13724,23/01/2018 20:00,2.039999962
13725,23/01/2018 21:00,1.828999996
13726,23/01/2018 22:00,1.970000029
13727,23/01/2018 23:00,2.039999962
13728,24/01/2018 00:00,1.618000031
13729,24/01/2018 01:00,1.476999998
13730,24/01/2018 02:00,1.266000032
13731,24/01/2018 03:00,0.915000021
13732,24/01/2018 04:00,0.915000021
13733,24/01/2018 05:00,1.126000047
13734,24/01/2018 06:00,0.773999989
13735,24/01/2018 07:00,0.421999991
13736,24/01/2018 08:00,0
13737,24/01/2018 09:00,0
13738,24/01/2018 10:00,0
13739,24/01/2018 11:00,0
13740,24/01/2018 12:00,0
13741,24/01/2018 13:00,0
13742,24/01/2018 14:00,0
13743,24/01/2018 15:00,-0.985000014
13744,24/01/2018 16:00,-1.337000012
13745,24/01/2018 17:00,-1.126000047
13746,24/01/2018 18:00,-0.843999982
13747,24/01/2018 19:00,0
13748,24/01/2018 20:00,-0.843999982
13749,24/01/2018 21:00,-1.618000031
13750,24/01/2018 22:00,-2.109999895
13751,24/01/2018 23:00,-1.618000031
13752,25/01/2018 00:00,-1.266000032
13753,25/01/2018 01:00,-1.899000049
13754,25/01/2018 02:00,-2.039999962
13755,25/01/2018 03:00,-2.321000099
13756,25/01/2018 04:00,-1.828999996
13757,25/01/2018 05:00,-1.618000031
13758,25/01/2018 06:00,-2.461999893
13759,25/01/2018 07:00,-2.461999893
13760,25/01/2018 08:00,-2.180999994
13761,25/01/2018 09:00,-2.321000099
13762,25/01/2018 10:00,-2.39199996
13763,25/01/2018 11:00,-2.813999891
13764,25/01/2018 12:00,-2.743999958
13765,25/01/2018 13:00,-3.025000095
13766,25/01/2018 14:00,-2.461999893
13767,25/01/2018 15:00,-3.095000029
13768,25/01/2018 16:00,-2.884000063
13769,25/01/2018 17:00,-2.39199996
13770,25/01/2018 18:00,-3.095000029
13771,25/01/2018 19:00,-3.025000095
13772,25/01/2018 20:00,-2.954999924
13773,25/01/2018 21:00,-1.687999964
13774,25/01/2018 22:00,-1.618000031
13775,25/01/2018 23:00,-1.337000012
13776,26/01/2018 00:00,-1.618000031
13777,26/01/2018 01:00,-1.547999978
13778,26/01/2018 02:00,-1.899000049
13779,26/01/2018 03:00,-1.899000049
13780,26/01/2018 04:00,-1.899000049
13781,26/01/2018 05:00,-1.618000031
13782,26/01/2018 06:00,-0.843999982
13783,26/01/2018 07:00,-1.266000032
13784,26/01/2018 08:00,-1.126000047
13785,26/01/2018 09:00,-1.054999948
13786,26/01/2018 10:00,0
13787,26/01/2018 11:00,-1.337000012
13788,26/01/2018 12:00,-0.563000023
13789,26/01/2018 13:00,0
13790,26/01/2018 14:00,0
13791,26/01/2018 15:00,0
13792,26/01/2018 16:00,0
13793,26/01/2018 17:00,0
13794,26/01/2018 18:00,0
13795,26/01/2018 19:00,0.492000014
13796,26/01/2018 20:00,0.843999982
13797,26/01/2018 21:00,0
13798,26/01/2018 22:00,0
13799,26/01/2018 23:00,0
13800,27/01/2018 00:00,0
13801,27/01/2018 01:00,0
13802,27/01/2018 02:00,0
13803,27/01/2018 03:00,-0.633000016
13804,27/01/2018 04:00,-0.633000016
13805,27/01/2018 05:00,-0.703000009
13806,27/01/2018 06:00,-1.266000032
13807,27/01/2018 07:00,-2.039999962
13808,27/01/2018 08:00,-2.461999893
13809,27/01/2018 09:00,-3.727999926
13810,27/01/2018 10:00,-3.377000093
13811,27/01/2018 11:00,-3.236000061
13812,27/01/2018 12:00,-3.305999994
13813,27/01/2018 13:00,-3.095000029
13814,27/01/2018 14:00,-2.673000097
13815,27/01/2018 15:00,-1.970000029
13816,27/01/2018 16:00,-2.109999895
13817,27/01/2018 17:00,-1.19599998
13818,27/01/2018 18:00,-1.126000047
13819,27/01/2018 19:00,0
13820,27/01/2018 20:00,0
13821,27/01/2018 21:00,0
13822,27/01/2018 22:00,0
13823,27/01/2018 23:00,0
13824,28/01/2018 00:00,0
13825,28/01/2018 01:00,-0.773999989
13826,28/01/2018 02:00,-0.773999989
13827,28/01/2018 03:00,-0.915000021
13828,28/01/2018 04:00,-0.843999982
13829,28/01/2018 05:00,-1.337000012
13830,28/01/2018 06:00,-0.915000021
13831,28/01/2018 07:00,-0.915000021
13832,28/01/2018 08:00,-1.19599998
13833,28/01/2018 09:00,-1.337000012
13834,28/01/2018 10:00,-1.476999998
13835,28/01/2018 11:00,-0.915000021
13836,28/01/2018 12:00,-1.19599998
13837,28/01/2018 13:00,0
13838,28/01/2018 14:00,-0.985000014
13839,28/01/2018 15:00,-0.985000014
13840,28/01/2018 16:00,0
13841,28/01/2018 17:00,0.633000016
13842,28/01/2018 18:00,1.054999948
13843,28/01/2018 19:00,0.703000009
13844,28/01/2018 20:00,0
13845,28/01/2018 21:00,0
13846,28/01/2018 22:00,0
13847,28/01/2018 23:00,0
13848,29/01/2018 00:00,0
13849,29/01/2018 01:00,0.563000023
13850,29/01/2018 02:00,0.563000023
13851,29/01/2018 03:00,1.126000047
13852,29/01/2018 04:00,0.915000021
13853,29/01/2018 05:00,1.054999948
13854,29/01/2018 06:00,1.476999998
13855,29/01/2018 07:00,0.773999989
13856,29/01/2018 08:00,0.773999989
13857,29/01/2018 09:00,1.337000012
13858,29/01/2018 10:00,0.703000009
13859,29/01/2018 11:00,0.773999989
13860,29/01/2018 12:00,0.492000014
13861,29/01/2018 13:00,1.126000047
13862,29/01/2018 14:00,1.476999998
13863,29/01/2018 15:00,1.687999964
13864,29/01/2018 16:00,1.618000031
13865,29/01/2018 17:00,1.970000029
13866,29/01/2018 18:00,1.758999944
13867,29/01/2018 19:00,1.476999998
13868,29/01/2018 20:00,1.547999978
13869,29/01/2018 21:00,1.618000031
13870,29/01/2018 22:00,1.687999964
13871,29/01/2018 23:00,1.899000049
13872,30/01/2018 00:00,1.828999996
13873,30/01/2018 01:00,1.337000012
13874,30/01/2018 02:00,1.618000031
13875,30/01/2018 03:00,1.054999948
13876,30/01/2018 04:00,1.266000032
13877,30/01/2018 05:00,0.985000014
13878,30/01/2018 06:00,1.054999948
13879,30/01/2018 07:00,0.985000014
13880,30/01/2018 08:00,0.915000021
13881,30/01/2018 09:00,1.687999964
13882,30/01/2018 10:00,2.109999895
13883,30/01/2018 11:00,2.39199996
13884,30/01/2018 12:00,3.025000095
13885,30/01/2018 13:00,3.095000029
13886,30/01/2018 14:00,4.150000095
13887,30/01/2018 15:00,3.377000093
13888,30/01/2018 16:00,3.447000027
13889,30/01/2018 17:00,2.743999958
13890,30/01/2018 18:00,2.39199996
13891,30/01/2018 19:00,2.180999994
13892,30/01/2018 20:00,2.743999958
13893,30/01/2018 21:00,2.532000065
13894,30/01/2018 22:00,2.743999958
13895,30/01/2018 23:00,3.025000095
13896,31/01/2018 00:00,1.758999944
13897,31/01/2018 01:00,1.758999944
13898,31/01/2018 02:00,1.758999944
13899,31/01/2018 03:00,1.758999944
13900,31/01/2018 04:00,1.758999944
13901,31/01/2018 05:00,1.758999944
13902,31/01/2018 06:00,1.758999944
13903,31/01/2018 07:00,1.758999944
13904,31/01/2018 08:00,1.758999944
13905,31/01/2018 09:00,1.758999944
13906,31/01/2018 10:00,1.758999944
13907,31/01/2018 11:00,1.758999944
13908,31/01/2018 12:00,1.758999944
13909,31/01/2018 13:00,1.758999944
13910,31/01/2018 14:00,1.758999944
13911,31/01/2018 15:00,1.758999944
13912,31/01/2018 16:00,1.758999944
13913,31/01/2018 17:00,1.758999944
13914,31/01/2018 18:00,1.758999944
13915,31/01/2018 19:00,1.758999944
13916,31/01/2018 20:00,1.758999944
13917,31/01/2018 21:00,1.758999944
13918,31/01/2018 22:00,1.758999944
13919,31/01/2018 23:00,1.758999944
13920,01/02/2018 00:00,2.743999958
13921,01/02/2018 01:00,3.025000095
13922,01/02/2018 02:00,3.025000095
13923,01/02/2018 03:00,3.236000061
13924,01/02/2018 04:00,2.884000063
13925,01/02/2018 05:00,2.743999958
13926,01/02/2018 06:00,2.461999893
13927,01/02/2018 07:00,2.039999962
13928,01/02/2018 08:00,2.39199996
13929,01/02/2018 09:00,3.165999889
13930,01/02/2018 10:00,3.799000025
13931,01/02/2018 11:00,4.712999821
13932,01/02/2018 12:00,4.290999889
13933,01/02/2018 13:00,4.290999889
13934,01/02/2018 14:00,6.261000156
13935,01/02/2018 15:00,3.938999891
13936,01/02/2018 16:00,3.799000025
13937,01/02/2018 17:00,3.588000059
13938,01/02/2018 18:00,3.799000025
13939,01/02/2018 19:00,3.588000059
13940,01/02/2018 20:00,3.305999994
13941,01/02/2018 21:00,3.657999992
13942,01/02/2018 22:00,4.290999889
13943,01/02/2018 23:00,3.938999891
13944,02/02/2018 00:00,3.799000025
13945,02/02/2018 01:00,4.361999989
13946,02/02/2018 02:00,4.643000126
13947,02/02/2018 03:00,4.221000195
13948,02/02/2018 04:00,4.079999924
13949,02/02/2018 05:00,3.868999958
13950,02/02/2018 06:00,3.938999891
13951,02/02/2018 07:00,3.727999926
13952,02/02/2018 08:00,3.868999958
13953,02/02/2018 09:00,4.43200016
13954,02/02/2018 10:00,3.377000093
13955,02/02/2018 11:00,4.079999924
13956,02/02/2018 12:00,3.588000059
13957,02/02/2018 13:00,3.447000027
13958,02/02/2018 14:00,3.305999994
13959,02/02/2018 15:00,3.868999958
13960,02/02/2018 16:00,3.305999994
13961,02/02/2018 17:00,3.51699996
13962,02/02/2018 18:00,2.321000099
13963,02/02/2018 19:00,2.039999962
13964,02/02/2018 20:00,1.899000049
13965,02/02/2018 21:00,2.461999893
13966,02/02/2018 22:00,2.532000065
13967,02/02/2018 23:00,2.039999962
13968,03/02/2018 00:00,2.039999962
13969,03/02/2018 01:00,0.843999982
13970,03/02/2018 02:00,0.703000009
13971,03/02/2018 03:00,0.703000009
13972,03/02/2018 04:00,1.337000012
13973,03/02/2018 05:00,0.773999989
13974,03/02/2018 06:00,0
13975,03/02/2018 07:00,0
13976,03/02/2018 08:00,0
13977,03/02/2018 09:00,0.773999989
13978,03/02/2018 10:00,1.406999946
13979,03/02/2018 11:00,2.039999962
13980,03/02/2018 12:00,1.266000032
13981,03/02/2018 13:00,1.970000029
13982,03/02/2018 14:00,3.447000027
13983,03/02/2018 15:00,3.447000027
13984,03/02/2018 16:00,3.657999992
13985,03/02/2018 17:00,3.236000061
13986,03/02/2018 18:00,2.461999893
13987,03/02/2018 19:00,2.39199996
13988,03/02/2018 20:00,1.687999964
13989,03/02/2018 21:00,1.266000032
13990,03/02/2018 22:00,2.180999994
13991,03/02/2018 23:00,0.773999989
13992,04/02/2018 00:00,1.899000049
13993,04/02/2018 01:00,1.828999996
13994,04/02/2018 02:00,2.250999928
13995,04/02/2018 03:00,2.039999962
13996,04/02/2018 04:00,2.180999994
13997,04/02/2018 05:00,2.39199996
13998,04/02/2018 06:00,1.687999964
13999,04/02/2018 07:00,1.547999978
14000,04/02/2018 08:00,1.899000049
14001,04/02/2018 09:00,2.673000097
14002,04/02/2018 10:00,2.884000063
14003,04/02/2018 11:00,3.799000025
14004,04/02/2018 12:00,2.954999924
14005,04/02/2018 13:00,3.377000093
14006,04/02/2018 14:00,4.43200016
14007,04/02/2018 15:00,3.868999958
14008,04/02/2018 16:00,4.150000095
14009,04/02/2018 17:00,4.150000095
14010,04/02/2018 18:00,3.236000061
14011,04/02/2018 19:00,2.884000063
14012,04/02/2018 20:00,2.461999893
14013,04/02/2018 21:00,3.447000027
14014,04/02/2018 22:00,4.079999924
14015,04/02/2018 23:00,3.588000059
14016,05/02/2018 00:00,4.290999889
14017,05/02/2018 01:00,3.799000025
14018,05/02/2018 02:00,3.165999889
14019,05/02/2018 03:00,4.079999924
14020,05/02/2018 04:00,3.095000029
14021,05/02/2018 05:00,3.588000059
14022,05/02/2018 06:00,2.884000063
14023,05/02/2018 07:00,3.025000095
14024,05/02/2018 08:00,3.588000059
14025,05/02/2018 09:00,3.447000027
14026,05/02/2018 10:00,2.884000063
14027,05/02/2018 11:00,3.868999958
14028,05/02/2018 12:00,2.884000063
14029,05/02/2018 13:00,3.305999994
14030,05/02/2018 14:00,4.501999855
14031,05/02/2018 15:00,4.010000229
14032,05/02/2018 16:00,4.079999924
14033,05/02/2018 17:00,5.205999851
14034,05/02/2018 18:00,4.290999889
14035,05/02/2018 19:00,4.290999889
14036,05/02/2018 20:00,3.938999891
14037,05/02/2018 21:00,4.221000195
14038,05/02/2018 22:00,4.290999889
14039,05/02/2018 23:00,3.799000025
14040,06/02/2018 00:00,3.938999891
14041,06/02/2018 01:00,4.221000195
14042,06/02/2018 02:00,3.799000025
14043,06/02/2018 03:00,3.51699996
14044,06/02/2018 04:00,4.290999889
14045,06/02/2018 05:00,4.010000229
14046,06/02/2018 06:00,4.010000229
14047,06/02/2018 07:00,1.547999978
14048,06/02/2018 08:00,1.19599998
14049,06/02/2018 09:00,1.126000047
14050,06/02/2018 10:00,1.476999998
14051,06/02/2018 11:00,1.687999964
14052,06/02/2018 12:00,1.758999944
14053,06/02/2018 13:00,2.461999893
14054,06/02/2018 14:00,4.501999855
14055,06/02/2018 15:00,3.799000025
14056,06/02/2018 16:00,2.673000097
14057,06/02/2018 17:00,2.673000097
14058,06/02/2018 18:00,2.602999926
14059,06/02/2018 19:00,2.250999928
14060,06/02/2018 20:00,2.180999994
14061,06/02/2018 21:00,2.532000065
14062,06/02/2018 22:00,2.602999926
14063,06/02/2018 23:00,2.250999928
14064,07/02/2018 00:00,1.828999996
14065,07/02/2018 01:00,2.039999962
14066,07/02/2018 02:00,1.970000029
14067,07/02/2018 03:00,2.461999893
14068,07/02/2018 04:00,2.250999928
14069,07/02/2018 05:00,2.321000099
14070,07/02/2018 06:00,2.461999893
14071,07/02/2018 07:00,2.602999926
14072,07/02/2018 08:00,2.884000063
14073,07/02/2018 09:00,3.588000059
14074,07/02/2018 10:00,4.150000095
14075,07/02/2018 11:00,4.501999855
14076,07/02/2018 12:00,4.010000229
14077,07/02/2018 13:00,4.290999889
14078,07/02/2018 14:00,4.572999954
14079,07/02/2018 15:00,4.923999786
14080,07/02/2018 16:00,4.643000126
14081,07/02/2018 17:00,5.065000057
14082,07/02/2018 18:00,4.994999886
14083,07/02/2018 19:00,5.135000229
14084,07/02/2018 20:00,5.135000229
14085,07/02/2018 21:00,4.643000126
14086,07/02/2018 22:00,4.643000126
14087,07/02/2018 23:00,3.588000059
14088,08/02/2018 00:00,1.899000049
14089,08/02/2018 01:00,2.109999895
14090,08/02/2018 02:00,4.150000095
14091,08/02/2018 03:00,4.221000195
14092,08/02/2018 04:00,3.727999926
14093,08/02/2018 05:00,3.588000059
14094,08/02/2018 06:00,3.727999926
14095,08/02/2018 07:00,3.165999889
14096,08/02/2018 08:00,3.025000095
14097,08/02/2018 09:00,2.180999994
14098,08/02/2018 10:00,2.532000065
14099,08/02/2018 11:00,2.884000063
14100,08/02/2018 12:00,3.025000095
14101,08/02/2018 13:00,2.884000063
14102,08/02/2018 14:00,3.938999891
14103,08/02/2018 15:00,3.588000059
14104,08/02/2018 16:00,3.447000027
14105,08/02/2018 17:00,3.868999958
14106,08/02/2018 18:00,3.377000093
14107,08/02/2018 19:00,2.813999891
14108,08/02/2018 20:00,2.743999958
14109,08/02/2018 21:00,2.884000063
14110,08/02/2018 22:00,2.813999891
14111,08/02/2018 23:00,2.602999926
14112,09/02/2018 00:00,2.813999891
14113,09/02/2018 01:00,2.602999926
14114,09/02/2018 02:00,2.954999924
14115,09/02/2018 03:00,2.884000063
14116,09/02/2018 04:00,3.377000093
14117,09/02/2018 05:00,3.305999994
14118,09/02/2018 06:00,3.305999994
14119,09/02/2018 07:00,3.305999994
14120,09/02/2018 08:00,3.377000093
14121,09/02/2018 09:00,3.588000059
14122,09/02/2018 10:00,3.727999926
14123,09/02/2018 11:00,4.643000126
14124,09/02/2018 12:00,5.697999954
14125,09/02/2018 13:00,5.486999989
14126,09/02/2018 14:00,5.768000126
14127,09/02/2018 15:00,5.768000126
14128,09/02/2018 16:00,5.768000126
14129,09/02/2018 17:00,5.768000126
14130,09/02/2018 18:00,5.627999783
14131,09/02/2018 19:00,5.346000195
14132,09/02/2018 20:00,5.839000225
14133,09/02/2018 21:00,5.697999954
14134,09/02/2018 22:00,5.416999817
14135,09/02/2018 23:00,5.768000126
14136,10/02/2018 00:00,5.839000225
14137,10/02/2018 01:00,5.90899992
14138,10/02/2018 02:00,6.190999985
14139,10/02/2018 03:00,5.697999954
14140,10/02/2018 04:00,4.712999821
14141,10/02/2018 05:00,4.643000126
14142,10/02/2018 06:00,3.095000029
14143,10/02/2018 07:00,2.813999891
14144,10/02/2018 08:00,3.447000027
14145,10/02/2018 09:00,2.321000099
14146,10/02/2018 10:00,1.899000049
14147,10/02/2018 11:00,2.250999928
14148,10/02/2018 12:00,3.025000095
14149,10/02/2018 13:00,3.025000095
14150,10/02/2018 14:00,3.938999891
14151,10/02/2018 15:00,3.236000061
14152,10/02/2018 16:00,3.727999926
14153,10/02/2018 17:00,4.150000095
14154,10/02/2018 18:00,4.221000195
14155,10/02/2018 19:00,3.727999926
14156,10/02/2018 20:00,3.799000025
14157,10/02/2018 21:00,3.868999958
14158,10/02/2018 22:00,3.095000029
14159,10/02/2018 23:00,1.337000012
14160,11/02/2018 00:00,2.532000065
14161,11/02/2018 01:00,3.095000029
14162,11/02/2018 02:00,4.290999889
14163,11/02/2018 03:00,3.938999891
14164,11/02/2018 04:00,3.868999958
14165,11/02/2018 05:00,3.657999992
14166,11/02/2018 06:00,2.673000097
14167,11/02/2018 07:00,3.095000029
14168,11/02/2018 08:00,4.079999924
14169,11/02/2018 09:00,3.377000093
14170,11/02/2018 10:00,2.813999891
14171,11/02/2018 11:00,3.377000093
14172,11/02/2018 12:00,2.954999924
14173,11/02/2018 13:00,2.743999958
14174,11/02/2018 14:00,3.447000027
14175,11/02/2018 15:00,3.095000029
14176,11/02/2018 16:00,3.095000029
14177,11/02/2018 17:00,2.461999893
14178,11/02/2018 18:00,1.970000029
14179,11/02/2018 19:00,3.095000029
14180,11/02/2018 20:00,1.899000049
14181,11/02/2018 21:00,2.743999958
14182,11/02/2018 22:00,3.657999992
14183,11/02/2018 23:00,3.165999889
14184,12/02/2018 00:00,3.095000029
14185,12/02/2018 01:00,3.095000029
14186,12/02/2018 02:00,2.743999958
14187,12/02/2018 03:00,2.743999958
14188,12/02/2018 04:00,2.884000063
14189,12/02/2018 05:00,2.884000063
14190,12/02/2018 06:00,2.673000097
14191,12/02/2018 07:00,2.532000065
14192,12/02/2018 08:00,1.618000031
14193,12/02/2018 09:00,1.758999944
14194,12/02/2018 10:00,1.054999948
14195,12/02/2018 11:00,1.618000031
14196,12/02/2018 12:00,1.337000012
14197,12/02/2018 13:00,1.899000049
14198,12/02/2018 14:00,3.236000061
14199,12/02/2018 15:00,2.602999926
14200,12/02/2018 16:00,2.532000065
14201,12/02/2018 17:00,2.180999994
14202,12/02/2018 18:00,2.532000065
14203,12/02/2018 19:00,3.095000029
14204,12/02/2018 20:00,3.51699996
14205,12/02/2018 21:00,3.799000025
14206,12/02/2018 22:00,3.799000025
14207,12/02/2018 23:00,4.150000095
14208,13/02/2018 00:00,4.290999889
14209,13/02/2018 01:00,4.290999889
14210,13/02/2018 02:00,4.079999924
14211,13/02/2018 03:00,3.305999994
14212,13/02/2018 04:00,3.799000025
14213,13/02/2018 05:00,3.447000027
14214,13/02/2018 06:00,3.588000059
14215,13/02/2018 07:00,3.305999994
14216,13/02/2018 08:00,3.588000059
14217,13/02/2018 09:00,4.079999924
14218,13/02/2018 10:00,4.923999786
14219,13/02/2018 11:00,5.697999954
14220,13/02/2018 12:00,4.994999886
14221,13/02/2018 13:00,4.994999886
14222,13/02/2018 14:00,5.768000126
14223,13/02/2018 15:00,6.190999985
14224,13/02/2018 16:00,6.330999851
14225,13/02/2018 17:00,6.050000191
14226,13/02/2018 18:00,6.612999916
14227,13/02/2018 19:00,6.050000191
14228,13/02/2018 20:00,5.697999954
14229,13/02/2018 21:00,6.119999886
14230,13/02/2018 22:00,6.050000191
14231,13/02/2018 23:00,6.472000122
14232,14/02/2018 00:00,6.40199995
14233,14/02/2018 01:00,6.472000122
14234,14/02/2018 02:00,5.55700016
14235,14/02/2018 03:00,6.40199995
14236,14/02/2018 04:00,6.261000156
14237,14/02/2018 05:00,5.55700016
14238,14/02/2018 06:00,5.627999783
14239,14/02/2018 07:00,4.923999786
14240,14/02/2018 08:00,5.90899992
14241,14/02/2018 09:00,6.472000122
14242,14/02/2018 10:00,6.752999783
14243,14/02/2018 11:00,6.964000225
14244,14/02/2018 12:00,6.752999783
14245,14/02/2018 13:00,7.668000221
14246,14/02/2018 14:00,7.386000156
14247,14/02/2018 15:00,7.456999779
14248,14/02/2018 16:00,7.456999779
14249,14/02/2018 17:00,7.456999779
14250,14/02/2018 18:00,6.40199995
14251,14/02/2018 19:00,7.105000019
14252,14/02/2018 20:00,7.315999985
14253,14/02/2018 21:00,7.315999985
14254,14/02/2018 22:00,7.175000191
14255,14/02/2018 23:00,6.683000088
14256,15/02/2018 00:00,7.386000156
14257,15/02/2018 01:00,5.90899992
14258,15/02/2018 02:00,3.799000025
14259,15/02/2018 03:00,3.727999926
14260,15/02/2018 04:00,3.236000061
14261,15/02/2018 05:00,3.588000059
14262,15/02/2018 06:00,3.447000027
14263,15/02/2018 07:00,3.236000061
14264,15/02/2018 08:00,2.884000063
14265,15/02/2018 09:00,2.884000063
14266,15/02/2018 10:00,2.884000063
14267,15/02/2018 11:00,2.813999891
14268,15/02/2018 12:00,2.813999891
14269,15/02/2018 13:00,3.095000029
14270,15/02/2018 14:00,3.095000029
14271,15/02/2018 15:00,3.165999889
14272,15/02/2018 16:00,3.657999992
14273,15/02/2018 17:00,3.236000061
14274,15/02/2018 18:00,2.602999926
14275,15/02/2018 19:00,2.532000065
14276,15/02/2018 20:00,3.025000095
14277,15/02/2018 21:00,3.236000061
14278,15/02/2018 22:00,3.447000027
14279,15/02/2018 23:00,3.305999994
14280,16/02/2018 00:00,3.025000095
14281,16/02/2018 01:00,3.447000027
14282,16/02/2018 02:00,3.305999994
14283,16/02/2018 03:00,3.657999992
14284,16/02/2018 04:00,3.447000027
14285,16/02/2018 05:00,3.305999994
14286,16/02/2018 06:00,3.799000025
14287,16/02/2018 07:00,4.150000095
14288,16/02/2018 08:00,3.095000029
14289,16/02/2018 09:00,3.51699996
14290,16/02/2018 10:00,3.377000093
14291,16/02/2018 11:00,4.43200016
14292,16/02/2018 12:00,5.135000229
14293,16/02/2018 13:00,5.416999817
14294,16/02/2018 14:00,5.697999954
14295,16/02/2018 15:00,5.697999954
14296,16/02/2018 16:00,5.55700016
14297,16/02/2018 17:00,5.205999851
14298,16/02/2018 18:00,5.416999817
14299,16/02/2018 19:00,5.135000229
14300,16/02/2018 20:00,4.923999786
14301,16/02/2018 21:00,4.994999886
14302,16/02/2018 22:00,4.923999786
14303,16/02/2018 23:00,5.135000229
14304,17/02/2018 00:00,4.572999954
14305,17/02/2018 01:00,4.010000229
14306,17/02/2018 02:00,4.150000095
14307,17/02/2018 03:00,4.994999886
14308,17/02/2018 04:00,4.361999989
14309,17/02/2018 05:00,4.221000195
14310,17/02/2018 06:00,3.377000093
14311,17/02/2018 07:00,2.039999962
14312,17/02/2018 08:00,2.250999928
14313,17/02/2018 09:00,1.828999996
14314,17/02/2018 10:00,2.180999994
14315,17/02/2018 11:00,2.954999924
14316,17/02/2018 12:00,2.884000063
14317,17/02/2018 13:00,3.377000093
14318,17/02/2018 14:00,4.290999889
14319,17/02/2018 15:00,4.221000195
14320,17/02/2018 16:00,4.150000095
14321,17/02/2018 17:00,3.236000061
14322,17/02/2018 18:00,2.743999958
14323,17/02/2018 19:00,2.602999926
14324,17/02/2018 20:00,2.602999926
14325,17/02/2018 21:00,2.532000065
14326,17/02/2018 22:00,2.461999893
14327,17/02/2018 23:00,2.39199996
14328,18/02/2018 00:00,2.109999895
14329,18/02/2018 01:00,2.180999994
14330,18/02/2018 02:00,2.250999928
14331,18/02/2018 03:00,2.532000065
14332,18/02/2018 04:00,3.095000029
14333,18/02/2018 05:00,3.799000025
14334,18/02/2018 06:00,2.250999928
14335,18/02/2018 07:00,4.150000095
14336,18/02/2018 08:00,4.290999889
14337,18/02/2018 09:00,4.854000092
14338,18/02/2018 10:00,5.065000057
14339,18/02/2018 11:00,4.994999886
14340,18/02/2018 12:00,4.643000126
14341,18/02/2018 13:00,4.501999855
14342,18/02/2018 14:00,2.743999958
14343,18/02/2018 15:00,2.39199996
14344,18/02/2018 16:00,3.025000095
14345,18/02/2018 17:00,1.547999978
14346,18/02/2018 18:00,2.039999962
14347,18/02/2018 19:00,2.673000097
14348,18/02/2018 20:00,2.602999926
14349,18/02/2018 21:00,2.250999928
14350,18/02/2018 22:00,2.039999962
14351,18/02/2018 23:00,1.337000012
14352,19/02/2018 00:00,2.039999962
14353,19/02/2018 01:00,2.321000099
14354,19/02/2018 02:00,2.954999924
14355,19/02/2018 03:00,3.727999926
14356,19/02/2018 04:00,3.236000061
14357,19/02/2018 05:00,2.954999924
14358,19/02/2018 06:00,3.095000029
14359,19/02/2018 07:00,2.39199996
14360,19/02/2018 08:00,2.39199996
14361,19/02/2018 09:00,1.547999978
14362,19/02/2018 10:00,0.563000023
14363,19/02/2018 11:00,0.773999989
14364,19/02/2018 12:00,2.39199996
14365,19/02/2018 13:00,2.109999895
14366,19/02/2018 14:00,2.954999924
14367,19/02/2018 15:00,2.954999924
14368,19/02/2018 16:00,2.884000063
14369,19/02/2018 17:00,3.025000095
14370,19/02/2018 18:00,3.025000095
14371,19/02/2018 19:00,3.51699996
14372,19/02/2018 20:00,3.305999994
14373,19/02/2018 21:00,3.657999992
14374,19/02/2018 22:00,3.447000027
14375,19/02/2018 23:00,3.727999926
14376,20/02/2018 00:00,3.799000025
14377,20/02/2018 01:00,4.079999924
14378,20/02/2018 02:00,3.447000027
14379,20/02/2018 03:00,3.657999992
14380,20/02/2018 04:00,3.236000061
14381,20/02/2018 05:00,3.51699996
14382,20/02/2018 06:00,2.813999891
14383,20/02/2018 07:00,2.461999893
14384,20/02/2018 08:00,2.673000097
14385,20/02/2018 09:00,2.673000097
14386,20/02/2018 10:00,1.970000029
14387,20/02/2018 11:00,0.703000009
14388,20/02/2018 12:00,0
14389,20/02/2018 13:00,0
14390,20/02/2018 14:00,0
14391,20/02/2018 15:00,0.633000016
14392,20/02/2018 16:00,0
14393,20/02/2018 17:00,0
14394,20/02/2018 18:00,0
14395,20/02/2018 19:00,0
14396,20/02/2018 20:00,0
14397,20/02/2018 21:00,1.899000049
14398,20/02/2018 22:00,2.180999994
14399,20/02/2018 23:00,2.321000099
14400,21/02/2018 00:00,2.532000065
14401,21/02/2018 01:00,2.461999893
14402,21/02/2018 02:00,2.813999891
14403,21/02/2018 03:00,2.461999893
14404,21/02/2018 04:00,2.602999926
14405,21/02/2018 05:00,2.532000065
14406,21/02/2018 06:00,2.461999893
14407,21/02/2018 07:00,2.673000097
14408,21/02/2018 08:00,2.813999891
14409,21/02/2018 09:00,2.743999958
14410,21/02/2018 10:00,2.743999958
14411,21/02/2018 11:00,2.884000063
14412,21/02/2018 12:00,2.602999926
14413,21/02/2018 13:00,2.743999958
14414,21/02/2018 14:00,2.532000065
14415,21/02/2018 15:00,2.954999924
14416,21/02/2018 16:00,2.884000063
14417,21/02/2018 17:00,3.165999889
14418,21/02/2018 18:00,3.236000061
14419,21/02/2018 19:00,3.868999958
14420,21/02/2018 20:00,4.221000195
14421,21/02/2018 21:00,5.346000195
14422,21/02/2018 22:00,5.346000195
14423,21/02/2018 23:00,5.205999851
14424,22/02/2018 00:00,5.205999851
14425,22/02/2018 01:00,5.486999989
14426,22/02/2018 02:00,5.205999851
14427,22/02/2018 03:00,4.854000092
14428,22/02/2018 04:00,4.923999786
14429,22/02/2018 05:00,4.994999886
14430,22/02/2018 06:00,4.78399992
14431,22/02/2018 07:00,4.78399992
14432,22/02/2018 08:00,5.205999851
14433,22/02/2018 09:00,5.276000023
14434,22/02/2018 10:00,4.643000126
14435,22/02/2018 11:00,5.346000195
14436,22/02/2018 12:00,4.923999786
14437,22/02/2018 13:00,4.361999989
14438,22/02/2018 14:00,5.55700016
14439,22/02/2018 15:00,4.78399992
14440,22/02/2018 16:00,4.43200016
14441,22/02/2018 17:00,4.43200016
14442,22/02/2018 18:00,5.55700016
14443,22/02/2018 19:00,4.643000126
14444,22/02/2018 20:00,4.854000092
14445,22/02/2018 21:00,5.416999817
14446,22/02/2018 22:00,5.276000023
14447,22/02/2018 23:00,5.697999954
14448,23/02/2018 00:00,5.697999954
14449,23/02/2018 01:00,4.994999886
14450,23/02/2018 02:00,4.994999886
14451,23/02/2018 03:00,5.276000023
14452,23/02/2018 04:00,4.501999855
14453,23/02/2018 05:00,4.501999855
14454,23/02/2018 06:00,4.221000195
14455,23/02/2018 07:00,3.938999891
14456,23/02/2018 08:00,4.854000092
14457,23/02/2018 09:00,4.643000126
14458,23/02/2018 10:00,5.839000225
14459,23/02/2018 11:00,5.768000126
14460,23/02/2018 12:00,5.627999783
14461,23/02/2018 13:00,4.854000092
14462,23/02/2018 14:00,8.37100029
14463,23/02/2018 15:00,6.894000053
14464,23/02/2018 16:00,7.386000156
14465,23/02/2018 17:00,7.105000019
14466,23/02/2018 18:00,7.737999916
14467,23/02/2018 19:00,6.894000053
14468,23/02/2018 20:00,6.119999886
14469,23/02/2018 21:00,5.768000126
14470,23/02/2018 22:00,5.346000195
14471,23/02/2018 23:00,5.135000229
14472,24/02/2018 00:00,5.486999989
14473,24/02/2018 01:00,4.994999886
14474,24/02/2018 02:00,5.065000057
14475,24/02/2018 03:00,4.923999786
14476,24/02/2018 04:00,4.854000092
14477,24/02/2018 05:00,4.854000092
14478,24/02/2018 06:00,5.416999817
14479,24/02/2018 07:00,4.361999989
14480,24/02/2018 08:00,5.135000229
14481,24/02/2018 09:00,5.346000195
14482,24/02/2018 10:00,6.330999851
14483,24/02/2018 11:00,5.205999851
14484,24/02/2018 12:00,4.572999954
14485,24/02/2018 13:00,4.361999989
14486,24/02/2018 14:00,4.994999886
14487,24/02/2018 15:00,4.994999886
14488,24/02/2018 16:00,4.43200016
14489,24/02/2018 17:00,4.78399992
14490,24/02/2018 18:00,5.979000092
14491,24/02/2018 19:00,5.768000126
14492,24/02/2018 20:00,5.627999783
14493,24/02/2018 21:00,5.486999989
14494,24/02/2018 22:00,4.361999989
14495,24/02/2018 23:00,4.643000126
14496,25/02/2018 00:00,3.868999958
14497,25/02/2018 01:00,3.868999958
14498,25/02/2018 02:00,3.305999994
14499,25/02/2018 03:00,3.447000027
14500,25/02/2018 04:00,3.305999994
14501,25/02/2018 05:00,2.743999958
14502,25/02/2018 06:00,3.165999889
14503,25/02/2018 07:00,4.079999924
14504,25/02/2018 08:00,3.657999992
14505,25/02/2018 09:00,2.813999891
14506,25/02/2018 10:00,3.305999994
14507,25/02/2018 11:00,4.43200016
14508,25/02/2018 12:00,5.205999851
14509,25/02/2018 13:00,4.994999886
14510,25/02/2018 14:00,5.276000023
14511,25/02/2018 15:00,5.205999851
14512,25/02/2018 16:00,4.854000092
14513,25/02/2018 17:00,5.55700016
14514,25/02/2018 18:00,5.979000092
14515,25/02/2018 19:00,4.994999886
14516,25/02/2018 20:00,5.346000195
14517,25/02/2018 21:00,5.205999851
14518,25/02/2018 22:00,5.135000229
14519,25/02/2018 23:00,4.923999786
14520,26/02/2018 00:00,5.135000229
14521,26/02/2018 01:00,4.643000126
14522,26/02/2018 02:00,4.501999855
14523,26/02/2018 03:00,4.572999954
14524,26/02/2018 04:00,4.643000126
14525,26/02/2018 05:00,4.501999855
14526,26/02/2018 06:00,4.150000095
14527,26/02/2018 07:00,4.572999954
14528,26/02/2018 08:00,4.712999821
14529,26/02/2018 09:00,5.346000195
14530,26/02/2018 10:00,6.190999985
14531,26/02/2018 11:00,6.330999851
14532,26/02/2018 12:00,5.979000092
14533,26/02/2018 13:00,6.752999783
14534,26/02/2018 14:00,7.809000015
14535,26/02/2018 15:00,8.159999847
14536,26/02/2018 16:00,8.230999947
14537,26/02/2018 17:00,8.37100029
14538,26/02/2018 18:00,8.159999847
14539,26/02/2018 19:00,7.315999985
14540,26/02/2018 20:00,6.40199995
14541,26/02/2018 21:00,6.119999886
14542,26/02/2018 22:00,5.768000126
14543,26/02/2018 23:00,5.839000225
14544,27/02/2018 00:00,5.697999954
14545,27/02/2018 01:00,5.416999817
14546,27/02/2018 02:00,5.768000126
14547,27/02/2018 03:00,5.346000195
14548,27/02/2018 04:00,5.627999783
14549,27/02/2018 05:00,4.994999886
14550,27/02/2018 06:00,5.205999851
14551,27/02/2018 07:00,5.135000229
14552,27/02/2018 08:00,5.55700016
14553,27/02/2018 09:00,5.135000229
14554,27/02/2018 10:00,5.346000195
14555,27/02/2018 11:00,5.346000195
14556,27/02/2018 12:00,6.330999851
14557,27/02/2018 13:00,7.456999779
14558,27/02/2018 14:00,7.245999813
14559,27/02/2018 15:00,7.315999985
14560,27/02/2018 16:00,7.668000221
14561,27/02/2018 17:00,7.315999985
14562,27/02/2018 18:00,5.697999954
14563,27/02/2018 19:00,4.854000092
14564,27/02/2018 20:00,3.165999889
14565,27/02/2018 21:00,1.828999996
14566,27/02/2018 22:00,1.476999998
14567,27/02/2018 23:00,2.39199996
14568,28/02/2018 00:00,2.39199996
14569,28/02/2018 01:00,2.884000063
14570,28/02/2018 02:00,3.588000059
14571,28/02/2018 03:00,3.377000093
14572,28/02/2018 04:00,2.743999958
14573,28/02/2018 05:00,3.165999889
14574,28/02/2018 06:00,3.095000029
14575,28/02/2018 07:00,3.025000095
14576,28/02/2018 08:00,2.109999895
14577,28/02/2018 09:00,1.266000032
14578,28/02/2018 10:00,2.039999962
14579,28/02/2018 11:00,1.970000029
14580,28/02/2018 12:00,2.743999958
14581,28/02/2018 13:00,3.025000095
14582,28/02/2018 14:00,3.025000095
14583,28/02/2018 15:00,3.868999958
14584,28/02/2018 16:00,4.501999855
14585,28/02/2018 17:00,5.205999851
14586,28/02/2018 18:00,5.839000225
14587,28/02/2018 19:00,5.768000126
14588,28/02/2018 20:00,5.276000023
14589,28/02/2018 21:00,4.994999886
14590,28/02/2018 22:00,5.697999954
14591,28/02/2018 23:00,5.979000092
14592,01/03/2018 00:00,5.486999989
14593,01/03/2018 01:00,5.346000195
14594,01/03/2018 02:00,5.627999783
14595,01/03/2018 03:00,5.768000126
14596,01/03/2018 04:00,4.923999786
14597,01/03/2018 05:00,5.697999954
14598,01/03/2018 06:00,5.839000225
14599,01/03/2018 07:00,4.150000095
14600,01/03/2018 08:00,4.361999989
14601,01/03/2018 09:00,4.572999954
14602,01/03/2018 10:00,4.43200016
14603,01/03/2018 11:00,4.572999954
14604,01/03/2018 12:00,4.221000195
14605,01/03/2018 13:00,3.51699996
14606,01/03/2018 14:00,3.236000061
14607,01/03/2018 15:00,3.095000029
14608,01/03/2018 16:00,2.884000063
14609,01/03/2018 17:00,2.602999926
14610,01/03/2018 18:00,2.954999924
14611,01/03/2018 19:00,2.461999893
14612,01/03/2018 20:00,2.743999958
14613,01/03/2018 21:00,2.109999895
14614,01/03/2018 22:00,2.321000099
14615,01/03/2018 23:00,2.673000097
14616,02/03/2018 00:00,2.180999994
14617,02/03/2018 01:00,0
14618,02/03/2018 02:00,0.843999982
14619,02/03/2018 03:00,-0.492000014
14620,02/03/2018 04:00,0.985000014
14621,02/03/2018 05:00,2.039999962
14622,02/03/2018 06:00,2.039999962
14623,02/03/2018 07:00,1.687999964
14624,02/03/2018 08:00,1.758999944
14625,02/03/2018 09:00,1.899000049
14626,02/03/2018 10:00,2.321000099
14627,02/03/2018 11:00,2.321000099
14628,02/03/2018 12:00,2.884000063
14629,02/03/2018 13:00,3.165999889
14630,02/03/2018 14:00,3.165999889
14631,02/03/2018 15:00,3.236000061
14632,02/03/2018 16:00,3.727999926
14633,02/03/2018 17:00,3.657999992
14634,02/03/2018 18:00,4.150000095
14635,02/03/2018 19:00,4.361999989
14636,02/03/2018 20:00,4.150000095
14637,02/03/2018 21:00,4.150000095
14638,02/03/2018 22:00,4.501999855
14639,02/03/2018 23:00,4.079999924
14640,03/03/2018 00:00,1.19599998
14641,03/03/2018 01:00,1.476999998
14642,03/03/2018 02:00,3.51699996
14643,03/03/2018 03:00,4.923999786
14644,03/03/2018 04:00,5.065000057
14645,03/03/2018 05:00,4.994999886
14646,03/03/2018 06:00,4.221000195
14647,03/03/2018 07:00,4.43200016
14648,03/03/2018 08:00,4.643000126
14649,03/03/2018 09:00,5.205999851
14650,03/03/2018 10:00,5.697999954
14651,03/03/2018 11:00,6.823999882
14652,03/03/2018 12:00,6.964000225
14653,03/03/2018 13:00,7.597000122
14654,03/03/2018 14:00,8.020000458
14655,03/03/2018 15:00,7.668000221
14656,03/03/2018 16:00,7.52699995
14657,03/03/2018 17:00,7.456999779
14658,03/03/2018 18:00,6.964000225
14659,03/03/2018 19:00,6.330999851
14660,03/03/2018 20:00,6.330999851
14661,03/03/2018 21:00,6.190999985
14662,03/03/2018 22:00,5.768000126
14663,03/03/2018 23:00,5.486999989
14664,04/03/2018 00:00,5.90899992
14665,04/03/2018 01:00,5.768000126
14666,04/03/2018 02:00,5.065000057
14667,04/03/2018 03:00,5.135000229
14668,04/03/2018 04:00,5.135000229
14669,04/03/2018 05:00,5.065000057
14670,04/03/2018 06:00,4.78399992
14671,04/03/2018 07:00,5.065000057
14672,04/03/2018 08:00,5.627999783
14673,04/03/2018 09:00,6.472000122
14674,04/03/2018 10:00,8.090000153
14675,04/03/2018 11:00,9.145000458
14676,04/03/2018 12:00,9.708000183
14677,04/03/2018 13:00,9.496999741
14678,04/03/2018 14:00,8.722999573
14679,04/03/2018 15:00,7.879000187
14680,04/03/2018 16:00,7.456999779
14681,04/03/2018 17:00,6.612999916
14682,04/03/2018 18:00,5.205999851
14683,04/03/2018 19:00,4.501999855
14684,04/03/2018 20:00,1.547999978
14685,04/03/2018 21:00,0
14686,04/03/2018 22:00,3.588000059
14687,04/03/2018 23:00,1.337000012
14688,05/03/2018 00:00,0.773999989
14689,05/03/2018 01:00,0
14690,05/03/2018 02:00,1.970000029
14691,05/03/2018 03:00,2.250999928
14692,05/03/2018 04:00,1.406999946
14693,05/03/2018 05:00,1.337000012
14694,05/03/2018 06:00,2.321000099
14695,05/03/2018 07:00,2.532000065
14696,05/03/2018 08:00,1.899000049
14697,05/03/2018 09:00,1.970000029
14698,05/03/2018 10:00,2.884000063
14699,05/03/2018 11:00,3.588000059
14700,05/03/2018 12:00,3.727999926
14701,05/03/2018 13:00,3.938999891
14702,05/03/2018 14:00,5.205999851
14703,05/03/2018 15:00,4.854000092
14704,05/03/2018 16:00,4.501999855
14705,05/03/2018 17:00,4.290999889
14706,05/03/2018 18:00,4.923999786
14707,05/03/2018 19:00,4.712999821
14708,05/03/2018 20:00,3.588000059
14709,05/03/2018 21:00,3.377000093
14710,05/03/2018 22:00,3.305999994
14711,05/03/2018 23:00,3.025000095
14712,06/03/2018 00:00,3.025000095
14713,06/03/2018 01:00,2.673000097
14714,06/03/2018 02:00,2.39199996
14715,06/03/2018 03:00,1.899000049
14716,06/03/2018 04:00,2.109999895
14717,06/03/2018 05:00,1.970000029
14718,06/03/2018 06:00,2.461999893
14719,06/03/2018 07:00,1.970000029
14720,06/03/2018 08:00,1.406999946
14721,06/03/2018 09:00,1.406999946
14722,06/03/2018 10:00,2.180999994
14723,06/03/2018 11:00,1.828999996
14724,06/03/2018 12:00,2.250999928
14725,06/03/2018 13:00,2.321000099
14726,06/03/2018 14:00,2.532000065
14727,06/03/2018 15:00,3.025000095
14728,06/03/2018 16:00,2.954999924
14729,06/03/2018 17:00,2.884000063
14730,06/03/2018 18:00,2.813999891
14731,06/03/2018 19:00,2.109999895
14732,06/03/2018 20:00,1.828999996
14733,06/03/2018 21:00,1.476999998
14734,06/03/2018 22:00,1.758999944
14735,06/03/2018 23:00,1.828999996
14736,07/03/2018 00:00,1.970000029
14737,07/03/2018 01:00,1.899000049
14738,07/03/2018 02:00,0.773999989
14739,07/03/2018 03:00,-0.843999982
14740,07/03/2018 04:00,-0.633000016
14741,07/03/2018 05:00,-0.915000021
14742,07/03/2018 06:00,0
14743,07/03/2018 07:00,-0.492000014
14744,07/03/2018 08:00,-0.773999989
14745,07/03/2018 09:00,-0.563000023
14746,07/03/2018 10:00,0
14747,07/03/2018 11:00,1.19599998
14748,07/03/2018 12:00,0
14749,07/03/2018 13:00,0.633000016
14750,07/03/2018 14:00,1.828999996
14751,07/03/2018 15:00,1.547999978
14752,07/03/2018 16:00,1.828999996
14753,07/03/2018 17:00,1.687999964
14754,07/03/2018 18:00,2.109999895
14755,07/03/2018 19:00,1.828999996
14756,07/03/2018 20:00,2.180999994
14757,07/03/2018 21:00,2.180999994
14758,07/03/2018 22:00,2.039999962
14759,07/03/2018 23:00,2.743999958
14760,08/03/2018 00:00,2.673000097
14761,08/03/2018 01:00,2.532000065
14762,08/03/2018 02:00,2.743999958
14763,08/03/2018 03:00,4.221000195
14764,08/03/2018 04:00,3.799000025
14765,08/03/2018 05:00,4.150000095
14766,08/03/2018 06:00,2.884000063
14767,08/03/2018 07:00,4.010000229
14768,08/03/2018 08:00,3.377000093
14769,08/03/2018 09:00,3.377000093
14770,08/03/2018 10:00,3.657999992
14771,08/03/2018 11:00,4.150000095
14772,08/03/2018 12:00,4.501999855
14773,08/03/2018 13:00,4.854000092
14774,08/03/2018 14:00,5.416999817
14775,08/03/2018 15:00,4.572999954
14776,08/03/2018 16:00,4.572999954
14777,08/03/2018 17:00,4.501999855
14778,08/03/2018 18:00,4.712999821
14779,08/03/2018 19:00,4.712999821
14780,08/03/2018 20:00,4.712999821
14781,08/03/2018 21:00,5.065000057
14782,08/03/2018 22:00,4.712999821
14783,08/03/2018 23:00,4.643000126
14784,09/03/2018 00:00,4.501999855
14785,09/03/2018 01:00,5.205999851
14786,09/03/2018 02:00,4.923999786
14787,09/03/2018 03:00,5.276000023
14788,09/03/2018 04:00,4.150000095
14789,09/03/2018 05:00,4.150000095
14790,09/03/2018 06:00,3.799000025
14791,09/03/2018 07:00,4.010000229
14792,09/03/2018 08:00,4.643000126
14793,09/03/2018 09:00,4.079999924
14794,09/03/2018 10:00,5.697999954
14795,09/03/2018 11:00,5.697999954
14796,09/03/2018 12:00,5.205999851
14797,09/03/2018 13:00,5.486999989
14798,09/03/2018 14:00,6.612999916
14799,09/03/2018 15:00,6.964000225
14800,09/03/2018 16:00,6.964000225
14801,09/03/2018 17:00,7.034999847
14802,09/03/2018 18:00,6.612999916
14803,09/03/2018 19:00,5.697999954
14804,09/03/2018 20:00,5.486999989
14805,09/03/2018 21:00,5.135000229
14806,09/03/2018 22:00,5.346000195
14807,09/03/2018 23:00,4.78399992
14808,10/03/2018 00:00,4.854000092
14809,10/03/2018 01:00,5.065000057
14810,10/03/2018 02:00,4.643000126
14811,10/03/2018 03:00,4.78399992
14812,10/03/2018 04:00,4.643000126
14813,10/03/2018 05:00,4.501999855
14814,10/03/2018 06:00,4.43200016
14815,10/03/2018 07:00,4.572999954
14816,10/03/2018 08:00,5.276000023
14817,10/03/2018 09:00,5.55700016
14818,10/03/2018 10:00,6.964000225
14819,10/03/2018 11:00,6.472000122
14820,10/03/2018 12:00,6.541999817
14821,10/03/2018 13:00,7.245999813
14822,10/03/2018 14:00,9.355999947
14823,10/03/2018 15:00,8.512000084
14824,10/03/2018 16:00,9.355999947
14825,10/03/2018 17:00,9.708000183
14826,10/03/2018 18:00,8.86400032
14827,10/03/2018 19:00,8.020000458
14828,10/03/2018 20:00,7.034999847
14829,10/03/2018 21:00,6.823999882
14830,10/03/2018 22:00,6.612999916
14831,10/03/2018 23:00,6.40199995
14832,11/03/2018 00:00,6.683000088
14833,11/03/2018 01:00,6.823999882
14834,11/03/2018 02:00,6.894000053
14835,11/03/2018 03:00,6.894000053
14836,11/03/2018 04:00,6.330999851
14837,11/03/2018 05:00,6.330999851
14838,11/03/2018 06:00,6.612999916
14839,11/03/2018 07:00,5.627999783
14840,11/03/2018 08:00,5.839000225
14841,11/03/2018 09:00,5.697999954
14842,11/03/2018 10:00,7.034999847
14843,11/03/2018 11:00,6.683000088
14844,11/03/2018 12:00,7.737999916
14845,11/03/2018 13:00,8.300999641
14846,11/03/2018 14:00,10.3409996
14847,11/03/2018 15:00,9.918999672
14848,11/03/2018 16:00,9.708000183
14849,11/03/2018 17:00,9.708000183
14850,11/03/2018 18:00,8.934000015
14851,11/03/2018 19:00,8.512000084
14852,11/03/2018 20:00,8.37100029
14853,11/03/2018 21:00,7.879000187
14854,11/03/2018 22:00,7.52699995
14855,11/03/2018 23:00,7.668000221
14856,12/03/2018 00:00,8.020000458
14857,12/03/2018 01:00,7.948999882
14858,12/03/2018 02:00,7.597000122
14859,12/03/2018 03:00,7.668000221
14860,12/03/2018 04:00,7.948999882
14861,12/03/2018 05:00,8.159999847
14862,12/03/2018 06:00,7.668000221
14863,12/03/2018 07:00,7.456999779
14864,12/03/2018 08:00,8.020000458
14865,12/03/2018 09:00,8.300999641
14866,12/03/2018 10:00,8.86400032
14867,12/03/2018 11:00,8.722999573
14868,12/03/2018 12:00,9.00399971
14869,12/03/2018 13:00,9.355999947
14870,12/03/2018 14:00,10.55200005
14871,12/03/2018 15:00,10.13000011
14872,12/03/2018 16:00,10.48200035
14873,12/03/2018 17:00,11.18500042
14874,12/03/2018 18:00,10.97399998
14875,12/03/2018 19:00,9.918999672
14876,12/03/2018 20:00,9.848999977
14877,12/03/2018 21:00,9.425999641
14878,12/03/2018 22:00,9.286000252
14879,12/03/2018 23:00,9.215000153
14880,13/03/2018 00:00,9.00399971
14881,13/03/2018 01:00,8.722999573
14882,13/03/2018 02:00,8.86400032
14883,13/03/2018 03:00,8.793000221
14884,13/03/2018 04:00,8.722999573
14885,13/03/2018 05:00,8.722999573
14886,13/03/2018 06:00,8.581999779
14887,13/03/2018 07:00,8.230999947
14888,13/03/2018 08:00,8.159999847
14889,13/03/2018 09:00,9.286000252
14890,13/03/2018 10:00,10.97399998
14891,13/03/2018 11:00,10.83300018
14892,13/03/2018 12:00,10.90400028
14893,13/03/2018 13:00,11.60700035
14894,13/03/2018 14:00,12.6619997
14895,13/03/2018 15:00,11.74800014
14896,13/03/2018 16:00,11.32600021
14897,13/03/2018 17:00,11.5369997
14898,13/03/2018 18:00,12.31099987
14899,13/03/2018 19:00,11.88899994
14900,13/03/2018 20:00,11.32600021
14901,13/03/2018 21:00,11.04399967
14902,13/03/2018 22:00,10.90400028
14903,13/03/2018 23:00,10.62199974
14904,14/03/2018 00:00,10.62199974
14905,14/03/2018 01:00,10.48200035
14906,14/03/2018 02:00,10.69299984
14907,14/03/2018 03:00,10.76299953
14908,14/03/2018 04:00,10.76299953
14909,14/03/2018 05:00,9.98900032
14910,14/03/2018 06:00,10.62199974
14911,14/03/2018 07:00,10.19999981
14912,14/03/2018 08:00,10.48200035
14913,14/03/2018 09:00,10.83300018
14914,14/03/2018 10:00,10.76299953
14915,14/03/2018 11:00,10.76299953
14916,14/03/2018 12:00,10.83300018
14917,14/03/2018 13:00,9.496999741
14918,14/03/2018 14:00,10.62199974
14919,14/03/2018 15:00,10.69299984
14920,14/03/2018 16:00,10.76299953
14921,14/03/2018 17:00,10.19999981
14922,14/03/2018 18:00,10.48200035
14923,14/03/2018 19:00,9.777999878
14924,14/03/2018 20:00,9.637999535
14925,14/03/2018 21:00,9.496999741
14926,14/03/2018 22:00,9.567000389
14927,14/03/2018 23:00,9.425999641
14928,15/03/2018 00:00,9.708000183
14929,15/03/2018 01:00,9.708000183
14930,15/03/2018 02:00,9.567000389
14931,15/03/2018 03:00,9.496999741
14932,15/03/2018 04:00,9.637999535
14933,15/03/2018 05:00,9.777999878
14934,15/03/2018 06:00,9.918999672
14935,15/03/2018 07:00,9.637999535
14936,15/03/2018 08:00,10.13000011
14937,15/03/2018 09:00,10.13000011
14938,15/03/2018 10:00,9.918999672
14939,15/03/2018 11:00,9.708000183
14940,15/03/2018 12:00,10.62199974
14941,15/03/2018 13:00,10.83300018
14942,15/03/2018 14:00,10.90400028
14943,15/03/2018 15:00,10.83300018
14944,15/03/2018 16:00,11.67800045
14945,15/03/2018 17:00,11.88899994
14946,15/03/2018 18:00,11.60700035
14947,15/03/2018 19:00,7.668000221
14948,15/03/2018 20:00,2.321000099
14949,15/03/2018 21:00,0.985000014
14950,15/03/2018 22:00,2.884000063
14951,15/03/2018 23:00,1.687999964
14952,16/03/2018 00:00,2.743999958
14953,16/03/2018 01:00,2.250999928
14954,16/03/2018 02:00,1.828999996
14955,16/03/2018 03:00,2.602999926
14956,16/03/2018 04:00,3.377000093
14957,16/03/2018 05:00,3.165999889
14958,16/03/2018 06:00,3.305999994
14959,16/03/2018 07:00,2.743999958
14960,16/03/2018 08:00,1.899000049
14961,16/03/2018 09:00,2.109999895
14962,16/03/2018 10:00,2.109999895
14963,16/03/2018 11:00,3.025000095
14964,16/03/2018 12:00,3.657999992
14965,16/03/2018 13:00,4.010000229
14966,16/03/2018 14:00,3.799000025
14967,16/03/2018 15:00,3.868999958
14968,16/03/2018 16:00,4.290999889
14969,16/03/2018 17:00,4.501999855
14970,16/03/2018 18:00,4.78399992
14971,16/03/2018 19:00,4.994999886
14972,16/03/2018 20:00,5.205999851
14973,16/03/2018 21:00,5.346000195
14974,16/03/2018 22:00,4.923999786
14975,16/03/2018 23:00,4.150000095
14976,17/03/2018 00:00,3.377000093
14977,17/03/2018 01:00,3.165999889
14978,17/03/2018 02:00,2.743999958
14979,17/03/2018 03:00,3.025000095
14980,17/03/2018 04:00,2.813999891
14981,17/03/2018 05:00,2.743999958
14982,17/03/2018 06:00,2.743999958
14983,17/03/2018 07:00,2.321000099
14984,17/03/2018 08:00,2.813999891
14985,17/03/2018 09:00,3.095000029
14986,17/03/2018 10:00,3.868999958
14987,17/03/2018 11:00,4.43200016
14988,17/03/2018 12:00,5.135000229
14989,17/03/2018 13:00,5.276000023
14990,17/03/2018 14:00,6.119999886
14991,17/03/2018 15:00,6.472000122
14992,17/03/2018 16:00,6.050000191
14993,17/03/2018 17:00,5.839000225
14994,17/03/2018 18:00,5.768000126
14995,17/03/2018 19:00,5.627999783
14996,17/03/2018 20:00,5.486999989
14997,17/03/2018 21:00,5.486999989
14998,17/03/2018 22:00,5.276000023
14999,17/03/2018 23:00,3.51699996
15000,18/03/2018 00:00,4.712999821
15001,18/03/2018 01:00,4.854000092
15002,18/03/2018 02:00,5.55700016
15003,18/03/2018 03:00,5.90899992
15004,18/03/2018 04:00,4.923999786
15005,18/03/2018 05:00,3.799000025
15006,18/03/2018 06:00,5.839000225
15007,18/03/2018 07:00,7.737999916
15008,18/03/2018 08:00,8.090000153
15009,18/03/2018 09:00,7.105000019
15010,18/03/2018 10:00,7.597000122
15011,18/03/2018 11:00,7.948999882
15012,18/03/2018 12:00,6.964000225
15013,18/03/2018 13:00,7.809000015
15014,18/03/2018 14:00,6.261000156
15015,18/03/2018 15:00,5.697999954
15016,18/03/2018 16:00,5.486999989
15017,18/03/2018 17:00,5.416999817
15018,18/03/2018 18:00,5.979000092
15019,18/03/2018 19:00,5.486999989
15020,18/03/2018 20:00,4.43200016
15021,18/03/2018 21:00,5.979000092
15022,18/03/2018 22:00,5.979000092
15023,18/03/2018 23:00,5.768000126
15024,19/03/2018 00:00,5.90899992
15025,19/03/2018 01:00,6.119999886
15026,19/03/2018 02:00,6.752999783
15027,19/03/2018 03:00,4.854000092
15028,19/03/2018 04:00,4.78399992
15029,19/03/2018 05:00,4.361999989
15030,19/03/2018 06:00,5.839000225
15031,19/03/2018 07:00,4.854000092
15032,19/03/2018 08:00,4.854000092
15033,19/03/2018 09:00,5.276000023
15034,19/03/2018 10:00,5.55700016
15035,19/03/2018 11:00,5.135000229
15036,19/03/2018 12:00,6.261000156
15037,19/03/2018 13:00,5.205999851
15038,19/03/2018 14:00,5.346000195
15039,19/03/2018 15:00,5.416999817
15040,19/03/2018 16:00,5.065000057
15041,19/03/2018 17:00,6.050000191
15042,19/03/2018 18:00,3.165999889
15043,19/03/2018 19:00,3.868999958
15044,19/03/2018 20:00,4.643000126
15045,19/03/2018 21:00,4.572999954
15046,19/03/2018 22:00,4.643000126
15047,19/03/2018 23:00,4.079999924
15048,20/03/2018 00:00,3.095000029
15049,20/03/2018 01:00,3.236000061
15050,20/03/2018 02:00,4.010000229
15051,20/03/2018 03:00,3.727999926
15052,20/03/2018 04:00,4.290999889
15053,20/03/2018 05:00,4.643000126
15054,20/03/2018 06:00,4.43200016
15055,20/03/2018 07:00,3.165999889
15056,20/03/2018 08:00,2.954999924
15057,20/03/2018 09:00,3.727999926
15058,20/03/2018 10:00,4.150000095
15059,20/03/2018 11:00,3.588000059
15060,20/03/2018 12:00,3.868999958
15061,20/03/2018 13:00,3.447000027
15062,20/03/2018 14:00,3.51699996
15063,20/03/2018 15:00,3.51699996
15064,20/03/2018 16:00,3.095000029
15065,20/03/2018 17:00,2.461999893
15066,20/03/2018 18:00,2.532000065
15067,20/03/2018 19:00,2.884000063
15068,20/03/2018 20:00,2.532000065
15069,20/03/2018 21:00,2.602999926
15070,20/03/2018 22:00,3.377000093
15071,20/03/2018 23:00,3.377000093
15072,21/03/2018 00:00,3.447000027
15073,21/03/2018 01:00,2.743999958
15074,21/03/2018 02:00,3.447000027
15075,21/03/2018 03:00,3.799000025
15076,21/03/2018 04:00,3.868999958
15077,21/03/2018 05:00,4.079999924
15078,21/03/2018 06:00,3.938999891
15079,21/03/2018 07:00,4.010000229
15080,21/03/2018 08:00,4.290999889
15081,21/03/2018 09:00,3.165999889
15082,21/03/2018 10:00,5.416999817
15083,21/03/2018 11:00,5.205999851
15084,21/03/2018 12:00,5.065000057
15085,21/03/2018 13:00,6.190999985
15086,21/03/2018 14:00,5.90899992
15087,21/03/2018 15:00,6.683000088
15088,21/03/2018 16:00,6.683000088
15089,21/03/2018 17:00,6.40199995
15090,21/03/2018 18:00,6.894000053
15091,21/03/2018 19:00,7.034999847
15092,21/03/2018 20:00,6.752999783
15093,21/03/2018 21:00,6.752999783
15094,21/03/2018 22:00,6.683000088
15095,21/03/2018 23:00,6.683000088
15096,22/03/2018 00:00,6.612999916
15097,22/03/2018 01:00,6.330999851
15098,22/03/2018 02:00,6.752999783
15099,22/03/2018 03:00,6.261000156
15100,22/03/2018 04:00,6.261000156
15101,22/03/2018 05:00,6.472000122
15102,22/03/2018 06:00,6.472000122
15103,22/03/2018 07:00,6.119999886
15104,22/03/2018 08:00,6.964000225
15105,22/03/2018 09:00,7.948999882
15106,22/03/2018 10:00,8.512000084
15107,22/03/2018 11:00,7.456999779
15108,22/03/2018 12:00,8.159999847
15109,22/03/2018 13:00,9.425999641
15110,22/03/2018 14:00,9.00399971
15111,22/03/2018 15:00,8.512000084
15112,22/03/2018 16:00,8.793000221
15113,22/03/2018 17:00,8.581999779
15114,22/03/2018 18:00,9.708000183
15115,22/03/2018 19:00,9.215000153
15116,22/03/2018 20:00,8.512000084
15117,22/03/2018 21:00,8.37100029
15118,22/03/2018 22:00,8.512000084
15119,22/03/2018 23:00,8.37100029
15120,23/03/2018 00:00,8.442000389
15121,23/03/2018 01:00,8.159999847
15122,23/03/2018 02:00,8.300999641
15123,23/03/2018 03:00,8.722999573
15124,23/03/2018 04:00,8.300999641
15125,23/03/2018 05:00,8.020000458
15126,23/03/2018 06:00,8.159999847
15127,23/03/2018 07:00,8.230999947
15128,23/03/2018 08:00,8.581999779
15129,23/03/2018 09:00,8.230999947
15130,23/03/2018 10:00,9.918999672
15131,23/03/2018 11:00,9.98900032
15132,23/03/2018 12:00,9.708000183
15133,23/03/2018 13:00,10.27099991
15134,23/03/2018 14:00,11.60700035
15135,23/03/2018 15:00,12.52200031
15136,23/03/2018 16:00,12.38099957
15137,23/03/2018 17:00,12.7329998
15138,23/03/2018 18:00,12.02900028
15139,23/03/2018 19:00,10.83300018
15140,23/03/2018 20:00,10.62199974
15141,23/03/2018 21:00,9.425999641
15142,23/03/2018 22:00,9.00399971
15143,23/03/2018 23:00,9.286000252
15144,24/03/2018 00:00,9.145000458
15145,24/03/2018 01:00,9.496999741
15146,24/03/2018 02:00,9.848999977
15147,24/03/2018 03:00,9.286000252
15148,24/03/2018 04:00,9.355999947
15149,24/03/2018 05:00,9.074999809
15150,24/03/2018 06:00,9.00399971
15151,24/03/2018 07:00,10.62199974
15152,24/03/2018 08:00,9.496999741
15153,24/03/2018 09:00,9.848999977
15154,24/03/2018 10:00,9.918999672
15155,24/03/2018 11:00,10.27099991
15156,24/03/2018 12:00,10.69299984
15157,24/03/2018 13:00,10.69299984
15158,24/03/2018 14:00,11.67800045
15159,24/03/2018 15:00,12.7329998
15160,24/03/2018 16:00,12.94400024
15161,24/03/2018 17:00,13.29599953
15162,24/03/2018 18:00,12.6619997
15163,24/03/2018 19:00,12.02900028
15164,24/03/2018 20:00,11.46700001
15165,24/03/2018 21:00,11.11499977
15166,24/03/2018 22:00,10.97399998
15167,24/03/2018 23:00,10.62199974
15168,25/03/2018 00:00,10.69299984
15169,25/03/2018 01:00,9.777999878
15170,25/03/2018 02:00,9.286000252
15171,25/03/2018 03:00,10.55200005
15172,25/03/2018 04:00,10.3409996
15173,25/03/2018 05:00,10.69299984
15174,25/03/2018 06:00,10.41100025
15175,25/03/2018 07:00,9.98900032
15176,25/03/2018 08:00,10.62199974
15177,25/03/2018 09:00,10.97399998
15178,25/03/2018 10:00,10.27099991
15179,25/03/2018 11:00,9.98900032
15180,25/03/2018 12:00,10.62199974
15181,25/03/2018 13:00,10.3409996
15182,25/03/2018 14:00,10.76299953
15183,25/03/2018 15:00,10.90400028
15184,25/03/2018 16:00,10.83300018
15185,25/03/2018 17:00,10.97399998
15186,25/03/2018 18:00,11.46700001
15187,25/03/2018 19:00,10.3409996
15188,25/03/2018 20:00,10.62199974
15189,25/03/2018 21:00,10.55200005
15190,25/03/2018 22:00,10.48200035
15191,25/03/2018 23:00,10.48200035
15192,26/03/2018 00:00,10.13000011
15193,26/03/2018 01:00,9.918999672
15194,26/03/2018 02:00,10.83300018
15195,26/03/2018 03:00,10.3409996
15196,26/03/2018 04:00,10.06000042
15197,26/03/2018 05:00,10.76299953
15198,26/03/2018 06:00,10.76299953
15199,26/03/2018 07:00,10.76299953
15200,26/03/2018 08:00,11.04399967
15201,26/03/2018 09:00,10.62199974
15202,26/03/2018 10:00,11.60700035
15203,26/03/2018 11:00,10.19999981
15204,26/03/2018 12:00,11.11499977
15205,26/03/2018 13:00,12.23999977
15206,26/03/2018 14:00,13.50699997
15207,26/03/2018 15:00,13.36600018
15208,26/03/2018 16:00,13.78800011
15209,26/03/2018 17:00,13.71800041
15210,26/03/2018 18:00,13.64700031
15211,26/03/2018 19:00,12.45100021
15212,26/03/2018 20:00,11.74800014
15213,26/03/2018 21:00,11.60700035
15214,26/03/2018 22:00,11.04399967
15215,26/03/2018 23:00,10.83300018
15216,27/03/2018 00:00,10.62199974
15217,27/03/2018 01:00,10.69299984
15218,27/03/2018 02:00,10.3409996
15219,27/03/2018 03:00,10.62199974
15220,27/03/2018 04:00,10.48200035
15221,27/03/2018 05:00,10.27099991
15222,27/03/2018 06:00,10.48200035
15223,27/03/2018 07:00,10.3409996
15224,27/03/2018 08:00,11.32600021
15225,27/03/2018 09:00,11.04399967
15226,27/03/2018 10:00,11.88899994
15227,27/03/2018 11:00,12.02900028
15228,27/03/2018 12:00,11.5369997
15229,27/03/2018 13:00,11.5369997
15230,27/03/2018 14:00,13.01399994
15231,27/03/2018 15:00,13.08500004
15232,27/03/2018 16:00,13.57699966
15233,27/03/2018 17:00,13.64700031
15234,27/03/2018 18:00,12.8739996
15235,27/03/2018 19:00,11.5369997
15236,27/03/2018 20:00,10.83300018
15237,27/03/2018 21:00,10.48200035
15238,27/03/2018 22:00,10.19999981
15239,27/03/2018 23:00,9.708000183
15240,28/03/2018 00:00,9.496999741
15241,28/03/2018 01:00,8.86400032
15242,28/03/2018 02:00,8.86400032
15243,28/03/2018 03:00,8.934000015
15244,28/03/2018 04:00,8.442000389
15245,28/03/2018 05:00,8.581999779
15246,28/03/2018 06:00,8.159999847
15247,28/03/2018 07:00,8.934000015
15248,28/03/2018 08:00,9.848999977
15249,28/03/2018 09:00,9.98900032
15250,28/03/2018 10:00,11.11499977
15251,28/03/2018 11:00,10.3409996
15252,28/03/2018 12:00,9.918999672
15253,28/03/2018 13:00,10.83300018
15254,28/03/2018 14:00,12.10000038
15255,28/03/2018 15:00,12.59200001
15256,28/03/2018 16:00,13.08500004
15257,28/03/2018 17:00,13.08500004
15258,28/03/2018 18:00,12.23999977
15259,28/03/2018 19:00,11.32600021
15260,28/03/2018 20:00,10.90400028
15261,28/03/2018 21:00,9.848999977
15262,28/03/2018 22:00,9.496999741
15263,28/03/2018 23:00,9.567000389
15264,29/03/2018 00:00,9.496999741
15265,29/03/2018 01:00,9.074999809
15266,29/03/2018 02:00,9.286000252
15267,29/03/2018 03:00,9.567000389
15268,29/03/2018 04:00,9.074999809
15269,29/03/2018 05:00,8.581999779
15270,29/03/2018 06:00,8.159999847
15271,29/03/2018 07:00,8.020000458
15272,29/03/2018 08:00,8.652999878
15273,29/03/2018 09:00,8.512000084
15274,29/03/2018 10:00,9.145000458
15275,29/03/2018 11:00,8.86400032
15276,29/03/2018 12:00,9.145000458
15277,29/03/2018 13:00,9.637999535
15278,29/03/2018 14:00,10.13000011
15279,29/03/2018 15:00,10.69299984
15280,29/03/2018 16:00,10.48200035
15281,29/03/2018 17:00,10.3409996
15282,29/03/2018 18:00,9.637999535
15283,29/03/2018 19:00,9.355999947
15284,29/03/2018 20:00,9.425999641
15285,29/03/2018 21:00,8.230999947
15286,29/03/2018 22:00,7.809000015
15287,29/03/2018 23:00,7.315999985
15288,30/03/2018 00:00,6.612999916
15289,30/03/2018 01:00,6.823999882
15290,30/03/2018 02:00,6.472000122
15291,30/03/2018 03:00,6.119999886
15292,30/03/2018 04:00,6.119999886
15293,30/03/2018 05:00,5.839000225
15294,30/03/2018 06:00,5.276000023
15295,30/03/2018 07:00,5.205999851
15296,30/03/2018 08:00,5.55700016
15297,30/03/2018 09:00,5.768000126
15298,30/03/2018 10:00,6.261000156
15299,30/03/2018 11:00,6.261000156
15300,30/03/2018 12:00,6.330999851
15301,30/03/2018 13:00,7.034999847
15302,30/03/2018 14:00,7.034999847
15303,30/03/2018 15:00,7.386000156
15304,30/03/2018 16:00,7.315999985
15305,30/03/2018 17:00,7.809000015
15306,30/03/2018 18:00,6.683000088
15307,30/03/2018 19:00,5.768000126
15308,30/03/2018 20:00,6.330999851
15309,30/03/2018 21:00,6.40199995
15310,30/03/2018 22:00,6.261000156
15311,30/03/2018 23:00,5.979000092
15312,31/03/2018 00:00,5.768000126
15313,31/03/2018 01:00,5.768000126
15314,31/03/2018 02:00,5.768000126
15315,31/03/2018 03:00,5.768000126
15316,31/03/2018 04:00,5.768000126
15317,31/03/2018 05:00,5.768000126
15318,31/03/2018 06:00,5.768000126
15319,31/03/2018 07:00,5.768000126
15320,31/03/2018 08:00,5.768000126
15321,31/03/2018 09:00,5.768000126
15322,31/03/2018 10:00,5.768000126
15323,31/03/2018 11:00,5.768000126
15324,31/03/2018 12:00,5.768000126
15325,31/03/2018 13:00,5.768000126
15326,31/03/2018 14:00,5.768000126
15327,31/03/2018 15:00,5.768000126
15328,31/03/2018 16:00,5.768000126
15329,31/03/2018 17:00,5.768000126
15330,31/03/2018 18:00,5.768000126
15331,31/03/2018 19:00,5.768000126
15332,31/03/2018 20:00,5.768000126
15333,31/03/2018 21:00,5.768000126
15334,31/03/2018 22:00,5.768000126
15335,31/03/2018 23:00,5.768000126
15336,01/04/2018 00:00,9.00399971
15337,01/04/2018 01:00,9.215000153
15338,01/04/2018 02:00,9.00399971
15339,01/04/2018 03:00,8.652999878
15340,01/04/2018 04:00,9.215000153
15341,01/04/2018 05:00,9.215000153
15342,01/04/2018 06:00,9.425999641
15343,01/04/2018 07:00,9.567000389
15344,01/04/2018 08:00,10.19999981
15345,01/04/2018 09:00,10.69299984
15346,01/04/2018 10:00,11.11499977
15347,01/04/2018 11:00,10.97399998
15348,01/04/2018 12:00,10.76299953
15349,01/04/2018 13:00,11.60700035
15350,01/04/2018 14:00,11.25599957
15351,01/04/2018 15:00,12.94400024
15352,01/04/2018 16:00,12.7329998
15353,01/04/2018 17:00,11.81799984
15354,01/04/2018 18:00,11.74800014
15355,01/04/2018 19:00,10.76299953
15356,01/04/2018 20:00,10.69299984
15357,01/04/2018 21:00,10.55200005
15358,01/04/2018 22:00,10.48200035
15359,01/04/2018 23:00,10.13000011
15360,02/04/2018 00:00,9.708000183
15361,02/04/2018 01:00,10.19999981
15362,02/04/2018 02:00,10.48200035
15363,02/04/2018 03:00,10.83300018
15364,02/04/2018 04:00,10.3409996
15365,02/04/2018 05:00,10.3409996
15366,02/04/2018 06:00,10.06000042
15367,02/04/2018 07:00,10.48200035
15368,02/04/2018 08:00,9.637999535
15369,02/04/2018 09:00,10.55200005
15370,02/04/2018 10:00,10.48200035
15371,02/04/2018 11:00,10.13000011
15372,02/04/2018 12:00,10.19999981
15373,02/04/2018 13:00,11.67800045
15374,02/04/2018 14:00,12.02900028
15375,02/04/2018 15:00,12.10000038
15376,02/04/2018 16:00,12.17000008
15377,02/04/2018 17:00,12.02900028
15378,02/04/2018 18:00,11.25599957
15379,02/04/2018 19:00,10.97399998
15380,02/04/2018 20:00,10.55200005
15381,02/04/2018 21:00,10.19999981
15382,02/04/2018 22:00,10.3409996
15383,02/04/2018 23:00,9.848999977
15384,03/04/2018 00:00,9.425999641
15385,03/04/2018 01:00,9.355999947
15386,03/04/2018 02:00,9.215000153
15387,03/04/2018 03:00,9.145000458
15388,03/04/2018 04:00,9.145000458
15389,03/04/2018 05:00,9.425999641
15390,03/04/2018 06:00,9.286000252
15391,03/04/2018 07:00,9.496999741
15392,03/04/2018 08:00,9.848999977
15393,03/04/2018 09:00,10.69299984
15394,03/04/2018 10:00,11.39599991
15395,03/04/2018 11:00,11.32600021
15396,03/04/2018 12:00,11.39599991
15397,03/04/2018 13:00,11.32600021
15398,03/04/2018 14:00,12.7329998
15399,03/04/2018 15:00,12.94400024
15400,03/04/2018 16:00,13.43599987
15401,03/04/2018 17:00,13.71800041
15402,03/04/2018 18:00,12.23999977
15403,03/04/2018 19:00,12.17000008
15404,03/04/2018 20:00,11.60700035
15405,03/04/2018 21:00,11.32600021
15406,03/04/2018 22:00,10.97399998
15407,03/04/2018 23:00,10.90400028
15408,04/04/2018 00:00,9.918999672
15409,04/04/2018 01:00,8.86400032
15410,04/04/2018 02:00,8.934000015
15411,04/04/2018 03:00,7.809000015
15412,04/04/2018 04:00,6.823999882
15413,04/04/2018 05:00,7.105000019
15414,04/04/2018 06:00,6.612999916
15415,04/04/2018 07:00,5.135000229
15416,04/04/2018 08:00,5.346000195
15417,04/04/2018 09:00,5.065000057
15418,04/04/2018 10:00,5.276000023
15419,04/04/2018 11:00,5.276000023
15420,04/04/2018 12:00,5.065000057
15421,04/04/2018 13:00,4.572999954
15422,04/04/2018 14:00,4.290999889
15423,04/04/2018 15:00,4.43200016
15424,04/04/2018 16:00,4.221000195
15425,04/04/2018 17:00,4.079999924
15426,04/04/2018 18:00,3.799000025
15427,04/04/2018 19:00,3.657999992
15428,04/04/2018 20:00,3.799000025
15429,04/04/2018 21:00,3.799000025
15430,04/04/2018 22:00,3.868999958
15431,04/04/2018 23:00,3.938999891
15432,05/04/2018 00:00,3.657999992
15433,05/04/2018 01:00,3.799000025
15434,05/04/2018 02:00,3.868999958
15435,05/04/2018 03:00,3.799000025
15436,05/04/2018 04:00,4.361999989
15437,05/04/2018 05:00,3.657999992
15438,05/04/2018 06:00,4.221000195
15439,05/04/2018 07:00,3.51699996
15440,05/04/2018 08:00,3.095000029
15441,05/04/2018 09:00,0.421999991
15442,05/04/2018 10:00,0
15443,05/04/2018 11:00,-0.633000016
15444,05/04/2018 12:00,-0.703000009
15445,05/04/2018 13:00,0
15446,05/04/2018 14:00,-0.633000016
15447,05/04/2018 15:00,-0.915000021
15448,05/04/2018 16:00,0
15449,05/04/2018 17:00,0.563000023
15450,05/04/2018 18:00,1.758999944
15451,05/04/2018 19:00,0.563000023
15452,05/04/2018 20:00,0
15453,05/04/2018 21:00,2.039999962
15454,05/04/2018 22:00,0.492000014
15455,05/04/2018 23:00,1.126000047
15456,06/04/2018 00:00,0.985000014
15457,06/04/2018 01:00,0
15458,06/04/2018 02:00,0.563000023
15459,06/04/2018 03:00,1.970000029
15460,06/04/2018 04:00,2.39199996
15461,06/04/2018 05:00,1.476999998
15462,06/04/2018 06:00,1.337000012
15463,06/04/2018 07:00,1.054999948
15464,06/04/2018 08:00,1.054999948
15465,06/04/2018 09:00,1.337000012
15466,06/04/2018 10:00,1.828999996
15467,06/04/2018 11:00,3.095000029
15468,06/04/2018 12:00,4.010000229
15469,06/04/2018 13:00,4.643000126
15470,06/04/2018 14:00,4.994999886
15471,06/04/2018 15:00,4.994999886
15472,06/04/2018 16:00,5.346000195
15473,06/04/2018 17:00,5.486999989
15474,06/04/2018 18:00,5.346000195
15475,06/04/2018 19:00,5.346000195
15476,06/04/2018 20:00,5.346000195
15477,06/04/2018 21:00,4.221000195
15478,06/04/2018 22:00,5.276000023
15479,06/04/2018 23:00,4.854000092
15480,07/04/2018 00:00,4.501999855
15481,07/04/2018 01:00,4.221000195
15482,07/04/2018 02:00,4.150000095
15483,07/04/2018 03:00,4.221000195
15484,07/04/2018 04:00,4.221000195
15485,07/04/2018 05:00,4.150000095
15486,07/04/2018 06:00,3.727999926
15487,07/04/2018 07:00,4.994999886
15488,07/04/2018 08:00,4.221000195
15489,07/04/2018 09:00,3.727999926
15490,07/04/2018 10:00,5.346000195
15491,07/04/2018 11:00,3.305999994
15492,07/04/2018 12:00,3.236000061
15493,07/04/2018 13:00,3.51699996
15494,07/04/2018 14:00,4.501999855
15495,07/04/2018 15:00,4.994999886
15496,07/04/2018 16:00,5.276000023
15497,07/04/2018 17:00,5.768000126
15498,07/04/2018 18:00,6.050000191
15499,07/04/2018 19:00,5.697999954
15500,07/04/2018 20:00,5.346000195
15501,07/04/2018 21:00,4.923999786
15502,07/04/2018 22:00,4.854000092
15503,07/04/2018 23:00,5.065000057
15504,08/04/2018 00:00,4.572999954
15505,08/04/2018 01:00,4.712999821
15506,08/04/2018 02:00,4.501999855
15507,08/04/2018 03:00,4.501999855
15508,08/04/2018 04:00,4.501999855
15509,08/04/2018 05:00,4.643000126
15510,08/04/2018 06:00,4.572999954
15511,08/04/2018 07:00,5.697999954
15512,08/04/2018 08:00,5.768000126
15513,08/04/2018 09:00,5.627999783
15514,08/04/2018 10:00,5.416999817
15515,08/04/2018 11:00,5.697999954
15516,08/04/2018 12:00,5.627999783
15517,08/04/2018 13:00,6.261000156
15518,08/04/2018 14:00,7.105000019
15519,08/04/2018 15:00,7.668000221
15520,08/04/2018 16:00,7.809000015
15521,08/04/2018 17:00,7.879000187
15522,08/04/2018 18:00,7.597000122
15523,08/04/2018 19:00,8.230999947
15524,08/04/2018 20:00,8.300999641
15525,08/04/2018 21:00,7.879000187
15526,08/04/2018 22:00,7.737999916
15527,08/04/2018 23:00,7.245999813
15528,09/04/2018 00:00,7.386000156
15529,09/04/2018 01:00,7.668000221
15530,09/04/2018 02:00,7.737999916
15531,09/04/2018 03:00,7.456999779
15532,09/04/2018 04:00,7.456999779
15533,09/04/2018 05:00,7.245999813
15534,09/04/2018 06:00,6.894000053
15535,09/04/2018 07:00,8.020000458
15536,09/04/2018 08:00,8.652999878
15537,09/04/2018 09:00,9.425999641
15538,09/04/2018 10:00,10.55200005
15539,09/04/2018 11:00,9.777999878
15540,09/04/2018 12:00,9.286000252
15541,09/04/2018 13:00,9.98900032
15542,09/04/2018 14:00,11.32600021
15543,09/04/2018 15:00,10.90400028
15544,09/04/2018 16:00,12.10000038
15545,09/04/2018 17:00,12.45100021
15546,09/04/2018 18:00,12.02900028
15547,09/04/2018 19:00,10.48200035
15548,09/04/2018 20:00,9.918999672
15549,09/04/2018 21:00,9.708000183
15550,09/04/2018 22:00,9.496999741
15551,09/04/2018 23:00,9.215000153
15552,10/04/2018 00:00,8.86400032
15553,10/04/2018 01:00,8.722999573
15554,10/04/2018 02:00,8.652999878
15555,10/04/2018 03:00,8.722999573
15556,10/04/2018 04:00,8.442000389
15557,10/04/2018 05:00,8.581999779
15558,10/04/2018 06:00,8.652999878
15559,10/04/2018 07:00,9.215000153
15560,10/04/2018 08:00,9.918999672
15561,10/04/2018 09:00,10.48200035
15562,10/04/2018 10:00,9.215000153
15563,10/04/2018 11:00,9.567000389
15564,10/04/2018 12:00,8.934000015
15565,10/04/2018 13:00,9.425999641
15566,10/04/2018 14:00,10.55200005
15567,10/04/2018 15:00,10.62199974
15568,10/04/2018 16:00,11.18500042
15569,10/04/2018 17:00,10.90400028
15570,10/04/2018 18:00,12.02900028
15571,10/04/2018 19:00,11.60700035
15572,10/04/2018 20:00,11.18500042
15573,10/04/2018 21:00,11.04399967
15574,10/04/2018 22:00,10.55200005
15575,10/04/2018 23:00,11.04399967
15576,11/04/2018 00:00,10.3409996
15577,11/04/2018 01:00,10.48200035
15578,11/04/2018 02:00,10.55200005
15579,11/04/2018 03:00,10.41100025
15580,11/04/2018 04:00,10.55200005
15581,11/04/2018 05:00,10.55200005
15582,11/04/2018 06:00,9.777999878
15583,11/04/2018 07:00,9.918999672
15584,11/04/2018 08:00,9.918999672
15585,11/04/2018 09:00,9.708000183
15586,11/04/2018 10:00,10.3409996
15587,11/04/2018 11:00,10.13000011
15588,11/04/2018 12:00,10.27099991
15589,11/04/2018 13:00,10.3409996
15590,11/04/2018 14:00,10.97399998
15591,11/04/2018 15:00,10.97399998
15592,11/04/2018 16:00,10.76299953
15593,11/04/2018 17:00,9.777999878
15594,11/04/2018 18:00,9.425999641
15595,11/04/2018 19:00,8.722999573
15596,11/04/2018 20:00,7.879000187
15597,11/04/2018 21:00,7.668000221
15598,11/04/2018 22:00,7.386000156
15599,11/04/2018 23:00,6.964000225
15600,12/04/2018 00:00,6.964000225
15601,12/04/2018 01:00,6.612999916
15602,12/04/2018 02:00,6.612999916
15603,12/04/2018 03:00,6.050000191
15604,12/04/2018 04:00,6.40199995
15605,12/04/2018 05:00,5.90899992
15606,12/04/2018 06:00,5.768000126
15607,12/04/2018 07:00,5.627999783
15608,12/04/2018 08:00,5.90899992
15609,12/04/2018 09:00,5.90899992
15610,12/04/2018 10:00,5.979000092
15611,12/04/2018 11:00,6.330999851
15612,12/04/2018 12:00,6.472000122
15613,12/04/2018 13:00,6.050000191
15614,12/04/2018 14:00,6.541999817
15615,12/04/2018 15:00,6.472000122
15616,12/04/2018 16:00,6.330999851
15617,12/04/2018 17:00,5.768000126
15618,12/04/2018 18:00,5.627999783
15619,12/04/2018 19:00,5.346000195
15620,12/04/2018 20:00,4.854000092
15621,12/04/2018 21:00,5.135000229
15622,12/04/2018 22:00,4.994999886
15623,12/04/2018 23:00,4.643000126
15624,13/04/2018 00:00,4.994999886
15625,13/04/2018 01:00,4.923999786
15626,13/04/2018 02:00,4.78399992
15627,13/04/2018 03:00,4.854000092
15628,13/04/2018 04:00,4.854000092
15629,13/04/2018 05:00,4.78399992
15630,13/04/2018 06:00,4.712999821
15631,13/04/2018 07:00,4.572999954
15632,13/04/2018 08:00,4.290999889
15633,13/04/2018 09:00,4.290999889
15634,13/04/2018 10:00,4.361999989
15635,13/04/2018 11:00,4.572999954
15636,13/04/2018 12:00,5.065000057
15637,13/04/2018 13:00,4.643000126
15638,13/04/2018 14:00,4.854000092
15639,13/04/2018 15:00,5.276000023
15640,13/04/2018 16:00,4.854000092
15641,13/04/2018 17:00,5.839000225
15642,13/04/2018 18:00,4.572999954
15643,13/04/2018 19:00,3.095000029
15644,13/04/2018 20:00,3.799000025
15645,13/04/2018 21:00,4.854000092
15646,13/04/2018 22:00,3.095000029
15647,13/04/2018 23:00,3.588000059
15648,14/04/2018 00:00,4.290999889
15649,14/04/2018 01:00,4.361999989
15650,14/04/2018 02:00,4.150000095
15651,14/04/2018 03:00,4.643000126
15652,14/04/2018 04:00,5.205999851
15653,14/04/2018 05:00,4.854000092
15654,14/04/2018 06:00,5.205999851
15655,14/04/2018 07:00,4.854000092
15656,14/04/2018 08:00,4.923999786
15657,14/04/2018 09:00,3.447000027
15658,14/04/2018 10:00,4.361999989
15659,14/04/2018 11:00,3.799000025
15660,14/04/2018 12:00,3.799000025
15661,14/04/2018 13:00,3.938999891
15662,14/04/2018 14:00,4.010000229
15663,14/04/2018 15:00,4.43200016
15664,14/04/2018 16:00,5.346000195
15665,14/04/2018 17:00,5.205999851
15666,14/04/2018 18:00,5.416999817
15667,14/04/2018 19:00,5.065000057
15668,14/04/2018 20:00,4.923999786
15669,14/04/2018 21:00,3.868999958
15670,14/04/2018 22:00,4.361999989
15671,14/04/2018 23:00,4.501999855
15672,15/04/2018 00:00,4.854000092
15673,15/04/2018 01:00,5.346000195
15674,15/04/2018 02:00,4.643000126
15675,15/04/2018 03:00,4.854000092
15676,15/04/2018 04:00,5.135000229
15677,15/04/2018 05:00,5.276000023
15678,15/04/2018 06:00,5.135000229
15679,15/04/2018 07:00,5.768000126
15680,15/04/2018 08:00,4.854000092
15681,15/04/2018 09:00,5.979000092
15682,15/04/2018 10:00,6.261000156
15683,15/04/2018 11:00,6.190999985
15684,15/04/2018 12:00,6.612999916
15685,15/04/2018 13:00,6.823999882
15686,15/04/2018 14:00,8.300999641
15687,15/04/2018 15:00,8.722999573
15688,15/04/2018 16:00,9.425999641
15689,15/04/2018 17:00,9.355999947
15690,15/04/2018 18:00,8.722999573
15691,15/04/2018 19:00,7.809000015
15692,15/04/2018 20:00,6.964000225
15693,15/04/2018 21:00,6.261000156
15694,15/04/2018 22:00,6.050000191
15695,15/04/2018 23:00,6.050000191
15696,16/04/2018 00:00,6.823999882
15697,16/04/2018 01:00,6.472000122
15698,16/04/2018 02:00,6.612999916
15699,16/04/2018 03:00,6.541999817
15700,16/04/2018 04:00,6.40199995
15701,16/04/2018 05:00,5.90899992
15702,16/04/2018 06:00,6.190999985
15703,16/04/2018 07:00,6.330999851
15704,16/04/2018 08:00,6.541999817
15705,16/04/2018 09:00,6.683000088
15706,16/04/2018 10:00,6.964000225
15707,16/04/2018 11:00,7.315999985
15708,16/04/2018 12:00,6.964000225
15709,16/04/2018 13:00,7.245999813
15710,16/04/2018 14:00,8.020000458
15711,16/04/2018 15:00,8.652999878
15712,16/04/2018 16:00,9.00399971
15713,16/04/2018 17:00,8.512000084
15714,16/04/2018 18:00,7.737999916
15715,16/04/2018 19:00,7.668000221
15716,16/04/2018 20:00,6.894000053
15717,16/04/2018 21:00,6.823999882
15718,16/04/2018 22:00,6.894000053
15719,16/04/2018 23:00,6.190999985
15720,17/04/2018 00:00,5.90899992
15721,17/04/2018 01:00,6.261000156
15722,17/04/2018 02:00,6.261000156
15723,17/04/2018 03:00,5.90899992
15724,17/04/2018 04:00,6.261000156
15725,17/04/2018 05:00,5.768000126
15726,17/04/2018 06:00,5.768000126
15727,17/04/2018 07:00,6.683000088
15728,17/04/2018 08:00,7.245999813
15729,17/04/2018 09:00,8.159999847
15730,17/04/2018 10:00,8.86400032
15731,17/04/2018 11:00,7.879000187
15732,17/04/2018 12:00,8.090000153
15733,17/04/2018 13:00,8.934000015
15734,17/04/2018 14:00,9.567000389
15735,17/04/2018 15:00,10.27099991
15736,17/04/2018 16:00,10.90400028
15737,17/04/2018 17:00,10.90400028
15738,17/04/2018 18:00,10.62199974
15739,17/04/2018 19:00,8.934000015
15740,17/04/2018 20:00,8.090000153
15741,17/04/2018 21:00,8.159999847
15742,17/04/2018 22:00,7.948999882
15743,17/04/2018 23:00,7.668000221
15744,18/04/2018 00:00,7.456999779
15745,18/04/2018 01:00,7.245999813
15746,18/04/2018 02:00,7.386000156
15747,18/04/2018 03:00,7.245999813
15748,18/04/2018 04:00,7.245999813
15749,18/04/2018 05:00,7.245999813
15750,18/04/2018 06:00,6.964000225
15751,18/04/2018 07:00,7.737999916
15752,18/04/2018 08:00,9.145000458
15753,18/04/2018 09:00,8.722999573
15754,18/04/2018 10:00,9.637999535
15755,18/04/2018 11:00,9.215000153
15756,18/04/2018 12:00,9.286000252
15757,18/04/2018 13:00,9.98900032
15758,18/04/2018 14:00,11.18500042
15759,18/04/2018 15:00,11.5369997
15760,18/04/2018 16:00,12.31099987
15761,18/04/2018 17:00,12.6619997
15762,18/04/2018 18:00,11.81799984
15763,18/04/2018 19:00,10.13000011
15764,18/04/2018 20:00,9.98900032
15765,18/04/2018 21:00,9.355999947
15766,18/04/2018 22:00,9.00399971
15767,18/04/2018 23:00,8.934000015
15768,19/04/2018 00:00,8.512000084
15769,19/04/2018 01:00,8.442000389
15770,19/04/2018 02:00,8.37100029
15771,19/04/2018 03:00,8.230999947
15772,19/04/2018 04:00,8.020000458
15773,19/04/2018 05:00,8.020000458
15774,19/04/2018 06:00,7.52699995
15775,19/04/2018 07:00,8.090000153
15776,19/04/2018 08:00,9.074999809
15777,19/04/2018 09:00,9.286000252
15778,19/04/2018 10:00,9.918999672
15779,19/04/2018 11:00,9.777999878
15780,19/04/2018 12:00,10.27099991
15781,19/04/2018 13:00,11.04399967
15782,19/04/2018 14:00,11.88899994
15783,19/04/2018 15:00,12.59200001
15784,19/04/2018 16:00,12.52200031
15785,19/04/2018 17:00,12.17000008
15786,19/04/2018 18:00,11.60700035
15787,19/04/2018 19:00,10.41100025
15788,19/04/2018 20:00,9.848999977
15789,19/04/2018 21:00,9.355999947
15790,19/04/2018 22:00,8.934000015
15791,19/04/2018 23:00,8.512000084
15792,20/04/2018 00:00,8.512000084
15793,20/04/2018 01:00,8.652999878
15794,20/04/2018 02:00,8.793000221
15795,20/04/2018 03:00,8.37100029
15796,20/04/2018 04:00,8.300999641
15797,20/04/2018 05:00,8.090000153
15798,20/04/2018 06:00,8.37100029
15799,20/04/2018 07:00,9.145000458
15800,20/04/2018 08:00,9.00399971
15801,20/04/2018 09:00,8.86400032
15802,20/04/2018 10:00,9.496999741
15803,20/04/2018 11:00,9.98900032
15804,20/04/2018 12:00,10.3409996
15805,20/04/2018 13:00,11.74800014
15806,20/04/2018 14:00,12.38099957
15807,20/04/2018 15:00,12.94400024
15808,20/04/2018 16:00,13.43599987
15809,20/04/2018 17:00,12.8739996
15810,20/04/2018 18:00,12.23999977
15811,20/04/2018 19:00,11.74800014
15812,20/04/2018 20:00,11.25599957
15813,20/04/2018 21:00,11.88899994
15814,20/04/2018 22:00,11.04399967
15815,20/04/2018 23:00,10.90400028
15816,21/04/2018 00:00,10.97399998
15817,21/04/2018 01:00,10.90400028
15818,21/04/2018 02:00,11.32600021
15819,21/04/2018 03:00,10.3409996
15820,21/04/2018 04:00,9.567000389
15821,21/04/2018 05:00,10.27099991
15822,21/04/2018 06:00,10.3409996
15823,21/04/2018 07:00,10.3409996
15824,21/04/2018 08:00,10.06000042
15825,21/04/2018 09:00,10.62199974
15826,21/04/2018 10:00,10.76299953
15827,21/04/2018 11:00,10.48200035
15828,21/04/2018 12:00,11.25599957
15829,21/04/2018 13:00,11.25599957
15830,21/04/2018 14:00,9.777999878
15831,21/04/2018 15:00,10.27099991
15832,21/04/2018 16:00,9.848999977
15833,21/04/2018 17:00,9.567000389
15834,21/04/2018 18:00,9.425999641
15835,21/04/2018 19:00,9.355999947
15836,21/04/2018 20:00,9.496999741
15837,21/04/2018 21:00,9.00399971
15838,21/04/2018 22:00,9.215000153
15839,21/04/2018 23:00,9.145000458
15840,22/04/2018 00:00,9.567000389
15841,22/04/2018 01:00,9.708000183
15842,22/04/2018 02:00,9.637999535
15843,22/04/2018 03:00,9.708000183
15844,22/04/2018 04:00,7.034999847
15845,22/04/2018 05:00,8.652999878
15846,22/04/2018 06:00,9.355999947
15847,22/04/2018 07:00,8.512000084
15848,22/04/2018 08:00,9.98900032
15849,22/04/2018 09:00,10.3409996
15850,22/04/2018 10:00,9.918999672
15851,22/04/2018 11:00,9.425999641
15852,22/04/2018 12:00,9.637999535
15853,22/04/2018 13:00,9.496999741
15854,22/04/2018 14:00,9.355999947
15855,22/04/2018 15:00,9.918999672
15856,22/04/2018 16:00,10.06000042
15857,22/04/2018 17:00,10.27099991
15858,22/04/2018 18:00,10.06000042
15859,22/04/2018 19:00,9.98900032
15860,22/04/2018 20:00,8.37100029
15861,22/04/2018 21:00,8.442000389
15862,22/04/2018 22:00,7.737999916
15863,22/04/2018 23:00,7.105000019
15864,23/04/2018 00:00,6.752999783
15865,23/04/2018 01:00,6.40199995
15866,23/04/2018 02:00,5.839000225
15867,23/04/2018 03:00,5.90899992
15868,23/04/2018 04:00,5.416999817
15869,23/04/2018 05:00,4.994999886
15870,23/04/2018 06:00,5.135000229
15871,23/04/2018 07:00,4.643000126
15872,23/04/2018 08:00,4.361999989
15873,23/04/2018 09:00,4.290999889
15874,23/04/2018 10:00,3.657999992
15875,23/04/2018 11:00,3.165999889
15876,23/04/2018 12:00,3.51699996
15877,23/04/2018 13:00,3.236000061
15878,23/04/2018 14:00,3.236000061
15879,23/04/2018 15:00,3.727999926
15880,23/04/2018 16:00,5.205999851
15881,23/04/2018 17:00,5.697999954
15882,23/04/2018 18:00,5.205999851
15883,23/04/2018 19:00,5.55700016
15884,23/04/2018 20:00,4.643000126
15885,23/04/2018 21:00,5.486999989
15886,23/04/2018 22:00,6.050000191
15887,23/04/2018 23:00,5.135000229
15888,24/04/2018 00:00,6.261000156
15889,24/04/2018 01:00,6.40199995
15890,24/04/2018 02:00,6.612999916
15891,24/04/2018 03:00,6.261000156
15892,24/04/2018 04:00,6.683000088
15893,24/04/2018 05:00,6.330999851
15894,24/04/2018 06:00,6.752999783
15895,24/04/2018 07:00,6.541999817
15896,24/04/2018 08:00,6.261000156
15897,24/04/2018 09:00,6.964000225
15898,24/04/2018 10:00,6.472000122
15899,24/04/2018 11:00,7.105000019
15900,24/04/2018 12:00,7.175000191
15901,24/04/2018 13:00,8.020000458
15902,24/04/2018 14:00,8.159999847
15903,24/04/2018 15:00,8.652999878
15904,24/04/2018 16:00,8.230999947
15905,24/04/2018 17:00,7.668000221
15906,24/04/2018 18:00,8.442000389
15907,24/04/2018 19:00,7.948999882
15908,24/04/2018 20:00,7.809000015
15909,24/04/2018 21:00,7.737999916
15910,24/04/2018 22:00,7.386000156
15911,24/04/2018 23:00,7.668000221
15912,25/04/2018 00:00,7.456999779
15913,25/04/2018 01:00,7.315999985
15914,25/04/2018 02:00,7.809000015
15915,25/04/2018 03:00,7.52699995
15916,25/04/2018 04:00,6.541999817
15917,25/04/2018 05:00,7.034999847
15918,25/04/2018 06:00,7.879000187
15919,25/04/2018 07:00,9.074999809
15920,25/04/2018 08:00,8.020000458
15921,25/04/2018 09:00,8.512000084
15922,25/04/2018 10:00,9.496999741
15923,25/04/2018 11:00,9.145000458
15924,25/04/2018 12:00,9.567000389
15925,25/04/2018 13:00,8.86400032
15926,25/04/2018 14:00,9.848999977
15927,25/04/2018 15:00,10.19999981
15928,25/04/2018 16:00,9.98900032
15929,25/04/2018 17:00,10.55200005
15930,25/04/2018 18:00,10.27099991
15931,25/04/2018 19:00,9.425999641
15932,25/04/2018 20:00,8.512000084
15933,25/04/2018 21:00,9.074999809
15934,25/04/2018 22:00,8.934000015
15935,25/04/2018 23:00,8.512000084
15936,26/04/2018 00:00,8.722999573
15937,26/04/2018 01:00,8.512000084
15938,26/04/2018 02:00,9.215000153
15939,26/04/2018 03:00,9.425999641
15940,26/04/2018 04:00,9.355999947
15941,26/04/2018 05:00,9.567000389
15942,26/04/2018 06:00,9.074999809
15943,26/04/2018 07:00,9.848999977
15944,26/04/2018 08:00,10.27099991
15945,26/04/2018 09:00,9.848999977
15946,26/04/2018 10:00,9.98900032
15947,26/04/2018 11:00,10.69299984
15948,26/04/2018 12:00,10.83300018
15949,26/04/2018 13:00,10.62199974
15950,26/04/2018 14:00,11.11499977
15951,26/04/2018 15:00,10.48200035
15952,26/04/2018 16:00,11.60700035
15953,26/04/2018 17:00,11.32600021
15954,26/04/2018 18:00,10.06000042
15955,26/04/2018 19:00,10.3409996
15956,26/04/2018 20:00,9.777999878
15957,26/04/2018 21:00,10.13000011
15958,26/04/2018 22:00,10.48200035
15959,26/04/2018 23:00,9.848999977
15960,27/04/2018 00:00,9.777999878
15961,27/04/2018 01:00,9.918999672
15962,27/04/2018 02:00,9.918999672
15963,27/04/2018 03:00,9.425999641
15964,27/04/2018 04:00,9.496999741
15965,27/04/2018 05:00,9.637999535
15966,27/04/2018 06:00,9.777999878
15967,27/04/2018 07:00,10.3409996
15968,27/04/2018 08:00,11.18500042
15969,27/04/2018 09:00,11.25599957
15970,27/04/2018 10:00,11.67800045
15971,27/04/2018 11:00,11.32600021
15972,27/04/2018 12:00,11.60700035
15973,27/04/2018 13:00,12.7329998
15974,27/04/2018 14:00,13.08500004
15975,27/04/2018 15:00,13.9989996
15976,27/04/2018 16:00,14.21000004
15977,27/04/2018 17:00,13.9989996
15978,27/04/2018 18:00,13.71800041
15979,27/04/2018 19:00,12.45100021
15980,27/04/2018 20:00,11.67800045
15981,27/04/2018 21:00,11.32600021
15982,27/04/2018 22:00,11.04399967
15983,27/04/2018 23:00,10.97399998
15984,28/04/2018 00:00,10.83300018
15985,28/04/2018 01:00,10.69299984
15986,28/04/2018 02:00,10.97399998
15987,28/04/2018 03:00,9.567000389
15988,28/04/2018 04:00,9.567000389
15989,28/04/2018 05:00,9.496999741
15990,28/04/2018 06:00,9.496999741
15991,28/04/2018 07:00,9.637999535
15992,28/04/2018 08:00,10.19999981
15993,28/04/2018 09:00,10.06000042
15994,28/04/2018 10:00,10.83300018
15995,28/04/2018 11:00,10.83300018
15996,28/04/2018 12:00,11.32600021
15997,28/04/2018 13:00,11.81799984
15998,28/04/2018 14:00,12.80300045
15999,28/04/2018 15:00,13.22500038
16000,28/04/2018 16:00,13.9289999
16001,28/04/2018 17:00,13.08500004
16002,28/04/2018 18:00,12.59200001
16003,28/04/2018 19:00,11.81799984
16004,28/04/2018 20:00,11.5369997
16005,28/04/2018 21:00,11.11499977
16006,28/04/2018 22:00,10.83300018
16007,28/04/2018 23:00,10.69299984
16008,29/04/2018 00:00,10.90400028
16009,29/04/2018 01:00,11.60700035
16010,29/04/2018 02:00,11.60700035
16011,29/04/2018 03:00,11.18500042
16012,29/04/2018 04:00,11.74800014
16013,29/04/2018 05:00,11.60700035
16014,29/04/2018 06:00,11.32600021
16015,29/04/2018 07:00,11.95899963
16016,29/04/2018 08:00,12.59200001
16017,29/04/2018 09:00,12.6619997
16018,29/04/2018 10:00,12.59200001
16019,29/04/2018 11:00,12.02900028
16020,29/04/2018 12:00,12.52200031
16021,29/04/2018 13:00,11.95899963
16022,29/04/2018 14:00,12.80300045
16023,29/04/2018 15:00,12.6619997
16024,29/04/2018 16:00,12.45100021
16025,29/04/2018 17:00,13.29599953
16026,29/04/2018 18:00,12.94400024
16027,29/04/2018 19:00,12.7329998
16028,29/04/2018 20:00,12.6619997
16029,29/04/2018 21:00,12.45100021
16030,29/04/2018 22:00,12.52200031
16031,29/04/2018 23:00,12.38099957
16032,30/04/2018 00:00,12.7329998
16033,30/04/2018 01:00,12.52200031
16034,30/04/2018 02:00,12.10000038
16035,30/04/2018 03:00,11.67800045
16036,30/04/2018 04:00,11.88899994
16037,30/04/2018 05:00,12.59200001
16038,30/04/2018 06:00,12.7329998
16039,30/04/2018 07:00,12.94400024
16040,30/04/2018 08:00,12.8739996
16041,30/04/2018 09:00,12.52200031
16042,30/04/2018 10:00,13.71800041
16043,30/04/2018 11:00,13.64700031
16044,30/04/2018 12:00,14.56200027
16045,30/04/2018 13:00,14.84300041
16046,30/04/2018 14:00,15.0539999
16047,30/04/2018 15:00,15.89799976
16048,30/04/2018 16:00,16.81299973
16049,30/04/2018 17:00,15.82800007
16050,30/04/2018 18:00,14.77299976
16051,30/04/2018 19:00,14.49100018
16052,30/04/2018 20:00,13.57699966
16053,30/04/2018 21:00,13.22500038
16054,30/04/2018 22:00,13.50699997
16055,30/04/2018 23:00,13.36600018
16056,01/05/2018 00:00,13.43599987
16057,01/05/2018 01:00,13.43599987
16058,01/05/2018 02:00,13.57699966
16059,01/05/2018 03:00,13.43599987
16060,01/05/2018 04:00,13.08500004
16061,01/05/2018 05:00,13.64700031
16062,01/05/2018 06:00,13.78800011
16063,01/05/2018 07:00,13.9989996
16064,01/05/2018 08:00,14.06900024
16065,01/05/2018 09:00,13.43599987
16066,01/05/2018 10:00,13.57699966
16067,01/05/2018 11:00,12.8739996
16068,01/05/2018 12:00,12.8739996
16069,01/05/2018 13:00,12.38099957
16070,01/05/2018 14:00,12.7329998
16071,01/05/2018 15:00,13.50699997
16072,01/05/2018 16:00,13.43599987
16073,01/05/2018 17:00,13.64700031
16074,01/05/2018 18:00,7.52699995
16075,01/05/2018 19:00,5.768000126
16076,01/05/2018 20:00,8.020000458
16077,01/05/2018 21:00,9.777999878
16078,01/05/2018 22:00,10.83300018
16079,01/05/2018 23:00,10.48200035
16080,02/05/2018 00:00,10.48200035
16081,02/05/2018 01:00,10.3409996
16082,02/05/2018 02:00,10.19999981
16083,02/05/2018 03:00,10.06000042
16084,02/05/2018 04:00,9.567000389
16085,02/05/2018 05:00,9.637999535
16086,02/05/2018 06:00,10.13000011
16087,02/05/2018 07:00,9.215000153
16088,02/05/2018 08:00,9.215000153
16089,02/05/2018 09:00,9.708000183
16090,02/05/2018 10:00,9.286000252
16091,02/05/2018 11:00,9.425999641
16092,02/05/2018 12:00,9.918999672
16093,02/05/2018 13:00,9.918999672
16094,02/05/2018 14:00,9.918999672
16095,02/05/2018 15:00,10.27099991
16096,02/05/2018 16:00,10.48200035
16097,02/05/2018 17:00,10.62199974
16098,02/05/2018 18:00,10.83300018
16099,02/05/2018 19:00,10.06000042
16100,02/05/2018 20:00,10.13000011
16101,02/05/2018 21:00,9.074999809
16102,02/05/2018 22:00,8.020000458
16103,02/05/2018 23:00,7.737999916
16104,03/05/2018 00:00,8.230999947
16105,03/05/2018 01:00,7.809000015
16106,03/05/2018 02:00,8.230999947
16107,03/05/2018 03:00,8.722999573
16108,03/05/2018 04:00,8.581999779
16109,03/05/2018 05:00,8.37100029
16110,03/05/2018 06:00,8.652999878
16111,03/05/2018 07:00,9.637999535
16112,03/05/2018 08:00,9.918999672
16113,03/05/2018 09:00,9.708000183
16114,03/05/2018 10:00,9.496999741
16115,03/05/2018 11:00,9.215000153
16116,03/05/2018 12:00,9.777999878
16117,03/05/2018 13:00,10.62199974
16118,03/05/2018 14:00,12.02900028
16119,03/05/2018 15:00,12.94400024
16120,03/05/2018 16:00,13.8579998
16121,03/05/2018 17:00,12.94400024
16122,03/05/2018 18:00,13.29599953
16123,03/05/2018 19:00,11.5369997
16124,03/05/2018 20:00,11.39599991
16125,03/05/2018 21:00,11.32600021
16126,03/05/2018 22:00,10.97399998
16127,03/05/2018 23:00,10.90400028
16128,04/05/2018 00:00,10.41100025
16129,04/05/2018 01:00,10.3409996
16130,04/05/2018 02:00,10.13000011
16131,04/05/2018 03:00,10.06000042
16132,04/05/2018 04:00,10.19999981
16133,04/05/2018 05:00,10.27099991
16134,04/05/2018 06:00,10.19999981
16135,04/05/2018 07:00,11.04399967
16136,04/05/2018 08:00,11.5369997
16137,04/05/2018 09:00,10.97399998
16138,04/05/2018 10:00,11.32600021
16139,04/05/2018 11:00,12.02900028
16140,04/05/2018 12:00,12.31099987
16141,04/05/2018 13:00,13.15499973
16142,04/05/2018 14:00,14.21000004
16143,04/05/2018 15:00,14.49100018
16144,04/05/2018 16:00,15.54699993
16145,04/05/2018 17:00,13.78800011
16146,04/05/2018 18:00,13.50699997
16147,04/05/2018 19:00,12.6619997
16148,04/05/2018 20:00,12.6619997
16149,04/05/2018 21:00,12.6619997
16150,04/05/2018 22:00,12.45100021
16151,04/05/2018 23:00,12.52200031
16152,05/05/2018 00:00,11.95899963
16153,05/05/2018 01:00,12.23999977
16154,05/05/2018 02:00,12.10000038
16155,05/05/2018 03:00,11.88899994
16156,05/05/2018 04:00,11.46700001
16157,05/05/2018 05:00,8.722999573
16158,05/05/2018 06:00,10.83300018
16159,05/05/2018 07:00,7.315999985
16160,05/05/2018 08:00,9.708000183
16161,05/05/2018 09:00,6.683000088
16162,05/05/2018 10:00,8.86400032
16163,05/05/2018 11:00,10.13000011
16164,05/05/2018 12:00,11.04399967
16165,05/05/2018 13:00,11.18500042
16166,05/05/2018 14:00,11.04399967
16167,05/05/2018 15:00,11.32600021
16168,05/05/2018 16:00,11.60700035
16169,05/05/2018 17:00,11.60700035
16170,05/05/2018 18:00,11.5369997
16171,05/05/2018 19:00,11.5369997
16172,05/05/2018 20:00,11.81799984
16173,05/05/2018 21:00,11.5369997
16174,05/05/2018 22:00,11.67800045
16175,05/05/2018 23:00,11.74800014
16176,06/05/2018 00:00,11.74800014
16177,06/05/2018 01:00,12.02900028
16178,06/05/2018 02:00,12.23999977
16179,06/05/2018 03:00,12.23999977
16180,06/05/2018 04:00,11.81799984
16181,06/05/2018 05:00,12.45100021
16182,06/05/2018 06:00,12.23999977
16183,06/05/2018 07:00,12.38099957
16184,06/05/2018 08:00,12.02900028
16185,06/05/2018 09:00,10.69299984
16186,06/05/2018 10:00,11.88899994
16187,06/05/2018 11:00,10.90400028
16188,06/05/2018 12:00,7.105000019
16189,06/05/2018 13:00,8.934000015
16190,06/05/2018 14:00,9.286000252
16191,06/05/2018 15:00,9.074999809
16192,06/05/2018 16:00,9.567000389
16193,06/05/2018 17:00,7.668000221
16194,06/05/2018 18:00,9.567000389
16195,06/05/2018 19:00,8.934000015
16196,06/05/2018 20:00,5.697999954
16197,06/05/2018 21:00,8.020000458
16198,06/05/2018 22:00,7.456999779
16199,06/05/2018 23:00,7.597000122
16200,07/05/2018 00:00,7.948999882
16201,07/05/2018 01:00,7.456999779
16202,07/05/2018 02:00,7.456999779
16203,07/05/2018 03:00,7.668000221
16204,07/05/2018 04:00,8.090000153
16205,07/05/2018 05:00,8.442000389
16206,07/05/2018 06:00,8.652999878
16207,07/05/2018 07:00,8.512000084
16208,07/05/2018 08:00,8.300999641
16209,07/05/2018 09:00,7.948999882
16210,07/05/2018 10:00,8.159999847
16211,07/05/2018 11:00,8.230999947
16212,07/05/2018 12:00,8.722999573
16213,07/05/2018 13:00,8.230999947
16214,07/05/2018 14:00,8.159999847
16215,07/05/2018 15:00,7.737999916
16216,07/05/2018 16:00,7.386000156
16217,07/05/2018 17:00,7.315999985
16218,07/05/2018 18:00,7.737999916
16219,07/05/2018 19:00,8.722999573
16220,07/05/2018 20:00,8.86400032
16221,07/05/2018 21:00,9.074999809
16222,07/05/2018 22:00,8.442000389
16223,07/05/2018 23:00,8.300999641
16224,08/05/2018 00:00,8.512000084
16225,08/05/2018 01:00,8.020000458
16226,08/05/2018 02:00,7.737999916
16227,08/05/2018 03:00,7.245999813
16228,08/05/2018 04:00,7.105000019
16229,08/05/2018 05:00,7.597000122
16230,08/05/2018 06:00,8.300999641
16231,08/05/2018 07:00,6.964000225
16232,08/05/2018 08:00,7.456999779
16233,08/05/2018 09:00,7.809000015
16234,08/05/2018 10:00,8.300999641
16235,08/05/2018 11:00,8.581999779
16236,08/05/2018 12:00,8.934000015
16237,08/05/2018 13:00,10.13000011
16238,08/05/2018 14:00,10.41100025
16239,08/05/2018 15:00,11.88899994
16240,08/05/2018 16:00,12.59200001
16241,08/05/2018 17:00,12.31099987
16242,08/05/2018 18:00,11.74800014
16243,08/05/2018 19:00,10.62199974
16244,08/05/2018 20:00,10.19999981
16245,08/05/2018 21:00,9.496999741
16246,08/05/2018 22:00,9.708000183
16247,08/05/2018 23:00,9.074999809
16248,09/05/2018 00:00,8.581999779
16249,09/05/2018 01:00,8.230999947
16250,09/05/2018 02:00,8.159999847
16251,09/05/2018 03:00,7.809000015
16252,09/05/2018 04:00,7.175000191
16253,09/05/2018 05:00,7.034999847
16254,09/05/2018 06:00,7.034999847
16255,09/05/2018 07:00,7.879000187
16256,09/05/2018 08:00,8.230999947
16257,09/05/2018 09:00,8.230999947
16258,09/05/2018 10:00,8.581999779
16259,09/05/2018 11:00,9.074999809
16260,09/05/2018 12:00,9.567000389
16261,09/05/2018 13:00,10.3409996
16262,09/05/2018 14:00,11.60700035
16263,09/05/2018 15:00,12.38099957
16264,09/05/2018 16:00,12.6619997
16265,09/05/2018 17:00,12.8739996
16266,09/05/2018 18:00,12.23999977
16267,09/05/2018 19:00,11.60700035
16268,09/05/2018 20:00,10.76299953
16269,09/05/2018 21:00,9.708000183
16270,09/05/2018 22:00,9.425999641
16271,09/05/2018 23:00,8.722999573
16272,10/05/2018 00:00,7.948999882
16273,10/05/2018 01:00,7.668000221
16274,10/05/2018 02:00,7.315999985
16275,10/05/2018 03:00,6.752999783
16276,10/05/2018 04:00,6.330999851
16277,10/05/2018 05:00,6.119999886
16278,10/05/2018 06:00,6.050000191
16279,10/05/2018 07:00,6.40199995
16280,10/05/2018 08:00,6.612999916
16281,10/05/2018 09:00,6.683000088
16282,10/05/2018 10:00,7.456999779
16283,10/05/2018 11:00,7.105000019
16284,10/05/2018 12:00,8.159999847
16285,10/05/2018 13:00,8.512000084
16286,10/05/2018 14:00,9.637999535
16287,10/05/2018 15:00,10.13000011
16288,10/05/2018 16:00,10.06000042
16289,10/05/2018 17:00,9.918999672
16290,10/05/2018 18:00,9.567000389
16291,10/05/2018 19:00,9.286000252
16292,10/05/2018 20:00,8.581999779
16293,10/05/2018 21:00,8.230999947
16294,10/05/2018 22:00,8.37100029
16295,10/05/2018 23:00,7.948999882
16296,11/05/2018 00:00,7.809000015
16297,11/05/2018 01:00,7.597000122
16298,11/05/2018 02:00,7.809000015
16299,11/05/2018 03:00,7.737999916
16300,11/05/2018 04:00,7.809000015
16301,11/05/2018 05:00,8.300999641
16302,11/05/2018 06:00,8.652999878
16303,11/05/2018 07:00,8.793000221
16304,11/05/2018 08:00,8.722999573
16305,11/05/2018 09:00,9.496999741
16306,11/05/2018 10:00,10.48200035
16307,11/05/2018 11:00,11.04399967
16308,11/05/2018 12:00,11.60700035
16309,11/05/2018 13:00,12.10000038
16310,11/05/2018 14:00,11.25599957
16311,11/05/2018 15:00,10.97399998
16312,11/05/2018 16:00,11.39599991
16313,11/05/2018 17:00,11.11499977
16314,11/05/2018 18:00,10.69299984
16315,11/05/2018 19:00,10.76299953
16316,11/05/2018 20:00,11.46700001
16317,11/05/2018 21:00,11.39599991
16318,11/05/2018 22:00,11.88899994
16319,11/05/2018 23:00,11.88899994
16320,12/05/2018 00:00,11.81799984
16321,12/05/2018 01:00,11.46700001
16322,12/05/2018 02:00,11.60700035
16323,12/05/2018 03:00,9.848999977
16324,12/05/2018 04:00,8.37100029
16325,12/05/2018 05:00,10.13000011
16326,12/05/2018 06:00,10.76299953
16327,12/05/2018 07:00,8.442000389
16328,12/05/2018 08:00,8.300999641
16329,12/05/2018 09:00,9.777999878
16330,12/05/2018 10:00,10.55200005
16331,12/05/2018 11:00,10.90400028
16332,12/05/2018 12:00,11.04399967
16333,12/05/2018 13:00,10.62199974
16334,12/05/2018 14:00,10.83300018
16335,12/05/2018 15:00,10.69299984
16336,12/05/2018 16:00,10.90400028
16337,12/05/2018 17:00,10.55200005
16338,12/05/2018 18:00,11.11499977
16339,12/05/2018 19:00,11.04399967
16340,12/05/2018 20:00,10.69299984
16341,12/05/2018 21:00,10.27099991
16342,12/05/2018 22:00,10.13000011
16343,12/05/2018 23:00,10.3409996
16344,13/05/2018 00:00,10.48200035
16345,13/05/2018 01:00,10.3409996
16346,13/05/2018 02:00,9.918999672
16347,13/05/2018 03:00,9.98900032
16348,13/05/2018 04:00,10.19999981
16349,13/05/2018 05:00,9.98900032
16350,13/05/2018 06:00,10.27099991
16351,13/05/2018 07:00,10.83300018
16352,13/05/2018 08:00,10.55200005
16353,13/05/2018 09:00,11.32600021
16354,13/05/2018 10:00,11.5369997
16355,13/05/2018 11:00,12.38099957
16356,13/05/2018 12:00,12.45100021
16357,13/05/2018 13:00,13.08500004
16358,13/05/2018 14:00,13.36600018
16359,13/05/2018 15:00,14.49100018
16360,13/05/2018 16:00,15.26500034
16361,13/05/2018 17:00,15.54699993
16362,13/05/2018 18:00,14.42099953
16363,13/05/2018 19:00,13.43599987
16364,13/05/2018 20:00,13.29599953
16365,13/05/2018 21:00,12.94400024
16366,13/05/2018 22:00,12.6619997
16367,13/05/2018 23:00,12.52200031
16368,14/05/2018 00:00,12.45100021
16369,14/05/2018 01:00,12.52200031
16370,14/05/2018 02:00,12.7329998
16371,14/05/2018 03:00,12.7329998
16372,14/05/2018 04:00,12.59200001
16373,14/05/2018 05:00,12.45100021
16374,14/05/2018 06:00,12.7329998
16375,14/05/2018 07:00,12.45100021
16376,14/05/2018 08:00,13.22500038
16377,14/05/2018 09:00,13.36600018
16378,14/05/2018 10:00,13.71800041
16379,14/05/2018 11:00,14.70300007
16380,14/05/2018 12:00,13.9989996
16381,14/05/2018 13:00,14.70300007
16382,14/05/2018 14:00,15.0539999
16383,14/05/2018 15:00,16.81299973
16384,14/05/2018 16:00,16.32099915
16385,14/05/2018 17:00,16.60199928
16386,14/05/2018 18:00,16.18000031
16387,14/05/2018 19:00,15.75800037
16388,14/05/2018 20:00,15.33600044
16389,14/05/2018 21:00,15.33600044
16390,14/05/2018 22:00,14.98400021
16391,14/05/2018 23:00,14.70300007
16392,15/05/2018 00:00,14.56200027
16393,15/05/2018 01:00,14.14000034
16394,15/05/2018 02:00,14.49100018
16395,15/05/2018 03:00,14.56200027
16396,15/05/2018 04:00,14.27999973
16397,15/05/2018 05:00,14.14000034
16398,15/05/2018 06:00,14.35099983
16399,15/05/2018 07:00,14.56200027
16400,15/05/2018 08:00,16.03899956
16401,15/05/2018 09:00,16.46100044
16402,15/05/2018 10:00,15.19499969
16403,15/05/2018 11:00,14.14000034
16404,15/05/2018 12:00,15.40600014
16405,15/05/2018 13:00,14.42099953
16406,15/05/2018 14:00,15.75800037
16407,15/05/2018 15:00,16.18000031
16408,15/05/2018 16:00,16.88299942
16409,15/05/2018 17:00,16.25
16410,15/05/2018 18:00,17.16500092
16411,15/05/2018 19:00,16.88299942
16412,15/05/2018 20:00,16.32099915
16413,15/05/2018 21:00,15.96899986
16414,15/05/2018 22:00,15.89799976
16415,15/05/2018 23:00,15.68700027
16416,16/05/2018 00:00,15.96899986
16417,16/05/2018 01:00,16.25
16418,16/05/2018 02:00,16.10899925
16419,16/05/2018 03:00,16.10899925
16420,16/05/2018 04:00,16.25
16421,16/05/2018 05:00,16.46100044
16422,16/05/2018 06:00,16.88299942
16423,16/05/2018 07:00,16.67200089
16424,16/05/2018 08:00,15.68700027
16425,16/05/2018 09:00,14.84300041
16426,16/05/2018 10:00,15.33600044
16427,16/05/2018 11:00,14.98400021
16428,16/05/2018 12:00,14.70300007
16429,16/05/2018 13:00,14.98400021
16430,16/05/2018 14:00,15.68700027
16431,16/05/2018 15:00,16.74300003
16432,16/05/2018 16:00,16.10899925
16433,16/05/2018 17:00,16.32099915
16434,16/05/2018 18:00,15.82800007
16435,16/05/2018 19:00,15.54699993
16436,16/05/2018 20:00,16.32099915
16437,16/05/2018 21:00,16.03899956
16438,16/05/2018 22:00,16.67200089
16439,16/05/2018 23:00,15.0539999
16440,17/05/2018 00:00,16.10899925
16441,17/05/2018 01:00,16.60199928
16442,17/05/2018 02:00,14.63199997
16443,17/05/2018 03:00,12.23999977
16444,17/05/2018 04:00,9.708000183
16445,17/05/2018 05:00,8.652999878
16446,17/05/2018 06:00,9.98900032
16447,17/05/2018 07:00,10.97399998
16448,17/05/2018 08:00,8.090000153
16449,17/05/2018 09:00,11.32600021
16450,17/05/2018 10:00,12.38099957
16451,17/05/2018 11:00,13.15499973
16452,17/05/2018 12:00,12.52200031
16453,17/05/2018 13:00,13.01399994
16454,17/05/2018 14:00,13.50699997
16455,17/05/2018 15:00,13.50699997
16456,17/05/2018 16:00,13.9989996
16457,17/05/2018 17:00,13.78800011
16458,17/05/2018 18:00,14.14000034
16459,17/05/2018 19:00,13.78800011
16460,17/05/2018 20:00,13.50699997
16461,17/05/2018 21:00,13.15499973
16462,17/05/2018 22:00,13.43599987
16463,17/05/2018 23:00,13.36600018
16464,18/05/2018 00:00,12.94400024
16465,18/05/2018 01:00,12.94400024
16466,18/05/2018 02:00,13.36600018
16467,18/05/2018 03:00,13.08500004
16468,18/05/2018 04:00,13.08500004
16469,18/05/2018 05:00,12.80300045
16470,18/05/2018 06:00,13.01399994
16471,18/05/2018 07:00,12.94400024
16472,18/05/2018 08:00,12.8739996
16473,18/05/2018 09:00,12.52200031
16474,18/05/2018 10:00,12.52200031
16475,18/05/2018 11:00,12.7329998
16476,18/05/2018 12:00,12.80300045
16477,18/05/2018 13:00,12.59200001
16478,18/05/2018 14:00,12.8739996
16479,18/05/2018 15:00,12.7329998
16480,18/05/2018 16:00,9.425999641
16481,18/05/2018 17:00,8.090000153
16482,18/05/2018 18:00,6.330999851
16483,18/05/2018 19:00,5.346000195
16484,18/05/2018 20:00,6.40199995
16485,18/05/2018 21:00,8.300999641
16486,18/05/2018 22:00,8.652999878
16487,18/05/2018 23:00,8.512000084
16488,19/05/2018 00:00,8.512000084
16489,19/05/2018 01:00,8.512000084
16490,19/05/2018 02:00,8.230999947
16491,19/05/2018 03:00,8.512000084
16492,19/05/2018 04:00,7.809000015
16493,19/05/2018 05:00,7.737999916
16494,19/05/2018 06:00,7.737999916
16495,19/05/2018 07:00,7.948999882
16496,19/05/2018 08:00,7.879000187
16497,19/05/2018 09:00,7.105000019
16498,19/05/2018 10:00,7.597000122
16499,19/05/2018 11:00,7.456999779
16500,19/05/2018 12:00,7.809000015
16501,19/05/2018 13:00,7.879000187
16502,19/05/2018 14:00,8.020000458
16503,19/05/2018 15:00,7.668000221
16504,19/05/2018 16:00,7.456999779
16505,19/05/2018 17:00,7.034999847
16506,19/05/2018 18:00,7.175000191
16507,19/05/2018 19:00,7.034999847
16508,19/05/2018 20:00,6.894000053
16509,19/05/2018 21:00,7.386000156
16510,19/05/2018 22:00,7.315999985
16511,19/05/2018 23:00,7.105000019
16512,20/05/2018 00:00,7.105000019
16513,20/05/2018 01:00,7.105000019
16514,20/05/2018 02:00,6.964000225
16515,20/05/2018 03:00,6.752999783
16516,20/05/2018 04:00,6.823999882
16517,20/05/2018 05:00,6.823999882
16518,20/05/2018 06:00,6.752999783
16519,20/05/2018 07:00,6.823999882
16520,20/05/2018 08:00,7.105000019
16521,20/05/2018 09:00,7.245999813
16522,20/05/2018 10:00,7.386000156
16523,20/05/2018 11:00,7.175000191
16524,20/05/2018 12:00,6.964000225
16525,20/05/2018 13:00,6.823999882
16526,20/05/2018 14:00,6.683000088
16527,20/05/2018 15:00,6.330999851
16528,20/05/2018 16:00,6.541999817
16529,20/05/2018 17:00,4.361999989
16530,20/05/2018 18:00,5.55700016
16531,20/05/2018 19:00,5.627999783
16532,20/05/2018 20:00,5.979000092
16533,20/05/2018 21:00,5.697999954
16534,20/05/2018 22:00,5.90899992
16535,20/05/2018 23:00,5.768000126
16536,21/05/2018 00:00,5.697999954
16537,21/05/2018 01:00,5.416999817
16538,21/05/2018 02:00,5.768000126
16539,21/05/2018 03:00,5.627999783
16540,21/05/2018 04:00,5.697999954
16541,21/05/2018 05:00,6.050000191
16542,21/05/2018 06:00,5.90899992
16543,21/05/2018 07:00,5.979000092
16544,21/05/2018 08:00,6.050000191
16545,21/05/2018 09:00,6.472000122
16546,21/05/2018 10:00,6.40199995
16547,21/05/2018 11:00,6.40199995
16548,21/05/2018 12:00,6.752999783
16549,21/05/2018 13:00,7.105000019
16550,21/05/2018 14:00,7.175000191
16551,21/05/2018 15:00,7.315999985
16552,21/05/2018 16:00,5.627999783
16553,21/05/2018 17:00,4.43200016
16554,21/05/2018 18:00,6.472000122
16555,21/05/2018 19:00,6.472000122
16556,21/05/2018 20:00,6.894000053
16557,21/05/2018 21:00,6.612999916
16558,21/05/2018 22:00,6.894000053
16559,21/05/2018 23:00,6.683000088
16560,22/05/2018 00:00,6.964000225
16561,22/05/2018 01:00,7.315999985
16562,22/05/2018 02:00,7.456999779
16563,22/05/2018 03:00,7.879000187
16564,22/05/2018 04:00,8.300999641
16565,22/05/2018 05:00,9.00399971
16566,22/05/2018 06:00,9.145000458
16567,22/05/2018 07:00,7.456999779
16568,22/05/2018 08:00,6.823999882
16569,22/05/2018 09:00,6.683000088
16570,22/05/2018 10:00,6.40199995
16571,22/05/2018 11:00,3.727999926
16572,22/05/2018 12:00,4.150000095
16573,22/05/2018 13:00,6.541999817
16574,22/05/2018 14:00,6.964000225
16575,22/05/2018 15:00,6.261000156
16576,22/05/2018 16:00,6.119999886
16577,22/05/2018 17:00,6.894000053
16578,22/05/2018 18:00,6.261000156
16579,22/05/2018 19:00,7.034999847
16580,22/05/2018 20:00,7.52699995
16581,22/05/2018 21:00,7.737999916
16582,22/05/2018 22:00,7.809000015
16583,22/05/2018 23:00,6.752999783
16584,23/05/2018 00:00,7.105000019
16585,23/05/2018 01:00,6.612999916
16586,23/05/2018 02:00,6.823999882
16587,23/05/2018 03:00,6.472000122
16588,23/05/2018 04:00,7.597000122
16589,23/05/2018 05:00,6.894000053
16590,23/05/2018 06:00,7.668000221
16591,23/05/2018 07:00,9.215000153
16592,23/05/2018 08:00,9.848999977
16593,23/05/2018 09:00,9.00399971
16594,23/05/2018 10:00,9.286000252
16595,23/05/2018 11:00,9.567000389
16596,23/05/2018 12:00,9.215000153
16597,23/05/2018 13:00,9.215000153
16598,23/05/2018 14:00,10.48200035
16599,23/05/2018 15:00,11.95899963
16600,23/05/2018 16:00,11.67800045
16601,23/05/2018 17:00,11.67800045
16602,23/05/2018 18:00,11.46700001
16603,23/05/2018 19:00,9.918999672
16604,23/05/2018 20:00,9.496999741
16605,23/05/2018 21:00,9.425999641
16606,23/05/2018 22:00,9.286000252
16607,23/05/2018 23:00,8.793000221
16608,24/05/2018 00:00,8.442000389
16609,24/05/2018 01:00,8.722999573
16610,24/05/2018 02:00,8.37100029
16611,24/05/2018 03:00,8.300999641
16612,24/05/2018 04:00,8.230999947
16613,24/05/2018 05:00,8.159999847
16614,24/05/2018 06:00,8.512000084
16615,24/05/2018 07:00,9.145000458
16616,24/05/2018 08:00,9.286000252
16617,24/05/2018 09:00,9.637999535
16618,24/05/2018 10:00,8.86400032
16619,24/05/2018 11:00,9.567000389
16620,24/05/2018 12:00,9.496999741
16621,24/05/2018 13:00,9.074999809
16622,24/05/2018 14:00,9.777999878
16623,24/05/2018 15:00,11.18500042
16624,24/05/2018 16:00,10.76299953
16625,24/05/2018 17:00,9.918999672
16626,24/05/2018 18:00,10.3409996
16627,24/05/2018 19:00,9.918999672
16628,24/05/2018 20:00,9.918999672
16629,24/05/2018 21:00,9.425999641
16630,24/05/2018 22:00,9.355999947
16631,24/05/2018 23:00,9.215000153
16632,25/05/2018 00:00,8.722999573
16633,25/05/2018 01:00,8.512000084
16634,25/05/2018 02:00,8.652999878
16635,25/05/2018 03:00,7.737999916
16636,25/05/2018 04:00,8.512000084
16637,25/05/2018 05:00,9.00399971
16638,25/05/2018 06:00,9.145000458
16639,25/05/2018 07:00,9.425999641
16640,25/05/2018 08:00,9.145000458
16641,25/05/2018 09:00,9.777999878
16642,25/05/2018 10:00,9.918999672
16643,25/05/2018 11:00,9.425999641
16644,25/05/2018 12:00,9.215000153
16645,25/05/2018 13:00,9.215000153
16646,25/05/2018 14:00,8.86400032
16647,25/05/2018 15:00,8.652999878
16648,25/05/2018 16:00,8.512000084
16649,25/05/2018 17:00,8.86400032
16650,25/05/2018 18:00,5.979000092
16651,25/05/2018 19:00,6.823999882
16652,25/05/2018 20:00,5.768000126
16653,25/05/2018 21:00,6.261000156
16654,25/05/2018 22:00,5.697999954
16655,25/05/2018 23:00,6.261000156
16656,26/05/2018 00:00,7.52699995
16657,26/05/2018 01:00,8.090000153
16658,26/05/2018 02:00,7.456999779
16659,26/05/2018 03:00,7.52699995
16660,26/05/2018 04:00,8.230999947
16661,26/05/2018 05:00,8.512000084
16662,26/05/2018 06:00,8.512000084
16663,26/05/2018 07:00,8.37100029
16664,26/05/2018 08:00,7.597000122
16665,26/05/2018 09:00,8.442000389
16666,26/05/2018 10:00,8.159999847
16667,26/05/2018 11:00,8.300999641
16668,26/05/2018 12:00,8.722999573
16669,26/05/2018 13:00,9.425999641
16670,26/05/2018 14:00,9.215000153
16671,26/05/2018 15:00,9.355999947
16672,26/05/2018 16:00,9.425999641
16673,26/05/2018 17:00,9.074999809
16674,26/05/2018 18:00,8.86400032
16675,26/05/2018 19:00,8.934000015
16676,26/05/2018 20:00,8.37100029
16677,26/05/2018 21:00,9.425999641
16678,26/05/2018 22:00,8.86400032
16679,26/05/2018 23:00,9.00399971
16680,27/05/2018 00:00,8.37100029
16681,27/05/2018 01:00,8.86400032
16682,27/05/2018 02:00,9.425999641
16683,27/05/2018 03:00,9.215000153
16684,27/05/2018 04:00,9.425999641
16685,27/05/2018 05:00,9.355999947
16686,27/05/2018 06:00,9.918999672
16687,27/05/2018 07:00,9.777999878
16688,27/05/2018 08:00,9.286000252
16689,27/05/2018 09:00,9.567000389
16690,27/05/2018 10:00,9.567000389
16691,27/05/2018 11:00,9.215000153
16692,27/05/2018 12:00,10.13000011
16693,27/05/2018 13:00,10.76299953
16694,27/05/2018 14:00,10.62199974
16695,27/05/2018 15:00,11.5369997
16696,27/05/2018 16:00,11.60700035
16697,27/05/2018 17:00,11.32600021
16698,27/05/2018 18:00,11.46700001
16699,27/05/2018 19:00,10.48200035
16700,27/05/2018 20:00,10.13000011
16701,27/05/2018 21:00,9.918999672
16702,27/05/2018 22:00,9.848999977
16703,27/05/2018 23:00,10.19999981
16704,28/05/2018 00:00,10.06000042
16705,28/05/2018 01:00,10.13000011
16706,28/05/2018 02:00,10.13000011
16707,28/05/2018 03:00,9.918999672
16708,28/05/2018 04:00,9.708000183
16709,28/05/2018 05:00,9.918999672
16710,28/05/2018 06:00,10.19999981
16711,28/05/2018 07:00,10.97399998
16712,28/05/2018 08:00,10.48200035
16713,28/05/2018 09:00,10.41100025
16714,28/05/2018 10:00,10.27099991
16715,28/05/2018 11:00,10.69299984
16716,28/05/2018 12:00,10.55200005
16717,28/05/2018 13:00,10.69299984
16718,28/05/2018 14:00,11.32600021
16719,28/05/2018 15:00,11.95899963
16720,28/05/2018 16:00,11.5369997
16721,28/05/2018 17:00,11.46700001
16722,28/05/2018 18:00,11.25599957
16723,28/05/2018 19:00,11.11499977
16724,28/05/2018 20:00,10.76299953
16725,28/05/2018 21:00,10.69299984
16726,28/05/2018 22:00,10.76299953
16727,28/05/2018 23:00,10.55200005
16728,29/05/2018 00:00,10.62199974
16729,29/05/2018 01:00,10.48200035
16730,29/05/2018 02:00,10.48200035
16731,29/05/2018 03:00,10.69299984
16732,29/05/2018 04:00,10.83300018
16733,29/05/2018 05:00,10.69299984
16734,29/05/2018 06:00,10.76299953
16735,29/05/2018 07:00,10.69299984
16736,29/05/2018 08:00,11.67800045
16737,29/05/2018 09:00,11.74800014
16738,29/05/2018 10:00,11.81799984
16739,29/05/2018 11:00,11.88899994
16740,29/05/2018 12:00,12.02900028
16741,29/05/2018 13:00,11.81799984
16742,29/05/2018 14:00,12.38099957
16743,29/05/2018 15:00,11.60700035
16744,29/05/2018 16:00,11.32600021
16745,29/05/2018 17:00,11.60700035
16746,29/05/2018 18:00,10.90400028
16747,29/05/2018 19:00,10.76299953
16748,29/05/2018 20:00,10.3409996
16749,29/05/2018 21:00,9.637999535
16750,29/05/2018 22:00,10.41100025
16751,29/05/2018 23:00,10.13000011
16752,30/05/2018 00:00,9.918999672
16753,30/05/2018 01:00,10.13000011
16754,30/05/2018 02:00,9.777999878
16755,30/05/2018 03:00,10.19999981
16756,30/05/2018 04:00,9.777999878
16757,30/05/2018 05:00,9.145000458
16758,30/05/2018 06:00,9.98900032
16759,30/05/2018 07:00,10.55200005
16760,30/05/2018 08:00,10.90400028
16761,30/05/2018 09:00,11.46700001
16762,30/05/2018 10:00,11.5369997
16763,30/05/2018 11:00,11.60700035
16764,30/05/2018 12:00,11.67800045
16765,30/05/2018 13:00,11.5369997
16766,30/05/2018 14:00,11.67800045
16767,30/05/2018 15:00,12.02900028
16768,30/05/2018 16:00,11.32600021
16769,30/05/2018 17:00,11.25599957
16770,30/05/2018 18:00,10.55200005
16771,30/05/2018 19:00,10.62199974
16772,30/05/2018 20:00,10.97399998
16773,30/05/2018 21:00,10.3409996
16774,30/05/2018 22:00,10.13000011
16775,30/05/2018 23:00,9.918999672
16776,31/05/2018 00:00,10.41100025
16777,31/05/2018 01:00,10.41100025
16778,31/05/2018 02:00,10.41100025
16779,31/05/2018 03:00,10.41100025
16780,31/05/2018 04:00,10.41100025
16781,31/05/2018 05:00,10.41100025
16782,31/05/2018 06:00,10.41100025
16783,31/05/2018 07:00,10.41100025
16784,31/05/2018 08:00,10.41100025
16785,31/05/2018 09:00,10.41100025
16786,31/05/2018 10:00,10.41100025
16787,31/05/2018 11:00,10.41100025
16788,31/05/2018 12:00,10.41100025
16789,31/05/2018 13:00,10.41100025
16790,31/05/2018 14:00,10.41100025
16791,31/05/2018 15:00,10.41100025
16792,31/05/2018 16:00,10.41100025
16793,31/05/2018 17:00,10.41100025
16794,31/05/2018 18:00,10.41100025
16795,31/05/2018 19:00,10.41100025
16796,31/05/2018 20:00,10.41100025
16797,31/05/2018 21:00,10.41100025
16798,31/05/2018 22:00,10.41100025
16799,31/05/2018 23:00,10.41100025
16800,01/06/2018 00:00,8.512000084
16801,01/06/2018 01:00,8.512000084
16802,01/06/2018 02:00,8.230999947
16803,01/06/2018 03:00,8.300999641
16804,01/06/2018 04:00,8.37100029
16805,01/06/2018 05:00,8.230999947
16806,01/06/2018 06:00,8.581999779
16807,01/06/2018 07:00,9.425999641
16808,01/06/2018 08:00,10.83300018
16809,01/06/2018 09:00,10.48200035
16810,01/06/2018 10:00,9.777999878
16811,01/06/2018 11:00,9.848999977
16812,01/06/2018 12:00,9.918999672
16813,01/06/2018 13:00,10.41100025
16814,01/06/2018 14:00,10.90400028
16815,01/06/2018 15:00,11.67800045
16816,01/06/2018 16:00,12.02900028
16817,01/06/2018 17:00,11.88899994
16818,01/06/2018 18:00,11.32600021
16819,01/06/2018 19:00,10.90400028
16820,01/06/2018 20:00,10.83300018
16821,01/06/2018 21:00,10.48200035
16822,01/06/2018 22:00,10.41100025
16823,01/06/2018 23:00,10.27099991
16824,02/06/2018 00:00,9.98900032
16825,02/06/2018 01:00,9.567000389
16826,02/06/2018 02:00,9.215000153
16827,02/06/2018 03:00,9.215000153
16828,02/06/2018 04:00,8.512000084
16829,02/06/2018 05:00,8.934000015
16830,02/06/2018 06:00,8.934000015
16831,02/06/2018 07:00,8.652999878
16832,02/06/2018 08:00,8.722999573
16833,02/06/2018 09:00,8.722999573
16834,02/06/2018 10:00,9.215000153
16835,02/06/2018 11:00,9.637999535
16836,02/06/2018 12:00,10.48200035
16837,02/06/2018 13:00,10.19999981
16838,02/06/2018 14:00,10.3409996
16839,02/06/2018 15:00,10.19999981
16840,02/06/2018 16:00,11.11499977
16841,02/06/2018 17:00,10.48200035
16842,02/06/2018 18:00,10.06000042
16843,02/06/2018 19:00,9.567000389
16844,02/06/2018 20:00,9.425999641
16845,02/06/2018 21:00,9.567000389
16846,02/06/2018 22:00,9.848999977
16847,02/06/2018 23:00,9.637999535
16848,03/06/2018 00:00,9.286000252
16849,03/06/2018 01:00,9.496999741
16850,03/06/2018 02:00,9.496999741
16851,03/06/2018 03:00,9.637999535
16852,03/06/2018 04:00,9.567000389
16853,03/06/2018 05:00,9.848999977
16854,03/06/2018 06:00,9.567000389
16855,03/06/2018 07:00,9.355999947
16856,03/06/2018 08:00,9.425999641
16857,03/06/2018 09:00,9.637999535
16858,03/06/2018 10:00,9.918999672
16859,03/06/2018 11:00,10.62199974
16860,03/06/2018 12:00,10.69299984
16861,03/06/2018 13:00,10.97399998
16862,03/06/2018 14:00,12.23999977
16863,03/06/2018 15:00,12.6619997
16864,03/06/2018 16:00,13.43599987
16865,03/06/2018 17:00,13.08500004
16866,03/06/2018 18:00,11.67800045
16867,03/06/2018 19:00,11.04399967
16868,03/06/2018 20:00,10.55200005
16869,03/06/2018 21:00,9.567000389
16870,03/06/2018 22:00,9.425999641
16871,03/06/2018 23:00,8.722999573
16872,04/06/2018 00:00,8.442000389
16873,04/06/2018 01:00,9.215000153
16874,04/06/2018 02:00,9.425999641
16875,04/06/2018 03:00,9.637999535
16876,04/06/2018 04:00,9.708000183
16877,04/06/2018 05:00,9.425999641
16878,04/06/2018 06:00,9.567000389
16879,04/06/2018 07:00,9.777999878
16880,04/06/2018 08:00,10.76299953
16881,04/06/2018 09:00,11.18500042
16882,04/06/2018 10:00,11.18500042
16883,04/06/2018 11:00,11.18500042
16884,04/06/2018 12:00,11.81799984
16885,04/06/2018 13:00,11.67800045
16886,04/06/2018 14:00,12.23999977
16887,04/06/2018 15:00,12.38099957
16888,04/06/2018 16:00,11.60700035
16889,04/06/2018 17:00,10.76299953
16890,04/06/2018 18:00,10.06000042
16891,04/06/2018 19:00,9.637999535
16892,04/06/2018 20:00,9.708000183
16893,04/06/2018 21:00,9.848999977
16894,04/06/2018 22:00,10.27099991
16895,04/06/2018 23:00,10.13000011
16896,05/06/2018 00:00,9.918999672
16897,05/06/2018 01:00,9.637999535
16898,05/06/2018 02:00,9.425999641
16899,05/06/2018 03:00,9.708000183
16900,05/06/2018 04:00,9.918999672
16901,05/06/2018 05:00,9.848999977
16902,05/06/2018 06:00,9.848999977
16903,05/06/2018 07:00,10.06000042
16904,05/06/2018 08:00,9.918999672
16905,05/06/2018 09:00,10.13000011
16906,05/06/2018 10:00,9.848999977
16907,05/06/2018 11:00,9.918999672
16908,05/06/2018 12:00,9.777999878
16909,05/06/2018 13:00,10.13000011
16910,05/06/2018 14:00,10.76299953
16911,05/06/2018 15:00,10.90400028
16912,05/06/2018 16:00,10.97399998
16913,05/06/2018 17:00,10.83300018
16914,05/06/2018 18:00,10.27099991
16915,05/06/2018 19:00,9.567000389
16916,05/06/2018 20:00,9.286000252
16917,05/06/2018 21:00,9.215000153
16918,05/06/2018 22:00,8.934000015
16919,05/06/2018 23:00,8.934000015
16920,06/06/2018 00:00,8.581999779
16921,06/06/2018 01:00,8.581999779
16922,06/06/2018 02:00,8.581999779
16923,06/06/2018 03:00,8.512000084
16924,06/06/2018 04:00,8.37100029
16925,06/06/2018 05:00,8.159999847
16926,06/06/2018 06:00,8.512000084
16927,06/06/2018 07:00,9.496999741
16928,06/06/2018 08:00,10.19999981
16929,06/06/2018 09:00,10.27099991
16930,06/06/2018 10:00,9.98900032
16931,06/06/2018 11:00,10.13000011
16932,06/06/2018 12:00,10.06000042
16933,06/06/2018 13:00,10.55200005
16934,06/06/2018 14:00,12.02900028
16935,06/06/2018 15:00,13.15499973
16936,06/06/2018 16:00,13.29599953
16937,06/06/2018 17:00,12.94400024
16938,06/06/2018 18:00,13.22500038
16939,06/06/2018 19:00,11.39599991
16940,06/06/2018 20:00,10.90400028
16941,06/06/2018 21:00,11.04399967
16942,06/06/2018 22:00,10.55200005
16943,06/06/2018 23:00,10.27099991
16944,07/06/2018 00:00,9.777999878
16945,07/06/2018 01:00,10.13000011
16946,07/06/2018 02:00,10.13000011
16947,07/06/2018 03:00,9.848999977
16948,07/06/2018 04:00,9.98900032
16949,07/06/2018 05:00,9.918999672
16950,07/06/2018 06:00,10.13000011
16951,07/06/2018 07:00,10.48200035
16952,07/06/2018 08:00,10.69299984
16953,07/06/2018 09:00,10.83300018
16954,07/06/2018 10:00,11.11499977
16955,07/06/2018 11:00,11.5369997
16956,07/06/2018 12:00,11.95899963
16957,07/06/2018 13:00,12.02900028
16958,07/06/2018 14:00,12.80300045
16959,07/06/2018 15:00,12.7329998
16960,07/06/2018 16:00,12.6619997
16961,07/06/2018 17:00,12.6619997
16962,07/06/2018 18:00,12.02900028
16963,07/06/2018 19:00,11.67800045
16964,07/06/2018 20:00,11.39599991
16965,07/06/2018 21:00,10.83300018
16966,07/06/2018 22:00,10.83300018
16967,07/06/2018 23:00,10.3409996
16968,08/06/2018 00:00,10.48200035
16969,08/06/2018 01:00,10.41100025
16970,08/06/2018 02:00,10.13000011
16971,08/06/2018 03:00,10.06000042
16972,08/06/2018 04:00,9.98900032
16973,08/06/2018 05:00,9.708000183
16974,08/06/2018 06:00,9.425999641
16975,08/06/2018 07:00,9.777999878
16976,08/06/2018 08:00,10.13000011
16977,08/06/2018 09:00,10.19999981
16978,08/06/2018 10:00,10.06000042
16979,08/06/2018 11:00,10.3409996
16980,08/06/2018 12:00,10.13000011
16981,08/06/2018 13:00,9.918999672
16982,08/06/2018 14:00,10.19999981
16983,08/06/2018 15:00,10.3409996
16984,08/06/2018 16:00,10.13000011
16985,08/06/2018 17:00,9.918999672
16986,08/06/2018 18:00,8.934000015
16987,08/06/2018 19:00,9.00399971
16988,08/06/2018 20:00,9.355999947
16989,08/06/2018 21:00,8.86400032
16990,08/06/2018 22:00,9.074999809
16991,08/06/2018 23:00,8.722999573
16992,09/06/2018 00:00,8.86400032
16993,09/06/2018 01:00,8.86400032
16994,09/06/2018 02:00,8.300999641
16995,09/06/2018 03:00,8.020000458
16996,09/06/2018 04:00,8.020000458
16997,09/06/2018 05:00,8.159999847
16998,09/06/2018 06:00,8.159999847
16999,09/06/2018 07:00,8.159999847
17000,09/06/2018 08:00,8.512000084
17001,09/06/2018 09:00,8.442000389
17002,09/06/2018 10:00,6.823999882
17003,09/06/2018 11:00,3.025000095
17004,09/06/2018 12:00,4.150000095
17005,09/06/2018 13:00,3.938999891
17006,09/06/2018 14:00,4.78399992
17007,09/06/2018 15:00,5.768000126
17008,09/06/2018 16:00,6.683000088
17009,09/06/2018 17:00,6.894000053
17010,09/06/2018 18:00,7.034999847
17011,09/06/2018 19:00,6.40199995
17012,09/06/2018 20:00,6.330999851
17013,09/06/2018 21:00,6.050000191
17014,09/06/2018 22:00,6.894000053
17015,09/06/2018 23:00,7.245999813
17016,10/06/2018 00:00,6.261000156
17017,10/06/2018 01:00,6.823999882
17018,10/06/2018 02:00,7.315999985
17019,10/06/2018 03:00,7.668000221
17020,10/06/2018 04:00,7.737999916
17021,10/06/2018 05:00,7.456999779
17022,10/06/2018 06:00,7.668000221
17023,10/06/2018 07:00,8.020000458
17024,10/06/2018 08:00,8.300999641
17025,10/06/2018 09:00,8.159999847
17026,10/06/2018 10:00,8.090000153
17027,10/06/2018 11:00,8.090000153
17028,10/06/2018 12:00,8.37100029
17029,10/06/2018 13:00,8.934000015
17030,10/06/2018 14:00,9.425999641
17031,10/06/2018 15:00,9.567000389
17032,10/06/2018 16:00,9.98900032
17033,10/06/2018 17:00,9.286000252
17034,10/06/2018 18:00,9.286000252
17035,10/06/2018 19:00,9.145000458
17036,10/06/2018 20:00,8.442000389
17037,10/06/2018 21:00,8.722999573
17038,10/06/2018 22:00,8.442000389
17039,10/06/2018 23:00,8.230999947
17040,11/06/2018 00:00,8.300999641
17041,11/06/2018 01:00,7.879000187
17042,11/06/2018 02:00,7.809000015
17043,11/06/2018 03:00,7.809000015
17044,11/06/2018 04:00,7.948999882
17045,11/06/2018 05:00,7.948999882
17046,11/06/2018 06:00,8.159999847
17047,11/06/2018 07:00,8.512000084
17048,11/06/2018 08:00,9.074999809
17049,11/06/2018 09:00,9.074999809
17050,11/06/2018 10:00,9.00399971
17051,11/06/2018 11:00,9.074999809
17052,11/06/2018 12:00,9.567000389
17053,11/06/2018 13:00,10.19999981
17054,11/06/2018 14:00,11.04399967
17055,11/06/2018 15:00,12.02900028
17056,11/06/2018 16:00,12.17000008
17057,11/06/2018 17:00,12.31099987
17058,11/06/2018 18:00,10.55200005
17059,11/06/2018 19:00,10.90400028
17060,11/06/2018 20:00,10.27099991
17061,11/06/2018 21:00,10.27099991
17062,11/06/2018 22:00,9.777999878
17063,11/06/2018 23:00,9.848999977
17064,12/06/2018 00:00,10.06000042
17065,12/06/2018 01:00,9.777999878
17066,12/06/2018 02:00,9.496999741
17067,12/06/2018 03:00,9.848999977
17068,12/06/2018 04:00,9.708000183
17069,12/06/2018 05:00,9.496999741
17070,12/06/2018 06:00,9.567000389
17071,12/06/2018 07:00,10.3409996
17072,12/06/2018 08:00,10.41100025
17073,12/06/2018 09:00,10.62199974
17074,12/06/2018 10:00,10.27099991
17075,12/06/2018 11:00,10.3409996
17076,12/06/2018 12:00,10.83300018
17077,12/06/2018 13:00,11.5369997
17078,12/06/2018 14:00,12.10000038
17079,12/06/2018 15:00,13.57699966
17080,12/06/2018 16:00,14.27999973
17081,12/06/2018 17:00,13.50699997
17082,12/06/2018 18:00,13.9289999
17083,12/06/2018 19:00,12.02900028
17084,12/06/2018 20:00,11.67800045
17085,12/06/2018 21:00,11.04399967
17086,12/06/2018 22:00,10.90400028
17087,12/06/2018 23:00,11.18500042
17088,13/06/2018 00:00,11.18500042
17089,13/06/2018 01:00,10.76299953
17090,13/06/2018 02:00,10.90400028
17091,13/06/2018 03:00,10.83300018
17092,13/06/2018 04:00,10.83300018
17093,13/06/2018 05:00,10.62199974
17094,13/06/2018 06:00,10.97399998
17095,13/06/2018 07:00,11.46700001
17096,13/06/2018 08:00,11.81799984
17097,13/06/2018 09:00,11.18500042
17098,13/06/2018 10:00,11.18500042
17099,13/06/2018 11:00,11.5369997
17100,13/06/2018 12:00,11.32600021
17101,13/06/2018 13:00,12.31099987
17102,13/06/2018 14:00,13.29599953
17103,13/06/2018 15:00,14.14000034
17104,13/06/2018 16:00,14.35099983
17105,13/06/2018 17:00,13.64700031
17106,13/06/2018 18:00,12.59200001
17107,13/06/2018 19:00,11.67800045
17108,13/06/2018 20:00,10.90400028
17109,13/06/2018 21:00,10.69299984
17110,13/06/2018 22:00,10.55200005
17111,13/06/2018 23:00,10.55200005
17112,14/06/2018 00:00,10.90400028
17113,14/06/2018 01:00,10.90400028
17114,14/06/2018 02:00,10.69299984
17115,14/06/2018 03:00,10.97399998
17116,14/06/2018 04:00,11.11499977
17117,14/06/2018 05:00,10.83300018
17118,14/06/2018 06:00,10.97399998
17119,14/06/2018 07:00,10.90400028
17120,14/06/2018 08:00,11.11499977
17121,14/06/2018 09:00,11.11499977
17122,14/06/2018 10:00,11.18500042
17123,14/06/2018 11:00,11.25599957
17124,14/06/2018 12:00,11.18500042
17125,14/06/2018 13:00,11.81799984
17126,14/06/2018 14:00,13.29599953
17127,14/06/2018 15:00,13.57699966
17128,14/06/2018 16:00,13.22500038
17129,14/06/2018 17:00,13.08500004
17130,14/06/2018 18:00,11.46700001
17131,14/06/2018 19:00,11.32600021
17132,14/06/2018 20:00,11.32600021
17133,14/06/2018 21:00,11.18500042
17134,14/06/2018 22:00,11.32600021
17135,14/06/2018 23:00,10.62199974
17136,15/06/2018 00:00,10.19999981
17137,15/06/2018 01:00,10.19999981
17138,15/06/2018 02:00,9.848999977
17139,15/06/2018 03:00,10.13000011
17140,15/06/2018 04:00,10.97399998
17141,15/06/2018 05:00,10.19999981
17142,15/06/2018 06:00,10.83300018
17143,15/06/2018 07:00,11.11499977
17144,15/06/2018 08:00,11.5369997
17145,15/06/2018 09:00,10.55200005
17146,15/06/2018 10:00,10.48200035
17147,15/06/2018 11:00,10.3409996
17148,15/06/2018 12:00,10.90400028
17149,15/06/2018 13:00,11.11499977
17150,15/06/2018 14:00,11.25599957
17151,15/06/2018 15:00,11.81799984
17152,15/06/2018 16:00,12.38099957
17153,15/06/2018 17:00,11.95899963
17154,15/06/2018 18:00,11.74800014
17155,15/06/2018 19:00,10.48200035
17156,15/06/2018 20:00,9.848999977
17157,15/06/2018 21:00,9.425999641
17158,15/06/2018 22:00,9.496999741
17159,15/06/2018 23:00,9.425999641
17160,16/06/2018 00:00,9.215000153
17161,16/06/2018 01:00,9.286000252
17162,16/06/2018 02:00,9.00399971
17163,16/06/2018 03:00,8.86400032
17164,16/06/2018 04:00,8.512000084
17165,16/06/2018 05:00,8.512000084
17166,16/06/2018 06:00,8.581999779
17167,16/06/2018 07:00,8.793000221
17168,16/06/2018 08:00,9.425999641
17169,16/06/2018 09:00,8.722999573
17170,16/06/2018 10:00,9.145000458
17171,16/06/2018 11:00,9.00399971
17172,16/06/2018 12:00,9.215000153
17173,16/06/2018 13:00,9.425999641
17174,16/06/2018 14:00,10.13000011
17175,16/06/2018 15:00,10.76299953
17176,16/06/2018 16:00,10.55200005
17177,16/06/2018 17:00,9.918999672
17178,16/06/2018 18:00,9.355999947
17179,16/06/2018 19:00,9.215000153
17180,16/06/2018 20:00,9.215000153
17181,16/06/2018 21:00,8.442000389
17182,16/06/2018 22:00,8.512000084
17183,16/06/2018 23:00,8.300999641
17184,17/06/2018 00:00,8.159999847
17185,17/06/2018 01:00,8.512000084
17186,17/06/2018 02:00,8.020000458
17187,17/06/2018 03:00,8.020000458
17188,17/06/2018 04:00,8.020000458
17189,17/06/2018 05:00,7.948999882
17190,17/06/2018 06:00,7.668000221
17191,17/06/2018 07:00,7.948999882
17192,17/06/2018 08:00,8.230999947
17193,17/06/2018 09:00,8.37100029
17194,17/06/2018 10:00,8.442000389
17195,17/06/2018 11:00,8.652999878
17196,17/06/2018 12:00,9.286000252
17197,17/06/2018 13:00,10.27099991
17198,17/06/2018 14:00,11.32600021
17199,17/06/2018 15:00,12.45100021
17200,17/06/2018 16:00,12.38099957
17201,17/06/2018 17:00,11.5369997
17202,17/06/2018 18:00,11.32600021
17203,17/06/2018 19:00,10.83300018
17204,17/06/2018 20:00,10.27099991
17205,17/06/2018 21:00,10.19999981
17206,17/06/2018 22:00,9.637999535
17207,17/06/2018 23:00,9.567000389
17208,18/06/2018 00:00,9.286000252
17209,18/06/2018 01:00,9.215000153
17210,18/06/2018 02:00,9.215000153
17211,18/06/2018 03:00,8.86400032
17212,18/06/2018 04:00,9.074999809
17213,18/06/2018 05:00,9.00399971
17214,18/06/2018 06:00,9.215000153
17215,18/06/2018 07:00,9.286000252
17216,18/06/2018 08:00,9.145000458
17217,18/06/2018 09:00,9.777999878
17218,18/06/2018 10:00,9.98900032
17219,18/06/2018 11:00,10.06000042
17220,18/06/2018 12:00,10.83300018
17221,18/06/2018 13:00,11.18500042
17222,18/06/2018 14:00,11.95899963
17223,18/06/2018 15:00,13.08500004
17224,18/06/2018 16:00,11.95899963
17225,18/06/2018 17:00,12.02900028
17226,18/06/2018 18:00,12.02900028
17227,18/06/2018 19:00,11.81799984
17228,18/06/2018 20:00,10.62199974
17229,18/06/2018 21:00,10.19999981
17230,18/06/2018 22:00,10.13000011
17231,18/06/2018 23:00,10.27099991
17232,19/06/2018 00:00,9.777999878
17233,19/06/2018 01:00,9.215000153
17234,19/06/2018 02:00,9.215000153
17235,19/06/2018 03:00,9.074999809
17236,19/06/2018 04:00,9.00399971
17237,19/06/2018 05:00,9.145000458
17238,19/06/2018 06:00,9.637999535
17239,19/06/2018 07:00,9.496999741
17240,19/06/2018 08:00,9.074999809
17241,19/06/2018 09:00,9.355999947
17242,19/06/2018 10:00,9.777999878
17243,19/06/2018 11:00,9.848999977
17244,19/06/2018 12:00,10.13000011
17245,19/06/2018 13:00,9.777999878
17246,19/06/2018 14:00,5.55700016
17247,19/06/2018 15:00,5.627999783
17248,19/06/2018 16:00,4.643000126
17249,19/06/2018 17:00,5.276000023
17250,19/06/2018 18:00,6.683000088
17251,19/06/2018 19:00,6.752999783
17252,19/06/2018 20:00,7.105000019
17253,19/06/2018 21:00,4.572999954
17254,19/06/2018 22:00,5.135000229
17255,19/06/2018 23:00,5.90899992
17256,20/06/2018 00:00,6.541999817
17257,20/06/2018 01:00,7.315999985
17258,20/06/2018 02:00,6.964000225
17259,20/06/2018 03:00,7.105000019
17260,20/06/2018 04:00,7.105000019
17261,20/06/2018 05:00,7.105000019
17262,20/06/2018 06:00,7.315999985
17263,20/06/2018 07:00,7.456999779
17264,20/06/2018 08:00,7.105000019
17265,20/06/2018 09:00,7.456999779
17266,20/06/2018 10:00,8.090000153
17267,20/06/2018 11:00,8.090000153
17268,20/06/2018 12:00,8.512000084
17269,20/06/2018 13:00,8.37100029
17270,20/06/2018 14:00,8.934000015
17271,20/06/2018 15:00,8.722999573
17272,20/06/2018 16:00,8.86400032
17273,20/06/2018 17:00,9.286000252
17274,20/06/2018 18:00,9.145000458
17275,20/06/2018 19:00,9.286000252
17276,20/06/2018 20:00,9.215000153
17277,20/06/2018 21:00,8.652999878
17278,20/06/2018 22:00,8.722999573
17279,20/06/2018 23:00,9.00399971
17280,21/06/2018 00:00,9.00399971
17281,21/06/2018 01:00,8.934000015
17282,21/06/2018 02:00,8.581999779
17283,21/06/2018 03:00,8.37100029
17284,21/06/2018 04:00,8.512000084
17285,21/06/2018 05:00,8.512000084
17286,21/06/2018 06:00,8.86400032
17287,21/06/2018 07:00,8.300999641
17288,21/06/2018 08:00,8.86400032
17289,21/06/2018 09:00,8.512000084
17290,21/06/2018 10:00,8.37100029
17291,21/06/2018 11:00,8.512000084
17292,21/06/2018 12:00,8.442000389
17293,21/06/2018 13:00,8.86400032
17294,21/06/2018 14:00,9.567000389
17295,21/06/2018 15:00,9.918999672
17296,21/06/2018 16:00,10.06000042
17297,21/06/2018 17:00,9.848999977
17298,21/06/2018 18:00,9.637999535
17299,21/06/2018 19:00,9.00399971
17300,21/06/2018 20:00,8.652999878
17301,21/06/2018 21:00,8.37100029
17302,21/06/2018 22:00,8.159999847
17303,21/06/2018 23:00,8.090000153
17304,22/06/2018 00:00,8.230999947
17305,22/06/2018 01:00,8.37100029
17306,22/06/2018 02:00,8.159999847
17307,22/06/2018 03:00,8.020000458
17308,22/06/2018 04:00,7.809000015
17309,22/06/2018 05:00,7.668000221
17310,22/06/2018 06:00,5.627999783
17311,22/06/2018 07:00,7.034999847
17312,22/06/2018 08:00,4.854000092
17313,22/06/2018 09:00,6.683000088
17314,22/06/2018 10:00,6.40199995
17315,22/06/2018 11:00,6.752999783
17316,22/06/2018 12:00,3.657999992
17317,22/06/2018 13:00,3.657999992
17318,22/06/2018 14:00,4.150000095
17319,22/06/2018 15:00,4.643000126
